<?xml version="1.0" encoding="UTF-8"?>
<kml xmlns="http://www.opengis.net/kml/2.2" xmlns:gx="http://www.google.com/kml/ext/2.2" xmlns:kml="http://www.opengis.net/kml/2.2" xmlns:atom="http://www.w3.org/2005/Atom">
<Document>
	<name>GORDON BENNETT</name>
	<StyleMap id="msn_mg">
		<Pair>
			<key>normal</key>
			<styleUrl>#sn_mg</styleUrl>
		</Pair>
		<Pair>
			<key>highlight</key>
			<styleUrl>#sh_mg</styleUrl>
		</Pair>
	</StyleMap>
	<StyleMap id="msn_open-diamond">
		<Pair>
			<key>normal</key>
			<styleUrl>#sn_open-diamond</styleUrl>
		</Pair>
		<Pair>
			<key>highlight</key>
			<styleUrl>#sh_open-diamond</styleUrl>
		</Pair>
	</StyleMap>
	<StyleMap id="msn_ylw-pushpin">
		<Pair>
			<key>normal</key>
			<styleUrl>#sn_ylw-pushpin</styleUrl>
		</Pair>
		<Pair>
			<key>highlight</key>
			<styleUrl>#sh_ylw-pushpin</styleUrl>
		</Pair>
	</StyleMap>
	<StyleMap id="msn_ylw-pushpin0">
		<Pair>
			<key>normal</key>
			<styleUrl>#sn_ylw-pushpin0</styleUrl>
		</Pair>
		<Pair>
			<key>highlight</key>
			<styleUrl>#sh_ylw-pushpin0</styleUrl>
		</Pair>
	</StyleMap>
	<Style id="sh_mg">
		<IconStyle>
			<scale>1.5</scale>
			<Icon>
				<href>https://follow.iritrack.com/gordon/mg2.png</href>
			</Icon>
		</IconStyle>
		<LabelStyle>
			<scale>1.2</scale>		
			<color>ff00ffff</color>
		</LabelStyle>
		<BalloonStyle>
		</BalloonStyle>
		<ListStyle>
		</ListStyle>
	</Style>
	<Style id="sh_open-diamond">
		<IconStyle>
			<scale>1.4</scale>
			<Icon>
				<href>https://maps.google.com/mapfiles/kml/shapes/open-diamond.png</href>
			</Icon>
		</IconStyle>
		<LabelStyle>
			<scale>0.8</scale>
			<color>ffFFffff</color>
		</LabelStyle>
		<BalloonStyle>
		</BalloonStyle>
		<ListStyle>
		</ListStyle>
	</Style>
	<Style id="sh_ylw-pushpin">
		<IconStyle>
			<scale>1.3</scale>
			<Icon>
				<href>https://maps.google.com/mapfiles/kml/pushpin/ylw-pushpin.png</href>
			</Icon>
			<hotSpot x="20" y="2" xunits="pixels" yunits="pixels"/>
		</IconStyle>
		<BalloonStyle>
		</BalloonStyle>
		<LineStyle>
			<width>2</width>
		</LineStyle>
		<PolyStyle>
			<fill>0</fill>
		</PolyStyle>
	</Style>
	<Style id="sh_ylw-pushpin0">
		<IconStyle>
			<scale>1.3</scale>
			<Icon>
				<href>https://maps.google.com/mapfiles/kml/pushpin/ylw-pushpin.png</href>
			</Icon>
			<hotSpot x="20" y="2" xunits="pixels" yunits="pixels"/>
		</IconStyle>
		<BalloonStyle>
		</BalloonStyle>
		<LineStyle>
			<width>2</width>
		</LineStyle>
	</Style>
	<Style id="sn_mg">
		<IconStyle>
			<scale>1.5</scale>
			<Icon>
				<href>https://follow.iritrack.com/gordon/mg2.png</href>
			</Icon>
		</IconStyle>
		<LabelStyle>
			<scale>1.2</scale>
			<color>ff00ffff</color>
		</LabelStyle>
		<BalloonStyle>
		</BalloonStyle>
		<ListStyle>
		</ListStyle>
	</Style>
	<Style id="sn_open-diamond">
		<IconStyle>
			<scale>1.2</scale>
			<Icon>
				<href>https://maps.google.com/mapfiles/kml/shapes/open-diamond.png</href>
			</Icon>
		</IconStyle>
		<LabelStyle>
			<scale>0.8</scale>
			<color>ffffffff</color>
		</LabelStyle>
		<BalloonStyle>
		</BalloonStyle>
		<ListStyle>
		</ListStyle>
	</Style>
	<Style id="sn_ylw-pushpin">
		<IconStyle>
			<scale>1.1</scale>
			<Icon>
				<href>https://maps.google.com/mapfiles/kml/pushpin/ylw-pushpin.png</href>
			</Icon>
			<hotSpot x="20" y="2" xunits="pixels" yunits="pixels"/>
		</IconStyle>
		<BalloonStyle>
		</BalloonStyle>
		<LineStyle>
			<width>2</width>
		</LineStyle>
		<PolyStyle>
			<fill>0</fill>
		</PolyStyle>
	</Style>
	<Style id="sn_ylw-pushpin0">
		<IconStyle>
			<scale>1.1</scale>
			<Icon>
				<href>https://maps.google.com/mapfiles/kml/pushpin/ylw-pushpin.png</href>
			</Icon>
			<hotSpot x="20" y="2" xunits="pixels" yunits="pixels"/>
		</IconStyle>
		<BalloonStyle>
		</BalloonStyle>
		<LineStyle>
			<width>2</width>
		</LineStyle>
	</Style>
	<Folder>
		<name>BALLOON</name>
		<open>1</open>
<Placemark>
			<name>0.0kn - 4° - 29m - 14:32:04 30/09 UTC</name>
			<LookAt>
				<longitude>2.416395</longitude>
				<latitude>48.775383</latitude>
				<altitude>0</altitude>
				<heading>16.7314597235331</heading>
				<tilt>60.05751520201311</tilt>
				<range>1124.745755217196</range>
				<gx:altitudeMode>absolute</gx:altitudeMode>
			</LookAt>			
			<styleUrl>#msn_mg</styleUrl>
			<Point>
				<extrude>1</extrude>
				<altitudeMode>absolute</altitudeMode>
				<gx:drawOrder>1</gx:drawOrder>
				<coordinates>2.416395,48.775383,29 </coordinates>
			</Point>
		</Placemark>
		<Folder>
			<name>TRACK</name>
			<open>1</open>
<Placemark>
			<name>0.0kn - 270° - 59m - 12:01:00 17/09 UTC</name>
			<styleUrl>#msn_open-diamond</styleUrl>
			<Point>
				<extrude>1</extrude>
				<altitudeMode>absolute</altitudeMode>
				<gx:drawOrder>1</gx:drawOrder>
				<coordinates>-8.676652,37.147358,59 </coordinates>
			</Point>
		</Placemark><Placemark>
			<name>0.0kn - 270° - 59m - 12:00:00 17/09 UTC</name>
			<styleUrl>#msn_open-diamond</styleUrl>
			<Point>
				<extrude>1</extrude>
				<altitudeMode>absolute</altitudeMode>
				<gx:drawOrder>1</gx:drawOrder>
				<coordinates>-8.676652,37.147358,59 </coordinates>
			</Point>
		</Placemark><Placemark>
			<name>0.5kn - 235° - 59m - 11:59:08 17/09 UTC</name>
			<styleUrl>#msn_open-diamond</styleUrl>
			<Point>
				<extrude>1</extrude>
				<altitudeMode>absolute</altitudeMode>
				<gx:drawOrder>1</gx:drawOrder>
				<coordinates>-8.67658,37.147411,59 </coordinates>
			</Point>
		</Placemark><Placemark>
			<name>0.5kn - 192° - 57m - 11:58:10 17/09 UTC</name>
			<styleUrl>#msn_open-diamond</styleUrl>
			<Point>
				<extrude>1</extrude>
				<altitudeMode>absolute</altitudeMode>
				<gx:drawOrder>1</gx:drawOrder>
				<coordinates>-8.676615,37.147411,57 </coordinates>
			</Point>
		</Placemark><Placemark>
			<name>0.0kn - 181° - 51m - 11:57:10 17/09 UTC</name>
			<styleUrl>#msn_open-diamond</styleUrl>
			<Point>
				<extrude>1</extrude>
				<altitudeMode>absolute</altitudeMode>
				<gx:drawOrder>1</gx:drawOrder>
				<coordinates>-8.676655,37.147381,51 </coordinates>
			</Point>
		</Placemark><Placemark>
			<name>1.6kn - 191° - 57m - 11:56:09 17/09 UTC</name>
			<styleUrl>#msn_open-diamond</styleUrl>
			<Point>
				<extrude>1</extrude>
				<altitudeMode>absolute</altitudeMode>
				<gx:drawOrder>1</gx:drawOrder>
				<coordinates>-8.676677,37.147419,57 </coordinates>
			</Point>
		</Placemark><Placemark>
			<name>1.1kn - 153° - 53m - 11:55:08 17/09 UTC</name>
			<styleUrl>#msn_open-diamond</styleUrl>
			<Point>
				<extrude>1</extrude>
				<altitudeMode>absolute</altitudeMode>
				<gx:drawOrder>1</gx:drawOrder>
				<coordinates>-8.676688,37.147335,53 </coordinates>
			</Point>
		</Placemark><Placemark>
			<name>0.0kn - 342° - 57m - 11:54:00 17/09 UTC</name>
			<styleUrl>#msn_open-diamond</styleUrl>
			<Point>
				<extrude>1</extrude>
				<altitudeMode>absolute</altitudeMode>
				<gx:drawOrder>1</gx:drawOrder>
				<coordinates>-8.676697,37.147404,57 </coordinates>
			</Point>
		</Placemark><Placemark>
			<name>0.0kn - 194° - 60m - 11:53:00 17/09 UTC</name>
			<styleUrl>#msn_open-diamond</styleUrl>
			<Point>
				<extrude>1</extrude>
				<altitudeMode>absolute</altitudeMode>
				<gx:drawOrder>1</gx:drawOrder>
				<coordinates>-8.676637,37.14745,60 </coordinates>
			</Point>
		</Placemark><Placemark>
			<name>0.0kn - 107° - 69m - 11:51:00 17/09 UTC</name>
			<styleUrl>#msn_open-diamond</styleUrl>
			<Point>
				<extrude>1</extrude>
				<altitudeMode>absolute</altitudeMode>
				<gx:drawOrder>1</gx:drawOrder>
				<coordinates>-8.676685,37.147499,69 </coordinates>
			</Point>
		</Placemark><Placemark>
			<name>0.0kn - 107° - 69m - 11:50:00 17/09 UTC</name>
			<styleUrl>#msn_open-diamond</styleUrl>
			<Point>
				<extrude>1</extrude>
				<altitudeMode>absolute</altitudeMode>
				<gx:drawOrder>1</gx:drawOrder>
				<coordinates>-8.676685,37.147499,69 </coordinates>
			</Point>
		</Placemark><Placemark>
			<name>0.0kn - 65° - 69m - 11:49:07 17/09 UTC</name>
			<styleUrl>#msn_open-diamond</styleUrl>
			<Point>
				<extrude>1</extrude>
				<altitudeMode>absolute</altitudeMode>
				<gx:drawOrder>1</gx:drawOrder>
				<coordinates>-8.676737,37.147438,69 </coordinates>
			</Point>
		</Placemark><Placemark>
			<name>0.5kn - 123° - 72m - 11:48:09 17/09 UTC</name>
			<styleUrl>#msn_open-diamond</styleUrl>
			<Point>
				<extrude>1</extrude>
				<altitudeMode>absolute</altitudeMode>
				<gx:drawOrder>1</gx:drawOrder>
				<coordinates>-8.676548,37.14756,72 </coordinates>
			</Point>
		</Placemark><Placemark>
			<name>0.0kn - 340° - 78m - 11:47:00 17/09 UTC</name>
			<styleUrl>#msn_open-diamond</styleUrl>
			<Point>
				<extrude>1</extrude>
				<altitudeMode>absolute</altitudeMode>
				<gx:drawOrder>1</gx:drawOrder>
				<coordinates>-8.676683,37.147472,78 </coordinates>
			</Point>
		</Placemark><Placemark>
			<name>0.0kn - 340° - 78m - 11:46:00 17/09 UTC</name>
			<styleUrl>#msn_open-diamond</styleUrl>
			<Point>
				<extrude>1</extrude>
				<altitudeMode>absolute</altitudeMode>
				<gx:drawOrder>1</gx:drawOrder>
				<coordinates>-8.676683,37.147472,78 </coordinates>
			</Point>
		</Placemark><Placemark>
			<name>0.0kn - 217° - 79m - 11:45:10 17/09 UTC</name>
			<styleUrl>#msn_open-diamond</styleUrl>
			<Point>
				<extrude>1</extrude>
				<altitudeMode>absolute</altitudeMode>
				<gx:drawOrder>1</gx:drawOrder>
				<coordinates>-8.676663,37.14748,79 </coordinates>
			</Point>
		</Placemark><Placemark>
			<name>0.0kn - 86° - 83m - 11:44:11 17/09 UTC</name>
			<styleUrl>#msn_open-diamond</styleUrl>
			<Point>
				<extrude>1</extrude>
				<altitudeMode>absolute</altitudeMode>
				<gx:drawOrder>1</gx:drawOrder>
				<coordinates>-8.676712,37.147469,83 </coordinates>
			</Point>
		</Placemark><Placemark>
			<name>0.0kn - 94° - 80m - 11:43:11 17/09 UTC</name>
			<styleUrl>#msn_open-diamond</styleUrl>
			<Point>
				<extrude>1</extrude>
				<altitudeMode>absolute</altitudeMode>
				<gx:drawOrder>1</gx:drawOrder>
				<coordinates>-8.676728,37.147442,80 </coordinates>
			</Point>
		</Placemark><Placemark>
			<name>0.5kn - 75° - 77m - 11:42:10 17/09 UTC</name>
			<styleUrl>#msn_open-diamond</styleUrl>
			<Point>
				<extrude>1</extrude>
				<altitudeMode>absolute</altitudeMode>
				<gx:drawOrder>1</gx:drawOrder>
				<coordinates>-8.676724,37.147453,77 </coordinates>
			</Point>
		</Placemark><Placemark>
			<name>0.0kn - 71° - 72m - 11:41:10 17/09 UTC</name>
			<styleUrl>#msn_open-diamond</styleUrl>
			<Point>
				<extrude>1</extrude>
				<altitudeMode>absolute</altitudeMode>
				<gx:drawOrder>1</gx:drawOrder>
				<coordinates>-8.676708,37.14743,72 </coordinates>
			</Point>
		</Placemark><Placemark>
			<name>0.0kn - 157° - 68m - 11:40:06 17/09 UTC</name>
			<styleUrl>#msn_open-diamond</styleUrl>
			<Point>
				<extrude>1</extrude>
				<altitudeMode>absolute</altitudeMode>
				<gx:drawOrder>1</gx:drawOrder>
				<coordinates>-8.676697,37.14743,68 </coordinates>
			</Point>
		</Placemark><Placemark>
			<name>0.0kn - 277° - 69m - 11:39:17 17/09 UTC</name>
			<styleUrl>#msn_open-diamond</styleUrl>
			<Point>
				<extrude>1</extrude>
				<altitudeMode>absolute</altitudeMode>
				<gx:drawOrder>1</gx:drawOrder>
				<coordinates>-8.676688,37.147427,69 </coordinates>
			</Point>
		</Placemark><Placemark>
			<name>0.0kn - 70° - 68m - 11:38:08 17/09 UTC</name>
			<styleUrl>#msn_open-diamond</styleUrl>
			<Point>
				<extrude>1</extrude>
				<altitudeMode>absolute</altitudeMode>
				<gx:drawOrder>1</gx:drawOrder>
				<coordinates>-8.676697,37.147434,68 </coordinates>
			</Point>
		</Placemark><Placemark>
			<name>0.0kn - 69° - 66m - 11:36:09 17/09 UTC</name>
			<styleUrl>#msn_open-diamond</styleUrl>
			<Point>
				<extrude>1</extrude>
				<altitudeMode>absolute</altitudeMode>
				<gx:drawOrder>1</gx:drawOrder>
				<coordinates>-8.676659,37.147453,66 </coordinates>
			</Point>
		</Placemark><Placemark>
			<name>0.0kn - 35° - 66m - 11:35:09 17/09 UTC</name>
			<styleUrl>#msn_open-diamond</styleUrl>
			<Point>
				<extrude>1</extrude>
				<altitudeMode>absolute</altitudeMode>
				<gx:drawOrder>1</gx:drawOrder>
				<coordinates>-8.676668,37.147461,66 </coordinates>
			</Point>
		</Placemark><Placemark>
			<name>0.0kn - 64° - 70m - 11:34:09 17/09 UTC</name>
			<styleUrl>#msn_open-diamond</styleUrl>
			<Point>
				<extrude>1</extrude>
				<altitudeMode>absolute</altitudeMode>
				<gx:drawOrder>1</gx:drawOrder>
				<coordinates>-8.676685,37.147453,70 </coordinates>
			</Point>
		</Placemark><Placemark>
			<name>0.0kn - 76° - 67m - 11:33:09 17/09 UTC</name>
			<styleUrl>#msn_open-diamond</styleUrl>
			<Point>
				<extrude>1</extrude>
				<altitudeMode>absolute</altitudeMode>
				<gx:drawOrder>1</gx:drawOrder>
				<coordinates>-8.676677,37.147476,67 </coordinates>
			</Point>
		</Placemark><Placemark>
			<name>0.0kn - 136° - 66m - 11:32:09 17/09 UTC</name>
			<styleUrl>#msn_open-diamond</styleUrl>
			<Point>
				<extrude>1</extrude>
				<altitudeMode>absolute</altitudeMode>
				<gx:drawOrder>1</gx:drawOrder>
				<coordinates>-8.676679,37.147453,66 </coordinates>
			</Point>
		</Placemark><Placemark>
			<name>0.0kn - 175° - 61m - 11:31:09 17/09 UTC</name>
			<styleUrl>#msn_open-diamond</styleUrl>
			<Point>
				<extrude>1</extrude>
				<altitudeMode>absolute</altitudeMode>
				<gx:drawOrder>1</gx:drawOrder>
				<coordinates>-8.67668,37.147457,61 </coordinates>
			</Point>
		</Placemark><Placemark>
			<name>0.0kn - 69° - 60m - 11:30:07 17/09 UTC</name>
			<styleUrl>#msn_open-diamond</styleUrl>
			<Point>
				<extrude>1</extrude>
				<altitudeMode>absolute</altitudeMode>
				<gx:drawOrder>1</gx:drawOrder>
				<coordinates>-8.676657,37.147461,60 </coordinates>
			</Point>
		</Placemark><Placemark>
			<name>0.0kn - 6° - 68m - 11:29:00 17/09 UTC</name>
			<styleUrl>#msn_open-diamond</styleUrl>
			<Point>
				<extrude>1</extrude>
				<altitudeMode>absolute</altitudeMode>
				<gx:drawOrder>1</gx:drawOrder>
				<coordinates>-8.67668,37.147442,68 </coordinates>
			</Point>
		</Placemark><Placemark>
			<name>0.0kn - 6° - 68m - 11:28:00 17/09 UTC</name>
			<styleUrl>#msn_open-diamond</styleUrl>
			<Point>
				<extrude>1</extrude>
				<altitudeMode>absolute</altitudeMode>
				<gx:drawOrder>1</gx:drawOrder>
				<coordinates>-8.67668,37.147442,68 </coordinates>
			</Point>
		</Placemark><Placemark>
			<name>0.0kn - 23° - 69m - 11:27:09 17/09 UTC</name>
			<styleUrl>#msn_open-diamond</styleUrl>
			<Point>
				<extrude>1</extrude>
				<altitudeMode>absolute</altitudeMode>
				<gx:drawOrder>1</gx:drawOrder>
				<coordinates>-8.676663,37.147469,69 </coordinates>
			</Point>
		</Placemark><Placemark>
			<name>0.0kn - 327° - 67m - 11:26:09 17/09 UTC</name>
			<styleUrl>#msn_open-diamond</styleUrl>
			<Point>
				<extrude>1</extrude>
				<altitudeMode>absolute</altitudeMode>
				<gx:drawOrder>1</gx:drawOrder>
				<coordinates>-8.676688,37.147434,67 </coordinates>
			</Point>
		</Placemark><Placemark>
			<name>0.0kn - 182° - 68m - 11:25:08 17/09 UTC</name>
			<styleUrl>#msn_open-diamond</styleUrl>
			<Point>
				<extrude>1</extrude>
				<altitudeMode>absolute</altitudeMode>
				<gx:drawOrder>1</gx:drawOrder>
				<coordinates>-8.676659,37.147453,68 </coordinates>
			</Point>
		</Placemark><Placemark>
			<name>0.0kn - 116° - 67m - 11:24:09 17/09 UTC</name>
			<styleUrl>#msn_open-diamond</styleUrl>
			<Point>
				<extrude>1</extrude>
				<altitudeMode>absolute</altitudeMode>
				<gx:drawOrder>1</gx:drawOrder>
				<coordinates>-8.67668,37.147434,67 </coordinates>
			</Point>
		</Placemark><Placemark>
			<name>0.0kn - 28° - 63m - 11:23:06 17/09 UTC</name>
			<styleUrl>#msn_open-diamond</styleUrl>
			<Point>
				<extrude>1</extrude>
				<altitudeMode>absolute</altitudeMode>
				<gx:drawOrder>1</gx:drawOrder>
				<coordinates>-8.676708,37.147469,63 </coordinates>
			</Point>
		</Placemark><Placemark>
			<name>0.0kn - 199° - 57m - 11:22:00 17/09 UTC</name>
			<styleUrl>#msn_open-diamond</styleUrl>
			<Point>
				<extrude>1</extrude>
				<altitudeMode>absolute</altitudeMode>
				<gx:drawOrder>1</gx:drawOrder>
				<coordinates>-8.676659,37.147484,57 </coordinates>
			</Point>
		</Placemark><Placemark>
			<name>0.0kn - 199° - 57m - 11:21:00 17/09 UTC</name>
			<styleUrl>#msn_open-diamond</styleUrl>
			<Point>
				<extrude>1</extrude>
				<altitudeMode>absolute</altitudeMode>
				<gx:drawOrder>1</gx:drawOrder>
				<coordinates>-8.676659,37.147484,57 </coordinates>
			</Point>
		</Placemark><Placemark>
			<name>0.0kn - 134° - 56m - 11:20:08 17/09 UTC</name>
			<styleUrl>#msn_open-diamond</styleUrl>
			<Point>
				<extrude>1</extrude>
				<altitudeMode>absolute</altitudeMode>
				<gx:drawOrder>1</gx:drawOrder>
				<coordinates>-8.6767,37.147442,56 </coordinates>
			</Point>
		</Placemark><Placemark>
			<name>0.0kn - 87° - 57m - 11:18:07 17/09 UTC</name>
			<styleUrl>#msn_open-diamond</styleUrl>
			<Point>
				<extrude>1</extrude>
				<altitudeMode>absolute</altitudeMode>
				<gx:drawOrder>1</gx:drawOrder>
				<coordinates>-8.676657,37.147453,57 </coordinates>
			</Point>
		</Placemark><Placemark>
			<name>0.0kn - 322° - 58m - 11:17:01 17/09 UTC</name>
			<styleUrl>#msn_open-diamond</styleUrl>
			<Point>
				<extrude>1</extrude>
				<altitudeMode>absolute</altitudeMode>
				<gx:drawOrder>1</gx:drawOrder>
				<coordinates>-8.676655,37.147476,58 </coordinates>
			</Point>
		</Placemark><Placemark>
			<name>0.0kn - 322° - 58m - 11:16:01 17/09 UTC</name>
			<styleUrl>#msn_open-diamond</styleUrl>
			<Point>
				<extrude>1</extrude>
				<altitudeMode>absolute</altitudeMode>
				<gx:drawOrder>1</gx:drawOrder>
				<coordinates>-8.676655,37.147476,58 </coordinates>
			</Point>
		</Placemark><Placemark>
			<name>7.6kn - 293° - 119m - 11:15:01 17/09 UTC</name>
			<styleUrl>#msn_open-diamond</styleUrl>
			<Point>
				<extrude>1</extrude>
				<altitudeMode>absolute</altitudeMode>
				<gx:drawOrder>1</gx:drawOrder>
				<coordinates>-8.675397,37.146549,119 </coordinates>
			</Point>
		</Placemark><Placemark>
			<name>7.0kn - 298° - 171m - 11:14:01 17/09 UTC</name>
			<styleUrl>#msn_open-diamond</styleUrl>
			<Point>
				<extrude>1</extrude>
				<altitudeMode>absolute</altitudeMode>
				<gx:drawOrder>1</gx:drawOrder>
				<coordinates>-8.672882,37.145542,171 </coordinates>
			</Point>
		</Placemark><Placemark>
			<name>7.6kn - 313° - 250m - 11:13:01 17/09 UTC</name>
			<styleUrl>#msn_open-diamond</styleUrl>
			<Point>
				<extrude>1</extrude>
				<altitudeMode>absolute</altitudeMode>
				<gx:drawOrder>1</gx:drawOrder>
				<coordinates>-8.670947,37.14439,250 </coordinates>
			</Point>
		</Placemark><Placemark>
			<name>3.8kn - 288° - 377m - 11:12:01 17/09 UTC</name>
			<styleUrl>#msn_open-diamond</styleUrl>
			<Point>
				<extrude>1</extrude>
				<altitudeMode>absolute</altitudeMode>
				<gx:drawOrder>1</gx:drawOrder>
				<coordinates>-8.669039,37.1437,377 </coordinates>
			</Point>
		</Placemark><Placemark>
			<name>3.8kn - 240° - 460m - 11:11:01 17/09 UTC</name>
			<styleUrl>#msn_open-diamond</styleUrl>
			<Point>
				<extrude>1</extrude>
				<altitudeMode>absolute</altitudeMode>
				<gx:drawOrder>1</gx:drawOrder>
				<coordinates>-8.667372,37.143559,460 </coordinates>
			</Point>
		</Placemark><Placemark>
			<name>0.5kn - 164° - 544m - 11:10:01 17/09 UTC</name>
			<styleUrl>#msn_open-diamond</styleUrl>
			<Point>
				<extrude>1</extrude>
				<altitudeMode>absolute</altitudeMode>
				<gx:drawOrder>1</gx:drawOrder>
				<coordinates>-8.666893,37.143833,544 </coordinates>
			</Point>
		</Placemark><Placemark>
			<name>5.4kn - 150° - 639m - 11:09:01 17/09 UTC</name>
			<styleUrl>#msn_open-diamond</styleUrl>
			<Point>
				<extrude>1</extrude>
				<altitudeMode>absolute</altitudeMode>
				<gx:drawOrder>1</gx:drawOrder>
				<coordinates>-8.667045,37.144432,639 </coordinates>
			</Point>
		</Placemark><Placemark>
			<name>3.8kn - 178° - 743m - 11:08:01 17/09 UTC</name>
			<styleUrl>#msn_open-diamond</styleUrl>
			<Point>
				<extrude>1</extrude>
				<altitudeMode>absolute</altitudeMode>
				<gx:drawOrder>1</gx:drawOrder>
				<coordinates>-8.667762,37.145588,743 </coordinates>
			</Point>
		</Placemark><Placemark>
			<name>7.6kn - 169° - 850m - 11:07:01 17/09 UTC</name>
			<styleUrl>#msn_open-diamond</styleUrl>
			<Point>
				<extrude>1</extrude>
				<altitudeMode>absolute</altitudeMode>
				<gx:drawOrder>1</gx:drawOrder>
				<coordinates>-8.668047,37.147556,850 </coordinates>
			</Point>
		</Placemark><Placemark>
			<name>9.7kn - 182° - 956m - 11:06:01 17/09 UTC</name>
			<styleUrl>#msn_open-diamond</styleUrl>
			<Point>
				<extrude>1</extrude>
				<altitudeMode>absolute</altitudeMode>
				<gx:drawOrder>1</gx:drawOrder>
				<coordinates>-8.66813,37.150028,956 </coordinates>
			</Point>
		</Placemark><Placemark>
			<name>9.7kn - 184° - 1051m - 11:05:01 17/09 UTC</name>
			<styleUrl>#msn_open-diamond</styleUrl>
			<Point>
				<extrude>1</extrude>
				<altitudeMode>absolute</altitudeMode>
				<gx:drawOrder>1</gx:drawOrder>
				<coordinates>-8.668087,37.15295,1051 </coordinates>
			</Point>
		</Placemark><Placemark>
			<name>9.7kn - 186° - 1147m - 11:04:01 17/09 UTC</name>
			<styleUrl>#msn_open-diamond</styleUrl>
			<Point>
				<extrude>1</extrude>
				<altitudeMode>absolute</altitudeMode>
				<gx:drawOrder>1</gx:drawOrder>
				<coordinates>-8.667662,37.155499,1147 </coordinates>
			</Point>
		</Placemark><Placemark>
			<name>9.2kn - 191° - 1247m - 11:03:01 17/09 UTC</name>
			<styleUrl>#msn_open-diamond</styleUrl>
			<Point>
				<extrude>1</extrude>
				<altitudeMode>absolute</altitudeMode>
				<gx:drawOrder>1</gx:drawOrder>
				<coordinates>-8.666968,37.158253,1247 </coordinates>
			</Point>
		</Placemark><Placemark>
			<name>10.8kn - 197° - 1356m - 11:02:01 17/09 UTC</name>
			<styleUrl>#msn_open-diamond</styleUrl>
			<Point>
				<extrude>1</extrude>
				<altitudeMode>absolute</altitudeMode>
				<gx:drawOrder>1</gx:drawOrder>
				<coordinates>-8.6659,37.160866,1356 </coordinates>
			</Point>
		</Placemark><Placemark>
			<name>9.2kn - 187° - 1466m - 11:01:01 17/09 UTC</name>
			<styleUrl>#msn_open-diamond</styleUrl>
			<Point>
				<extrude>1</extrude>
				<altitudeMode>absolute</altitudeMode>
				<gx:drawOrder>1</gx:drawOrder>
				<coordinates>-8.665216,37.16378,1466 </coordinates>
			</Point>
		</Placemark><Placemark>
			<name>8.1kn - 189° - 1513m - 11:00:01 17/09 UTC</name>
			<styleUrl>#msn_open-diamond</styleUrl>
			<Point>
				<extrude>1</extrude>
				<altitudeMode>absolute</altitudeMode>
				<gx:drawOrder>1</gx:drawOrder>
				<coordinates>-8.664719,37.166184,1513 </coordinates>
			</Point>
		</Placemark><Placemark>
			<name>8.1kn - 189° - 1522m - 10:59:01 17/09 UTC</name>
			<styleUrl>#msn_open-diamond</styleUrl>
			<Point>
				<extrude>1</extrude>
				<altitudeMode>absolute</altitudeMode>
				<gx:drawOrder>1</gx:drawOrder>
				<coordinates>-8.664225,37.168491,1522 </coordinates>
			</Point>
		</Placemark><Placemark>
			<name>7.6kn - 188° - 1535m - 10:58:01 17/09 UTC</name>
			<styleUrl>#msn_open-diamond</styleUrl>
			<Point>
				<extrude>1</extrude>
				<altitudeMode>absolute</altitudeMode>
				<gx:drawOrder>1</gx:drawOrder>
				<coordinates>-8.663775,37.170673,1535 </coordinates>
			</Point>
		</Placemark><Placemark>
			<name>7.0kn - 184° - 1551m - 10:57:01 17/09 UTC</name>
			<styleUrl>#msn_open-diamond</styleUrl>
			<Point>
				<extrude>1</extrude>
				<altitudeMode>absolute</altitudeMode>
				<gx:drawOrder>1</gx:drawOrder>
				<coordinates>-8.663455,37.172737,1551 </coordinates>
			</Point>
		</Placemark><Placemark>
			<name>7.0kn - 180° - 1573m - 10:56:01 17/09 UTC</name>
			<styleUrl>#msn_open-diamond</styleUrl>
			<Point>
				<extrude>1</extrude>
				<altitudeMode>absolute</altitudeMode>
				<gx:drawOrder>1</gx:drawOrder>
				<coordinates>-8.66333,37.174767,1573 </coordinates>
			</Point>
		</Placemark><Placemark>
			<name>7.0kn - 177° - 1601m - 10:55:01 17/09 UTC</name>
			<styleUrl>#msn_open-diamond</styleUrl>
			<Point>
				<extrude>1</extrude>
				<altitudeMode>absolute</altitudeMode>
				<gx:drawOrder>1</gx:drawOrder>
				<coordinates>-8.663395,37.176807,1601 </coordinates>
			</Point>
		</Placemark><Placemark>
			<name>7.6kn - 179° - 1627m - 10:54:01 17/09 UTC</name>
			<styleUrl>#msn_open-diamond</styleUrl>
			<Point>
				<extrude>1</extrude>
				<altitudeMode>absolute</altitudeMode>
				<gx:drawOrder>1</gx:drawOrder>
				<coordinates>-8.663493,37.178936,1627 </coordinates>
			</Point>
		</Placemark><Placemark>
			<name>8.1kn - 181° - 1660m - 10:53:01 17/09 UTC</name>
			<styleUrl>#msn_open-diamond</styleUrl>
			<Point>
				<extrude>1</extrude>
				<altitudeMode>absolute</altitudeMode>
				<gx:drawOrder>1</gx:drawOrder>
				<coordinates>-8.663439,37.181137,1660 </coordinates>
			</Point>
		</Placemark><Placemark>
			<name>8.1kn - 181° - 1689m - 10:52:01 17/09 UTC</name>
			<styleUrl>#msn_open-diamond</styleUrl>
			<Point>
				<extrude>1</extrude>
				<altitudeMode>absolute</altitudeMode>
				<gx:drawOrder>1</gx:drawOrder>
				<coordinates>-8.66335,37.183456,1689 </coordinates>
			</Point>
		</Placemark><Placemark>
			<name>8.1kn - 180° - 1714m - 10:51:01 17/09 UTC</name>
			<styleUrl>#msn_open-diamond</styleUrl>
			<Point>
				<extrude>1</extrude>
				<altitudeMode>absolute</altitudeMode>
				<gx:drawOrder>1</gx:drawOrder>
				<coordinates>-8.66329,37.185837,1714 </coordinates>
			</Point>
		</Placemark><Placemark>
			<name>8.1kn - 180° - 1736m - 10:50:01 17/09 UTC</name>
			<styleUrl>#msn_open-diamond</styleUrl>
			<Point>
				<extrude>1</extrude>
				<altitudeMode>absolute</altitudeMode>
				<gx:drawOrder>1</gx:drawOrder>
				<coordinates>-8.66328,37.188206,1736 </coordinates>
			</Point>
		</Placemark><Placemark>
			<name>8.1kn - 180° - 1754m - 10:49:01 17/09 UTC</name>
			<styleUrl>#msn_open-diamond</styleUrl>
			<Point>
				<extrude>1</extrude>
				<altitudeMode>absolute</altitudeMode>
				<gx:drawOrder>1</gx:drawOrder>
				<coordinates>-8.663225,37.190533,1754 </coordinates>
			</Point>
		</Placemark><Placemark>
			<name>8.1kn - 181° - 1775m - 10:48:01 17/09 UTC</name>
			<styleUrl>#msn_open-diamond</styleUrl>
			<Point>
				<extrude>1</extrude>
				<altitudeMode>absolute</altitudeMode>
				<gx:drawOrder>1</gx:drawOrder>
				<coordinates>-8.663178,37.192814,1775 </coordinates>
			</Point>
		</Placemark><Placemark>
			<name>7.6kn - 181° - 1796m - 10:47:01 17/09 UTC</name>
			<styleUrl>#msn_open-diamond</styleUrl>
			<Point>
				<extrude>1</extrude>
				<altitudeMode>absolute</altitudeMode>
				<gx:drawOrder>1</gx:drawOrder>
				<coordinates>-8.66313,37.195072,1796 </coordinates>
			</Point>
		</Placemark><Placemark>
			<name>7.6kn - 180° - 1817m - 10:46:01 17/09 UTC</name>
			<styleUrl>#msn_open-diamond</styleUrl>
			<Point>
				<extrude>1</extrude>
				<altitudeMode>absolute</altitudeMode>
				<gx:drawOrder>1</gx:drawOrder>
				<coordinates>-8.663083,37.197296,1817 </coordinates>
			</Point>
		</Placemark><Placemark>
			<name>7.6kn - 179° - 1832m - 10:45:01 17/09 UTC</name>
			<styleUrl>#msn_open-diamond</styleUrl>
			<Point>
				<extrude>1</extrude>
				<altitudeMode>absolute</altitudeMode>
				<gx:drawOrder>1</gx:drawOrder>
				<coordinates>-8.663062,37.199459,1832 </coordinates>
			</Point>
		</Placemark><Placemark>
			<name>7.6kn - 178° - 1841m - 10:44:01 17/09 UTC</name>
			<styleUrl>#msn_open-diamond</styleUrl>
			<Point>
				<extrude>1</extrude>
				<altitudeMode>absolute</altitudeMode>
				<gx:drawOrder>1</gx:drawOrder>
				<coordinates>-8.663098,37.201599,1841 </coordinates>
			</Point>
		</Placemark><Placemark>
			<name>7.6kn - 178° - 1844m - 10:43:01 17/09 UTC</name>
			<styleUrl>#msn_open-diamond</styleUrl>
			<Point>
				<extrude>1</extrude>
				<altitudeMode>absolute</altitudeMode>
				<gx:drawOrder>1</gx:drawOrder>
				<coordinates>-8.663177,37.203732,1844 </coordinates>
			</Point>
		</Placemark><Placemark>
			<name>7.6kn - 177° - 1840m - 10:42:01 17/09 UTC</name>
			<styleUrl>#msn_open-diamond</styleUrl>
			<Point>
				<extrude>1</extrude>
				<altitudeMode>absolute</altitudeMode>
				<gx:drawOrder>1</gx:drawOrder>
				<coordinates>-8.66328,37.205872,1840 </coordinates>
			</Point>
		</Placemark><Placemark>
			<name>7.6kn - 178° - 1832m - 10:41:01 17/09 UTC</name>
			<styleUrl>#msn_open-diamond</styleUrl>
			<Point>
				<extrude>1</extrude>
				<altitudeMode>absolute</altitudeMode>
				<gx:drawOrder>1</gx:drawOrder>
				<coordinates>-8.663365,37.208061,1832 </coordinates>
			</Point>
		</Placemark><Placemark>
			<name>8.1kn - 178° - 1821m - 10:40:01 17/09 UTC</name>
			<styleUrl>#msn_open-diamond</styleUrl>
			<Point>
				<extrude>1</extrude>
				<altitudeMode>absolute</altitudeMode>
				<gx:drawOrder>1</gx:drawOrder>
				<coordinates>-8.66344,37.2103,1821 </coordinates>
			</Point>
		</Placemark><Placemark>
			<name>8.1kn - 179° - 1811m - 10:39:01 17/09 UTC</name>
			<styleUrl>#msn_open-diamond</styleUrl>
			<Point>
				<extrude>1</extrude>
				<altitudeMode>absolute</altitudeMode>
				<gx:drawOrder>1</gx:drawOrder>
				<coordinates>-8.663484,37.212593,1811 </coordinates>
			</Point>
		</Placemark><Placemark>
			<name>8.1kn - 179° - 1801m - 10:38:01 17/09 UTC</name>
			<styleUrl>#msn_open-diamond</styleUrl>
			<Point>
				<extrude>1</extrude>
				<altitudeMode>absolute</altitudeMode>
				<gx:drawOrder>1</gx:drawOrder>
				<coordinates>-8.663491,37.214932,1801 </coordinates>
			</Point>
		</Placemark><Placemark>
			<name>8.1kn - 179° - 1793m - 10:37:01 17/09 UTC</name>
			<styleUrl>#msn_open-diamond</styleUrl>
			<Point>
				<extrude>1</extrude>
				<altitudeMode>absolute</altitudeMode>
				<gx:drawOrder>1</gx:drawOrder>
				<coordinates>-8.6635,37.217281,1793 </coordinates>
			</Point>
		</Placemark><Placemark>
			<name>8.1kn - 180° - 1789m - 10:36:01 17/09 UTC</name>
			<styleUrl>#msn_open-diamond</styleUrl>
			<Point>
				<extrude>1</extrude>
				<altitudeMode>absolute</altitudeMode>
				<gx:drawOrder>1</gx:drawOrder>
				<coordinates>-8.663504,37.219639,1789 </coordinates>
			</Point>
		</Placemark><Placemark>
			<name>8.1kn - 179° - 1789m - 10:35:01 17/09 UTC</name>
			<styleUrl>#msn_open-diamond</styleUrl>
			<Point>
				<extrude>1</extrude>
				<altitudeMode>absolute</altitudeMode>
				<gx:drawOrder>1</gx:drawOrder>
				<coordinates>-8.663504,37.221981,1789 </coordinates>
			</Point>
		</Placemark><Placemark>
			<name>8.1kn - 179° - 1794m - 10:34:01 17/09 UTC</name>
			<styleUrl>#msn_open-diamond</styleUrl>
			<Point>
				<extrude>1</extrude>
				<altitudeMode>absolute</altitudeMode>
				<gx:drawOrder>1</gx:drawOrder>
				<coordinates>-8.663538,37.224289,1794 </coordinates>
			</Point>
		</Placemark><Placemark>
			<name>7.6kn - 178° - 1803m - 10:33:01 17/09 UTC</name>
			<styleUrl>#msn_open-diamond</styleUrl>
			<Point>
				<extrude>1</extrude>
				<altitudeMode>absolute</altitudeMode>
				<gx:drawOrder>1</gx:drawOrder>
				<coordinates>-8.663593,37.226543,1803 </coordinates>
			</Point>
		</Placemark><Placemark>
			<name>7.6kn - 177° - 1816m - 10:32:01 17/09 UTC</name>
			<styleUrl>#msn_open-diamond</styleUrl>
			<Point>
				<extrude>1</extrude>
				<altitudeMode>absolute</altitudeMode>
				<gx:drawOrder>1</gx:drawOrder>
				<coordinates>-8.663722,37.228775,1816 </coordinates>
			</Point>
		</Placemark><Placemark>
			<name>7.6kn - 176° - 1828m - 10:31:01 17/09 UTC</name>
			<styleUrl>#msn_open-diamond</styleUrl>
			<Point>
				<extrude>1</extrude>
				<altitudeMode>absolute</altitudeMode>
				<gx:drawOrder>1</gx:drawOrder>
				<coordinates>-8.663888,37.230976,1828 </coordinates>
			</Point>
		</Placemark><Placemark>
			<name>7.6kn - 174° - 1840m - 10:30:01 17/09 UTC</name>
			<styleUrl>#msn_open-diamond</styleUrl>
			<Point>
				<extrude>1</extrude>
				<altitudeMode>absolute</altitudeMode>
				<gx:drawOrder>1</gx:drawOrder>
				<coordinates>-8.664106,37.233158,1840 </coordinates>
			</Point>
		</Placemark><Placemark>
			<name>7.6kn - 173° - 1854m - 10:29:01 17/09 UTC</name>
			<styleUrl>#msn_open-diamond</styleUrl>
			<Point>
				<extrude>1</extrude>
				<altitudeMode>absolute</altitudeMode>
				<gx:drawOrder>1</gx:drawOrder>
				<coordinates>-8.664403,37.235313,1854 </coordinates>
			</Point>
		</Placemark><Placemark>
			<name>7.6kn - 171° - 1868m - 10:28:01 17/09 UTC</name>
			<styleUrl>#msn_open-diamond</styleUrl>
			<Point>
				<extrude>1</extrude>
				<altitudeMode>absolute</altitudeMode>
				<gx:drawOrder>1</gx:drawOrder>
				<coordinates>-8.664772,37.237438,1868 </coordinates>
			</Point>
		</Placemark><Placemark>
			<name>7.6kn - 168° - 1885m - 10:27:01 17/09 UTC</name>
			<styleUrl>#msn_open-diamond</styleUrl>
			<Point>
				<extrude>1</extrude>
				<altitudeMode>absolute</altitudeMode>
				<gx:drawOrder>1</gx:drawOrder>
				<coordinates>-8.665234,37.239571,1885 </coordinates>
			</Point>
		</Placemark><Placemark>
			<name>7.6kn - 166° - 1901m - 10:26:01 17/09 UTC</name>
			<styleUrl>#msn_open-diamond</styleUrl>
			<Point>
				<extrude>1</extrude>
				<altitudeMode>absolute</altitudeMode>
				<gx:drawOrder>1</gx:drawOrder>
				<coordinates>-8.665825,37.241734,1901 </coordinates>
			</Point>
		</Placemark><Placemark>
			<name>8.1kn - 164° - 1908m - 10:25:01 17/09 UTC</name>
			<styleUrl>#msn_open-diamond</styleUrl>
			<Point>
				<extrude>1</extrude>
				<altitudeMode>absolute</altitudeMode>
				<gx:drawOrder>1</gx:drawOrder>
				<coordinates>-8.666552,37.243931,1908 </coordinates>
			</Point>
		</Placemark><Placemark>
			<name>8.1kn - 164° - 1904m - 10:24:01 17/09 UTC</name>
			<styleUrl>#msn_open-diamond</styleUrl>
			<Point>
				<extrude>1</extrude>
				<altitudeMode>absolute</altitudeMode>
				<gx:drawOrder>1</gx:drawOrder>
				<coordinates>-8.667354,37.246182,1904 </coordinates>
			</Point>
		</Placemark><Placemark>
			<name>8.6kn - 165° - 1890m - 10:23:01 17/09 UTC</name>
			<styleUrl>#msn_open-diamond</styleUrl>
			<Point>
				<extrude>1</extrude>
				<altitudeMode>absolute</altitudeMode>
				<gx:drawOrder>1</gx:drawOrder>
				<coordinates>-8.668108,37.248505,1890 </coordinates>
			</Point>
		</Placemark><Placemark>
			<name>8.6kn - 166° - 1872m - 10:22:01 17/09 UTC</name>
			<styleUrl>#msn_open-diamond</styleUrl>
			<Point>
				<extrude>1</extrude>
				<altitudeMode>absolute</altitudeMode>
				<gx:drawOrder>1</gx:drawOrder>
				<coordinates>-8.668845,37.250847,1872 </coordinates>
			</Point>
		</Placemark><Placemark>
			<name>8.6kn - 168° - 1855m - 10:21:01 17/09 UTC</name>
			<styleUrl>#msn_open-diamond</styleUrl>
			<Point>
				<extrude>1</extrude>
				<altitudeMode>absolute</altitudeMode>
				<gx:drawOrder>1</gx:drawOrder>
				<coordinates>-8.669519,37.253265,1855 </coordinates>
			</Point>
		</Placemark><Placemark>
			<name>8.6kn - 170° - 1839m - 10:20:01 17/09 UTC</name>
			<styleUrl>#msn_open-diamond</styleUrl>
			<Point>
				<extrude>1</extrude>
				<altitudeMode>absolute</altitudeMode>
				<gx:drawOrder>1</gx:drawOrder>
				<coordinates>-8.670085,37.255692,1839 </coordinates>
			</Point>
		</Placemark><Placemark>
			<name>8.6kn - 171° - 1827m - 10:19:01 17/09 UTC</name>
			<styleUrl>#msn_open-diamond</styleUrl>
			<Point>
				<extrude>1</extrude>
				<altitudeMode>absolute</altitudeMode>
				<gx:drawOrder>1</gx:drawOrder>
				<coordinates>-8.670595,37.258171,1827 </coordinates>
			</Point>
		</Placemark><Placemark>
			<name>8.6kn - 171° - 1818m - 10:18:01 17/09 UTC</name>
			<styleUrl>#msn_open-diamond</styleUrl>
			<Point>
				<extrude>1</extrude>
				<altitudeMode>absolute</altitudeMode>
				<gx:drawOrder>1</gx:drawOrder>
				<coordinates>-8.67104,37.260635,1818 </coordinates>
			</Point>
		</Placemark><Placemark>
			<name>8.6kn - 168° - 1812m - 10:17:01 17/09 UTC</name>
			<styleUrl>#msn_open-diamond</styleUrl>
			<Point>
				<extrude>1</extrude>
				<altitudeMode>absolute</altitudeMode>
				<gx:drawOrder>1</gx:drawOrder>
				<coordinates>-8.671552,37.263039,1812 </coordinates>
			</Point>
		</Placemark><Placemark>
			<name>8.6kn - 171° - 1801m - 10:16:01 17/09 UTC</name>
			<styleUrl>#msn_open-diamond</styleUrl>
			<Point>
				<extrude>1</extrude>
				<altitudeMode>absolute</altitudeMode>
				<gx:drawOrder>1</gx:drawOrder>
				<coordinates>-8.672096,37.265511,1801 </coordinates>
			</Point>
		</Placemark><Placemark>
			<name>9.2kn - 171° - 1795m - 10:15:01 17/09 UTC</name>
			<styleUrl>#msn_open-diamond</styleUrl>
			<Point>
				<extrude>1</extrude>
				<altitudeMode>absolute</altitudeMode>
				<gx:drawOrder>1</gx:drawOrder>
				<coordinates>-8.672584,37.267963,1795 </coordinates>
			</Point>
		</Placemark><Placemark>
			<name>8.6kn - 173° - 1788m - 10:14:01 17/09 UTC</name>
			<styleUrl>#msn_open-diamond</styleUrl>
			<Point>
				<extrude>1</extrude>
				<altitudeMode>absolute</altitudeMode>
				<gx:drawOrder>1</gx:drawOrder>
				<coordinates>-8.67298,37.270519,1788 </coordinates>
			</Point>
		</Placemark><Placemark>
			<name>8.6kn - 173° - 1783m - 10:13:01 17/09 UTC</name>
			<styleUrl>#msn_open-diamond</styleUrl>
			<Point>
				<extrude>1</extrude>
				<altitudeMode>absolute</altitudeMode>
				<gx:drawOrder>1</gx:drawOrder>
				<coordinates>-8.67334,37.273026,1783 </coordinates>
			</Point>
		</Placemark><Placemark>
			<name>9.2kn - 172° - 1778m - 10:12:01 17/09 UTC</name>
			<styleUrl>#msn_open-diamond</styleUrl>
			<Point>
				<extrude>1</extrude>
				<altitudeMode>absolute</altitudeMode>
				<gx:drawOrder>1</gx:drawOrder>
				<coordinates>-8.673741,37.275551,1778 </coordinates>
			</Point>
		</Placemark><Placemark>
			<name>9.2kn - 173° - 1772m - 10:11:01 17/09 UTC</name>
			<styleUrl>#msn_open-diamond</styleUrl>
			<Point>
				<extrude>1</extrude>
				<altitudeMode>absolute</altitudeMode>
				<gx:drawOrder>1</gx:drawOrder>
				<coordinates>-8.674147,37.278133,1772 </coordinates>
			</Point>
		</Placemark><Placemark>
			<name>9.7kn - 174° - 1754m - 10:10:01 17/09 UTC</name>
			<styleUrl>#msn_open-diamond</styleUrl>
			<Point>
				<extrude>1</extrude>
				<altitudeMode>absolute</altitudeMode>
				<gx:drawOrder>1</gx:drawOrder>
				<coordinates>-8.674505,37.280777,1754 </coordinates>
			</Point>
		</Placemark><Placemark>
			<name>9.7kn - 176° - 1737m - 10:09:01 17/09 UTC</name>
			<styleUrl>#msn_open-diamond</styleUrl>
			<Point>
				<extrude>1</extrude>
				<altitudeMode>absolute</altitudeMode>
				<gx:drawOrder>1</gx:drawOrder>
				<coordinates>-8.674778,37.28352,1737 </coordinates>
			</Point>
		</Placemark><Placemark>
			<name>9.7kn - 174° - 1724m - 10:08:01 17/09 UTC</name>
			<styleUrl>#msn_open-diamond</styleUrl>
			<Point>
				<extrude>1</extrude>
				<altitudeMode>absolute</altitudeMode>
				<gx:drawOrder>1</gx:drawOrder>
				<coordinates>-8.675036,37.286194,1724 </coordinates>
			</Point>
		</Placemark><Placemark>
			<name>10.3kn - 176° - 1689m - 10:07:01 17/09 UTC</name>
			<styleUrl>#msn_open-diamond</styleUrl>
			<Point>
				<extrude>1</extrude>
				<altitudeMode>absolute</altitudeMode>
				<gx:drawOrder>1</gx:drawOrder>
				<coordinates>-8.675253,37.289017,1689 </coordinates>
			</Point>
		</Placemark><Placemark>
			<name>10.3kn - 175° - 1659m - 10:06:01 17/09 UTC</name>
			<styleUrl>#msn_open-diamond</styleUrl>
			<Point>
				<extrude>1</extrude>
				<altitudeMode>absolute</altitudeMode>
				<gx:drawOrder>1</gx:drawOrder>
				<coordinates>-8.67553,37.291943,1659 </coordinates>
			</Point>
		</Placemark><Placemark>
			<name>10.3kn - 177° - 1633m - 10:05:01 17/09 UTC</name>
			<styleUrl>#msn_open-diamond</styleUrl>
			<Point>
				<extrude>1</extrude>
				<altitudeMode>absolute</altitudeMode>
				<gx:drawOrder>1</gx:drawOrder>
				<coordinates>-8.67577,37.294922,1633 </coordinates>
			</Point>
		</Placemark><Placemark>
			<name>10.3kn - 178° - 1609m - 10:04:01 17/09 UTC</name>
			<styleUrl>#msn_open-diamond</styleUrl>
			<Point>
				<extrude>1</extrude>
				<altitudeMode>absolute</altitudeMode>
				<gx:drawOrder>1</gx:drawOrder>
				<coordinates>-8.675917,37.297882,1609 </coordinates>
			</Point>
		</Placemark><Placemark>
			<name>10.3kn - 178° - 1588m - 10:03:01 17/09 UTC</name>
			<styleUrl>#msn_open-diamond</styleUrl>
			<Point>
				<extrude>1</extrude>
				<altitudeMode>absolute</altitudeMode>
				<gx:drawOrder>1</gx:drawOrder>
				<coordinates>-8.675986,37.300808,1588 </coordinates>
			</Point>
		</Placemark><Placemark>
			<name>10.3kn - 178° - 1571m - 10:02:01 17/09 UTC</name>
			<styleUrl>#msn_open-diamond</styleUrl>
			<Point>
				<extrude>1</extrude>
				<altitudeMode>absolute</altitudeMode>
				<gx:drawOrder>1</gx:drawOrder>
				<coordinates>-8.676073,37.303738,1571 </coordinates>
			</Point>
		</Placemark><Placemark>
			<name>10.3kn - 178° - 1554m - 10:01:01 17/09 UTC</name>
			<styleUrl>#msn_open-diamond</styleUrl>
			<Point>
				<extrude>1</extrude>
				<altitudeMode>absolute</altitudeMode>
				<gx:drawOrder>1</gx:drawOrder>
				<coordinates>-8.676145,37.306664,1554 </coordinates>
			</Point>
		</Placemark><Placemark>
			<name>9.7kn - 178° - 1531m - 10:00:01 17/09 UTC</name>
			<styleUrl>#msn_open-diamond</styleUrl>
			<Point>
				<extrude>1</extrude>
				<altitudeMode>absolute</altitudeMode>
				<gx:drawOrder>1</gx:drawOrder>
				<coordinates>-8.676247,37.309502,1531 </coordinates>
			</Point>
		</Placemark><Placemark>
			<name>9.7kn - 177° - 1527m - 09:59:01 17/09 UTC</name>
			<styleUrl>#msn_open-diamond</styleUrl>
			<Point>
				<extrude>1</extrude>
				<altitudeMode>absolute</altitudeMode>
				<gx:drawOrder>1</gx:drawOrder>
				<coordinates>-8.676367,37.312294,1527 </coordinates>
			</Point>
		</Placemark><Placemark>
			<name>9.7kn - 178° - 1562m - 09:58:01 17/09 UTC</name>
			<styleUrl>#msn_open-diamond</styleUrl>
			<Point>
				<extrude>1</extrude>
				<altitudeMode>absolute</altitudeMode>
				<gx:drawOrder>1</gx:drawOrder>
				<coordinates>-8.676474,37.315102,1562 </coordinates>
			</Point>
		</Placemark><Placemark>
			<name>10.3kn - 179° - 1621m - 09:57:01 17/09 UTC</name>
			<styleUrl>#msn_open-diamond</styleUrl>
			<Point>
				<extrude>1</extrude>
				<altitudeMode>absolute</altitudeMode>
				<gx:drawOrder>1</gx:drawOrder>
				<coordinates>-8.676517,37.318001,1621 </coordinates>
			</Point>
		</Placemark><Placemark>
			<name>10.8kn - 179° - 1667m - 09:56:01 17/09 UTC</name>
			<styleUrl>#msn_open-diamond</styleUrl>
			<Point>
				<extrude>1</extrude>
				<altitudeMode>absolute</altitudeMode>
				<gx:drawOrder>1</gx:drawOrder>
				<coordinates>-8.676539,37.321007,1667 </coordinates>
			</Point>
		</Placemark><Placemark>
			<name>10.8kn - 178° - 1693m - 09:55:01 17/09 UTC</name>
			<styleUrl>#msn_open-diamond</styleUrl>
			<Point>
				<extrude>1</extrude>
				<altitudeMode>absolute</altitudeMode>
				<gx:drawOrder>1</gx:drawOrder>
				<coordinates>-8.676605,37.324059,1693 </coordinates>
			</Point>
		</Placemark><Placemark>
			<name>10.8kn - 178° - 1703m - 09:54:01 17/09 UTC</name>
			<styleUrl>#msn_open-diamond</styleUrl>
			<Point>
				<extrude>1</extrude>
				<altitudeMode>absolute</altitudeMode>
				<gx:drawOrder>1</gx:drawOrder>
				<coordinates>-8.676692,37.327118,1703 </coordinates>
			</Point>
		</Placemark><Placemark>
			<name>10.3kn - 178° - 1705m - 09:53:01 17/09 UTC</name>
			<styleUrl>#msn_open-diamond</styleUrl>
			<Point>
				<extrude>1</extrude>
				<altitudeMode>absolute</altitudeMode>
				<gx:drawOrder>1</gx:drawOrder>
				<coordinates>-8.676755,37.330132,1705 </coordinates>
			</Point>
		</Placemark><Placemark>
			<name>10.3kn - 178° - 1705m - 09:52:01 17/09 UTC</name>
			<styleUrl>#msn_open-diamond</styleUrl>
			<Point>
				<extrude>1</extrude>
				<altitudeMode>absolute</altitudeMode>
				<gx:drawOrder>1</gx:drawOrder>
				<coordinates>-8.676848,37.333065,1705 </coordinates>
			</Point>
		</Placemark><Placemark>
			<name>10.3kn - 179° - 1703m - 09:51:01 17/09 UTC</name>
			<styleUrl>#msn_open-diamond</styleUrl>
			<Point>
				<extrude>1</extrude>
				<altitudeMode>absolute</altitudeMode>
				<gx:drawOrder>1</gx:drawOrder>
				<coordinates>-8.67691,37.335922,1703 </coordinates>
			</Point>
		</Placemark><Placemark>
			<name>9.7kn - 178° - 1702m - 09:50:01 17/09 UTC</name>
			<styleUrl>#msn_open-diamond</styleUrl>
			<Point>
				<extrude>1</extrude>
				<altitudeMode>absolute</altitudeMode>
				<gx:drawOrder>1</gx:drawOrder>
				<coordinates>-8.676987,37.338741,1702 </coordinates>
			</Point>
		</Placemark><Placemark>
			<name>9.7kn - 178° - 1692m - 09:49:01 17/09 UTC</name>
			<styleUrl>#msn_open-diamond</styleUrl>
			<Point>
				<extrude>1</extrude>
				<altitudeMode>absolute</altitudeMode>
				<gx:drawOrder>1</gx:drawOrder>
				<coordinates>-8.677075,37.341511,1692 </coordinates>
			</Point>
		</Placemark><Placemark>
			<name>9.2kn - 176° - 1676m - 09:48:01 17/09 UTC</name>
			<styleUrl>#msn_open-diamond</styleUrl>
			<Point>
				<extrude>1</extrude>
				<altitudeMode>absolute</altitudeMode>
				<gx:drawOrder>1</gx:drawOrder>
				<coordinates>-8.677234,37.344215,1676 </coordinates>
			</Point>
		</Placemark><Placemark>
			<name>9.2kn - 175° - 1652m - 09:47:01 17/09 UTC</name>
			<styleUrl>#msn_open-diamond</styleUrl>
			<Point>
				<extrude>1</extrude>
				<altitudeMode>absolute</altitudeMode>
				<gx:drawOrder>1</gx:drawOrder>
				<coordinates>-8.67743,37.346829,1652 </coordinates>
			</Point>
		</Placemark><Placemark>
			<name>9.2kn - 175° - 1622m - 09:46:01 17/09 UTC</name>
			<styleUrl>#msn_open-diamond</styleUrl>
			<Point>
				<extrude>1</extrude>
				<altitudeMode>absolute</altitudeMode>
				<gx:drawOrder>1</gx:drawOrder>
				<coordinates>-8.677702,37.349388,1622 </coordinates>
			</Point>
		</Placemark><Placemark>
			<name>8.6kn - 175° - 1604m - 09:45:01 17/09 UTC</name>
			<styleUrl>#msn_open-diamond</styleUrl>
			<Point>
				<extrude>1</extrude>
				<altitudeMode>absolute</altitudeMode>
				<gx:drawOrder>1</gx:drawOrder>
				<coordinates>-8.677955,37.351929,1604 </coordinates>
			</Point>
		</Placemark><Placemark>
			<name>9.2kn - 175° - 1604m - 09:44:01 17/09 UTC</name>
			<styleUrl>#msn_open-diamond</styleUrl>
			<Point>
				<extrude>1</extrude>
				<altitudeMode>absolute</altitudeMode>
				<gx:drawOrder>1</gx:drawOrder>
				<coordinates>-8.6782,37.354477,1604 </coordinates>
			</Point>
		</Placemark><Placemark>
			<name>9.2kn - 174° - 1631m - 09:43:01 17/09 UTC</name>
			<styleUrl>#msn_open-diamond</styleUrl>
			<Point>
				<extrude>1</extrude>
				<altitudeMode>absolute</altitudeMode>
				<gx:drawOrder>1</gx:drawOrder>
				<coordinates>-8.67851,37.357086,1631 </coordinates>
			</Point>
		</Placemark><Placemark>
			<name>9.2kn - 174° - 1702m - 09:42:01 17/09 UTC</name>
			<styleUrl>#msn_open-diamond</styleUrl>
			<Point>
				<extrude>1</extrude>
				<altitudeMode>absolute</altitudeMode>
				<gx:drawOrder>1</gx:drawOrder>
				<coordinates>-8.678652,37.359707,1702 </coordinates>
			</Point>
		</Placemark><Placemark>
			<name>9.7kn - 183° - 1815m - 09:41:01 17/09 UTC</name>
			<styleUrl>#msn_open-diamond</styleUrl>
			<Point>
				<extrude>1</extrude>
				<altitudeMode>absolute</altitudeMode>
				<gx:drawOrder>1</gx:drawOrder>
				<coordinates>-8.679009,37.362637,1815 </coordinates>
			</Point>
		</Placemark><Placemark>
			<name>8.1kn - 171° - 1964m - 09:40:01 17/09 UTC</name>
			<styleUrl>#msn_open-diamond</styleUrl>
			<Point>
				<extrude>1</extrude>
				<altitudeMode>absolute</altitudeMode>
				<gx:drawOrder>1</gx:drawOrder>
				<coordinates>-8.679459,37.365212,1964 </coordinates>
			</Point>
		</Placemark><Placemark>
			<name>6.5kn - 161° - 2116m - 09:39:01 17/09 UTC</name>
			<styleUrl>#msn_open-diamond</styleUrl>
			<Point>
				<extrude>1</extrude>
				<altitudeMode>absolute</altitudeMode>
				<gx:drawOrder>1</gx:drawOrder>
				<coordinates>-8.6805,37.367226,2116 </coordinates>
			</Point>
		</Placemark><Placemark>
			<name>6.5kn - 155° - 2268m - 09:38:01 17/09 UTC</name>
			<styleUrl>#msn_open-diamond</styleUrl>
			<Point>
				<extrude>1</extrude>
				<altitudeMode>absolute</altitudeMode>
				<gx:drawOrder>1</gx:drawOrder>
				<coordinates>-8.68168,37.368847,2268 </coordinates>
			</Point>
		</Placemark><Placemark>
			<name>7.6kn - 159° - 2410m - 09:37:01 17/09 UTC</name>
			<styleUrl>#msn_open-diamond</styleUrl>
			<Point>
				<extrude>1</extrude>
				<altitudeMode>absolute</altitudeMode>
				<gx:drawOrder>1</gx:drawOrder>
				<coordinates>-8.683052,37.370647,2410 </coordinates>
			</Point>
		</Placemark><Placemark>
			<name>6.5kn - 153° - 2555m - 09:36:01 17/09 UTC</name>
			<styleUrl>#msn_open-diamond</styleUrl>
			<Point>
				<extrude>1</extrude>
				<altitudeMode>absolute</altitudeMode>
				<gx:drawOrder>1</gx:drawOrder>
				<coordinates>-8.684314,37.372383,2555 </coordinates>
			</Point>
		</Placemark><Placemark>
			<name>6.5kn - 159° - 2685m - 09:35:01 17/09 UTC</name>
			<styleUrl>#msn_open-diamond</styleUrl>
			<Point>
				<extrude>1</extrude>
				<altitudeMode>absolute</altitudeMode>
				<gx:drawOrder>1</gx:drawOrder>
				<coordinates>-8.685665,37.373982,2685 </coordinates>
			</Point>
		</Placemark><Placemark>
			<name>7.6kn - 156° - 2815m - 09:34:01 17/09 UTC</name>
			<styleUrl>#msn_open-diamond</styleUrl>
			<Point>
				<extrude>1</extrude>
				<altitudeMode>absolute</altitudeMode>
				<gx:drawOrder>1</gx:drawOrder>
				<coordinates>-8.686757,37.375526,2815 </coordinates>
			</Point>
		</Placemark><Placemark>
			<name>5.4kn - 160° - 2951m - 09:33:01 17/09 UTC</name>
			<styleUrl>#msn_open-diamond</styleUrl>
			<Point>
				<extrude>1</extrude>
				<altitudeMode>absolute</altitudeMode>
				<gx:drawOrder>1</gx:drawOrder>
				<coordinates>-8.68738,37.377686,2951 </coordinates>
			</Point>
		</Placemark><Placemark>
			<name>2.2kn - 95° - 3089m - 09:32:01 17/09 UTC</name>
			<styleUrl>#msn_open-diamond</styleUrl>
			<Point>
				<extrude>1</extrude>
				<altitudeMode>absolute</altitudeMode>
				<gx:drawOrder>1</gx:drawOrder>
				<coordinates>-8.687718,37.378475,3089 </coordinates>
			</Point>
		</Placemark><Placemark>
			<name>6.5kn - 134° - 3386m - 09:30:01 17/09 UTC</name>
			<styleUrl>#msn_open-diamond</styleUrl>
			<Point>
				<extrude>1</extrude>
				<altitudeMode>absolute</altitudeMode>
				<gx:drawOrder>1</gx:drawOrder>
				<coordinates>-8.690962,37.37775,3386 </coordinates>
			</Point>
		</Placemark><Placemark>
			<name>8.6kn - 138° - 3544m - 09:29:01 17/09 UTC</name>
			<styleUrl>#msn_open-diamond</styleUrl>
			<Point>
				<extrude>1</extrude>
				<altitudeMode>absolute</altitudeMode>
				<gx:drawOrder>1</gx:drawOrder>
				<coordinates>-8.692449,37.379444,3544 </coordinates>
			</Point>
		</Placemark><Placemark>
			<name>6.5kn - 106° - 3659m - 09:28:01 17/09 UTC</name>
			<styleUrl>#msn_open-diamond</styleUrl>
			<Point>
				<extrude>1</extrude>
				<altitudeMode>absolute</altitudeMode>
				<gx:drawOrder>1</gx:drawOrder>
				<coordinates>-8.694602,37.380768,3659 </coordinates>
			</Point>
		</Placemark><Placemark>
			<name>8.6kn - 134° - 3771m - 09:27:01 17/09 UTC</name>
			<styleUrl>#msn_open-diamond</styleUrl>
			<Point>
				<extrude>1</extrude>
				<altitudeMode>absolute</altitudeMode>
				<gx:drawOrder>1</gx:drawOrder>
				<coordinates>-8.696861,37.381672,3771 </coordinates>
			</Point>
		</Placemark><Placemark>
			<name>8.6kn - 145° - 3859m - 09:26:00 17/09 UTC</name>
			<styleUrl>#msn_open-diamond</styleUrl>
			<Point>
				<extrude>1</extrude>
				<altitudeMode>absolute</altitudeMode>
				<gx:drawOrder>1</gx:drawOrder>
				<coordinates>-8.698852,37.383801,3859 </coordinates>
			</Point>
		</Placemark><Placemark>
			<name>8.6kn - 152° - 3927m - 09:25:00 17/09 UTC</name>
			<styleUrl>#msn_open-diamond</styleUrl>
			<Point>
				<extrude>1</extrude>
				<altitudeMode>absolute</altitudeMode>
				<gx:drawOrder>1</gx:drawOrder>
				<coordinates>-8.70033,37.385922,3927 </coordinates>
			</Point>
		</Placemark><Placemark>
			<name>8.1kn - 152° - 3925m - 09:24:00 17/09 UTC</name>
			<styleUrl>#msn_open-diamond</styleUrl>
			<Point>
				<extrude>1</extrude>
				<altitudeMode>absolute</altitudeMode>
				<gx:drawOrder>1</gx:drawOrder>
				<coordinates>-8.701757,37.388069,3925 </coordinates>
			</Point>
		</Placemark><Placemark>
			<name>8.6kn - 152° - 3916m - 09:23:00 17/09 UTC</name>
			<styleUrl>#msn_open-diamond</styleUrl>
			<Point>
				<extrude>1</extrude>
				<altitudeMode>absolute</altitudeMode>
				<gx:drawOrder>1</gx:drawOrder>
				<coordinates>-8.703109,37.390228,3916 </coordinates>
			</Point>
		</Placemark><Placemark>
			<name>8.6kn - 151° - 3924m - 09:22:00 17/09 UTC</name>
			<styleUrl>#msn_open-diamond</styleUrl>
			<Point>
				<extrude>1</extrude>
				<altitudeMode>absolute</altitudeMode>
				<gx:drawOrder>1</gx:drawOrder>
				<coordinates>-8.704538,37.39241,3924 </coordinates>
			</Point>
		</Placemark><Placemark>
			<name>9.2kn - 150° - 3938m - 09:21:00 17/09 UTC</name>
			<styleUrl>#msn_open-diamond</styleUrl>
			<Point>
				<extrude>1</extrude>
				<altitudeMode>absolute</altitudeMode>
				<gx:drawOrder>1</gx:drawOrder>
				<coordinates>-8.706072,37.394623,3938 </coordinates>
			</Point>
		</Placemark><Placemark>
			<name>9.2kn - 150° - 3945m - 09:20:00 17/09 UTC</name>
			<styleUrl>#msn_open-diamond</styleUrl>
			<Point>
				<extrude>1</extrude>
				<altitudeMode>absolute</altitudeMode>
				<gx:drawOrder>1</gx:drawOrder>
				<coordinates>-8.707711,37.396912,3945 </coordinates>
			</Point>
		</Placemark><Placemark>
			<name>9.2kn - 150° - 3942m - 09:19:00 17/09 UTC</name>
			<styleUrl>#msn_open-diamond</styleUrl>
			<Point>
				<extrude>1</extrude>
				<altitudeMode>absolute</altitudeMode>
				<gx:drawOrder>1</gx:drawOrder>
				<coordinates>-8.709402,37.399246,3942 </coordinates>
			</Point>
		</Placemark><Placemark>
			<name>9.2kn - 151° - 3940m - 09:18:00 17/09 UTC</name>
			<styleUrl>#msn_open-diamond</styleUrl>
			<Point>
				<extrude>1</extrude>
				<altitudeMode>absolute</altitudeMode>
				<gx:drawOrder>1</gx:drawOrder>
				<coordinates>-8.711066,37.401585,3940 </coordinates>
			</Point>
		</Placemark><Placemark>
			<name>9.2kn - 151° - 3943m - 09:17:00 17/09 UTC</name>
			<styleUrl>#msn_open-diamond</styleUrl>
			<Point>
				<extrude>1</extrude>
				<altitudeMode>absolute</altitudeMode>
				<gx:drawOrder>1</gx:drawOrder>
				<coordinates>-8.71265,37.403931,3943 </coordinates>
			</Point>
		</Placemark><Placemark>
			<name>9.2kn - 151° - 3933m - 09:16:00 17/09 UTC</name>
			<styleUrl>#msn_open-diamond</styleUrl>
			<Point>
				<extrude>1</extrude>
				<altitudeMode>absolute</altitudeMode>
				<gx:drawOrder>1</gx:drawOrder>
				<coordinates>-8.714185,37.406223,3933 </coordinates>
			</Point>
		</Placemark><Placemark>
			<name>8.6kn - 152° - 3913m - 09:15:00 17/09 UTC</name>
			<styleUrl>#msn_open-diamond</styleUrl>
			<Point>
				<extrude>1</extrude>
				<altitudeMode>absolute</altitudeMode>
				<gx:drawOrder>1</gx:drawOrder>
				<coordinates>-8.715663,37.408413,3913 </coordinates>
			</Point>
		</Placemark><Placemark>
			<name>8.6kn - 156° - 3882m - 09:14:00 17/09 UTC</name>
			<styleUrl>#msn_open-diamond</styleUrl>
			<Point>
				<extrude>1</extrude>
				<altitudeMode>absolute</altitudeMode>
				<gx:drawOrder>1</gx:drawOrder>
				<coordinates>-8.716958,37.410614,3882 </coordinates>
			</Point>
		</Placemark><Placemark>
			<name>8.6kn - 153° - 3874m - 09:13:00 17/09 UTC</name>
			<styleUrl>#msn_open-diamond</styleUrl>
			<Point>
				<extrude>1</extrude>
				<altitudeMode>absolute</altitudeMode>
				<gx:drawOrder>1</gx:drawOrder>
				<coordinates>-8.718271,37.412891,3874 </coordinates>
			</Point>
		</Placemark><Placemark>
			<name>10.3kn - 149° - 3906m - 09:12:00 17/09 UTC</name>
			<styleUrl>#msn_open-diamond</styleUrl>
			<Point>
				<extrude>1</extrude>
				<altitudeMode>absolute</altitudeMode>
				<gx:drawOrder>1</gx:drawOrder>
				<coordinates>-8.719875,37.41526,3906 </coordinates>
			</Point>
		</Placemark><Placemark>
			<name>10.8kn - 147° - 3970m - 09:11:00 17/09 UTC</name>
			<styleUrl>#msn_open-diamond</styleUrl>
			<Point>
				<extrude>1</extrude>
				<altitudeMode>absolute</altitudeMode>
				<gx:drawOrder>1</gx:drawOrder>
				<coordinates>-8.721891,37.417877,3970 </coordinates>
			</Point>
		</Placemark><Placemark>
			<name>9.7kn - 151° - 4049m - 09:10:00 17/09 UTC</name>
			<styleUrl>#msn_open-diamond</styleUrl>
			<Point>
				<extrude>1</extrude>
				<altitudeMode>absolute</altitudeMode>
				<gx:drawOrder>1</gx:drawOrder>
				<coordinates>-8.723745,37.420418,4049 </coordinates>
			</Point>
		</Placemark><Placemark>
			<name>8.1kn - 156° - 4130m - 09:09:00 17/09 UTC</name>
			<styleUrl>#msn_open-diamond</styleUrl>
			<Point>
				<extrude>1</extrude>
				<altitudeMode>absolute</altitudeMode>
				<gx:drawOrder>1</gx:drawOrder>
				<coordinates>-8.72516,37.42273,4130 </coordinates>
			</Point>
		</Placemark><Placemark>
			<name>6.5kn - 158° - 4203m - 09:08:00 17/09 UTC</name>
			<styleUrl>#msn_open-diamond</styleUrl>
			<Point>
				<extrude>1</extrude>
				<altitudeMode>absolute</altitudeMode>
				<gx:drawOrder>1</gx:drawOrder>
				<coordinates>-8.726225,37.424717,4203 </coordinates>
			</Point>
		</Placemark><Placemark>
			<name>8.1kn - 162° - 4275m - 09:07:00 17/09 UTC</name>
			<styleUrl>#msn_open-diamond</styleUrl>
			<Point>
				<extrude>1</extrude>
				<altitudeMode>absolute</altitudeMode>
				<gx:drawOrder>1</gx:drawOrder>
				<coordinates>-8.727081,37.426666,4275 </coordinates>
			</Point>
		</Placemark><Placemark>
			<name>6.5kn - 157° - 4337m - 09:06:00 17/09 UTC</name>
			<styleUrl>#msn_open-diamond</styleUrl>
			<Point>
				<extrude>1</extrude>
				<altitudeMode>absolute</altitudeMode>
				<gx:drawOrder>1</gx:drawOrder>
				<coordinates>-8.727986,37.428593,4337 </coordinates>
			</Point>
		</Placemark><Placemark>
			<name>4.9kn - 175° - 4406m - 09:05:00 17/09 UTC</name>
			<styleUrl>#msn_open-diamond</styleUrl>
			<Point>
				<extrude>1</extrude>
				<altitudeMode>absolute</altitudeMode>
				<gx:drawOrder>1</gx:drawOrder>
				<coordinates>-8.728602,37.430161,4406 </coordinates>
			</Point>
		</Placemark><Placemark>
			<name>5.9kn - 190° - 4478m - 09:04:00 17/09 UTC</name>
			<styleUrl>#msn_open-diamond</styleUrl>
			<Point>
				<extrude>1</extrude>
				<altitudeMode>absolute</altitudeMode>
				<gx:drawOrder>1</gx:drawOrder>
				<coordinates>-8.728336,37.431675,4478 </coordinates>
			</Point>
		</Placemark><Placemark>
			<name>7.0kn - 197° - 4548m - 09:03:00 17/09 UTC</name>
			<styleUrl>#msn_open-diamond</styleUrl>
			<Point>
				<extrude>1</extrude>
				<altitudeMode>absolute</altitudeMode>
				<gx:drawOrder>1</gx:drawOrder>
				<coordinates>-8.727832,37.433434,4548 </coordinates>
			</Point>
		</Placemark><Placemark>
			<name>7.0kn - 207° - 4630m - 09:02:00 17/09 UTC</name>
			<styleUrl>#msn_open-diamond</styleUrl>
			<Point>
				<extrude>1</extrude>
				<altitudeMode>absolute</altitudeMode>
				<gx:drawOrder>1</gx:drawOrder>
				<coordinates>-8.72684,37.435265,4630 </coordinates>
			</Point>
		</Placemark><Placemark>
			<name>9.2kn - 212° - 4722m - 09:01:00 17/09 UTC</name>
			<styleUrl>#msn_open-diamond</styleUrl>
			<Point>
				<extrude>1</extrude>
				<altitudeMode>absolute</altitudeMode>
				<gx:drawOrder>1</gx:drawOrder>
				<coordinates>-8.725377,37.437153,4722 </coordinates>
			</Point>
		</Placemark><Placemark>
			<name>9.7kn - 212° - 4785m - 09:00:00 17/09 UTC</name>
			<styleUrl>#msn_open-diamond</styleUrl>
			<Point>
				<extrude>1</extrude>
				<altitudeMode>absolute</altitudeMode>
				<gx:drawOrder>1</gx:drawOrder>
				<coordinates>-8.723492,37.439453,4785 </coordinates>
			</Point>
		</Placemark><Placemark>
			<name>9.7kn - 212° - 4791m - 08:59:00 17/09 UTC</name>
			<styleUrl>#msn_open-diamond</styleUrl>
			<Point>
				<extrude>1</extrude>
				<altitudeMode>absolute</altitudeMode>
				<gx:drawOrder>1</gx:drawOrder>
				<coordinates>-8.721613,37.441807,4791 </coordinates>
			</Point>
		</Placemark><Placemark>
			<name>9.7kn - 211° - 4785m - 08:58:00 17/09 UTC</name>
			<styleUrl>#msn_open-diamond</styleUrl>
			<Point>
				<extrude>1</extrude>
				<altitudeMode>absolute</altitudeMode>
				<gx:drawOrder>1</gx:drawOrder>
				<coordinates>-8.719782,37.444145,4785 </coordinates>
			</Point>
		</Placemark><Placemark>
			<name>9.2kn - 212° - 4773m - 08:57:00 17/09 UTC</name>
			<styleUrl>#msn_open-diamond</styleUrl>
			<Point>
				<extrude>1</extrude>
				<altitudeMode>absolute</altitudeMode>
				<gx:drawOrder>1</gx:drawOrder>
				<coordinates>-8.718012,37.446419,4773 </coordinates>
			</Point>
		</Placemark><Placemark>
			<name>9.7kn - 212° - 4766m - 08:56:00 17/09 UTC</name>
			<styleUrl>#msn_open-diamond</styleUrl>
			<Point>
				<extrude>1</extrude>
				<altitudeMode>absolute</altitudeMode>
				<gx:drawOrder>1</gx:drawOrder>
				<coordinates>-8.716162,37.448704,4766 </coordinates>
			</Point>
		</Placemark><Placemark>
			<name>9.2kn - 214° - 4755m - 08:55:00 17/09 UTC</name>
			<styleUrl>#msn_open-diamond</styleUrl>
			<Point>
				<extrude>1</extrude>
				<altitudeMode>absolute</altitudeMode>
				<gx:drawOrder>1</gx:drawOrder>
				<coordinates>-8.714335,37.450974,4755 </coordinates>
			</Point>
		</Placemark><Placemark>
			<name>8.6kn - 217° - 4736m - 08:54:00 17/09 UTC</name>
			<styleUrl>#msn_open-diamond</styleUrl>
			<Point>
				<extrude>1</extrude>
				<altitudeMode>absolute</altitudeMode>
				<gx:drawOrder>1</gx:drawOrder>
				<coordinates>-8.712428,37.453053,4736 </coordinates>
			</Point>
		</Placemark><Placemark>
			<name>8.6kn - 216° - 4715m - 08:53:00 17/09 UTC</name>
			<styleUrl>#msn_open-diamond</styleUrl>
			<Point>
				<extrude>1</extrude>
				<altitudeMode>absolute</altitudeMode>
				<gx:drawOrder>1</gx:drawOrder>
				<coordinates>-8.710515,37.455055,4715 </coordinates>
			</Point>
		</Placemark><Placemark>
			<name>8.1kn - 213° - 4694m - 08:52:00 17/09 UTC</name>
			<styleUrl>#msn_open-diamond</styleUrl>
			<Point>
				<extrude>1</extrude>
				<altitudeMode>absolute</altitudeMode>
				<gx:drawOrder>1</gx:drawOrder>
				<coordinates>-8.708767,37.457008,4694 </coordinates>
			</Point>
		</Placemark><Placemark>
			<name>8.6kn - 212° - 4664m - 08:51:00 17/09 UTC</name>
			<styleUrl>#msn_open-diamond</styleUrl>
			<Point>
				<extrude>1</extrude>
				<altitudeMode>absolute</altitudeMode>
				<gx:drawOrder>1</gx:drawOrder>
				<coordinates>-8.70713,37.459003,4664 </coordinates>
			</Point>
		</Placemark><Placemark>
			<name>8.1kn - 210° - 4628m - 08:50:00 17/09 UTC</name>
			<styleUrl>#msn_open-diamond</styleUrl>
			<Point>
				<extrude>1</extrude>
				<altitudeMode>absolute</altitudeMode>
				<gx:drawOrder>1</gx:drawOrder>
				<coordinates>-8.70557,37.461018,4628 </coordinates>
			</Point>
		</Placemark><Placemark>
			<name>8.1kn - 207° - 4602m - 08:49:00 17/09 UTC</name>
			<styleUrl>#msn_open-diamond</styleUrl>
			<Point>
				<extrude>1</extrude>
				<altitudeMode>absolute</altitudeMode>
				<gx:drawOrder>1</gx:drawOrder>
				<coordinates>-8.704139,37.46307,4602 </coordinates>
			</Point>
		</Placemark><Placemark>
			<name>8.6kn - 200° - 4585m - 08:48:00 17/09 UTC</name>
			<styleUrl>#msn_open-diamond</styleUrl>
			<Point>
				<extrude>1</extrude>
				<altitudeMode>absolute</altitudeMode>
				<gx:drawOrder>1</gx:drawOrder>
				<coordinates>-8.702895,37.46526,4585 </coordinates>
			</Point>
		</Placemark><Placemark>
			<name>8.1kn - 194° - 4569m - 08:47:00 17/09 UTC</name>
			<styleUrl>#msn_open-diamond</styleUrl>
			<Point>
				<extrude>1</extrude>
				<altitudeMode>absolute</altitudeMode>
				<gx:drawOrder>1</gx:drawOrder>
				<coordinates>-8.702022,37.467564,4569 </coordinates>
			</Point>
		</Placemark><Placemark>
			<name>7.6kn - 196° - 4553m - 08:46:00 17/09 UTC</name>
			<styleUrl>#msn_open-diamond</styleUrl>
			<Point>
				<extrude>1</extrude>
				<altitudeMode>absolute</altitudeMode>
				<gx:drawOrder>1</gx:drawOrder>
				<coordinates>-8.701288,37.469688,4553 </coordinates>
			</Point>
		</Placemark><Placemark>
			<name>7.6kn - 198° - 4529m - 08:45:00 17/09 UTC</name>
			<styleUrl>#msn_open-diamond</styleUrl>
			<Point>
				<extrude>1</extrude>
				<altitudeMode>absolute</altitudeMode>
				<gx:drawOrder>1</gx:drawOrder>
				<coordinates>-8.700493,37.47171,4529 </coordinates>
			</Point>
		</Placemark><Placemark>
			<name>7.0kn - 198° - 4516m - 08:44:00 17/09 UTC</name>
			<styleUrl>#msn_open-diamond</styleUrl>
			<Point>
				<extrude>1</extrude>
				<altitudeMode>absolute</altitudeMode>
				<gx:drawOrder>1</gx:drawOrder>
				<coordinates>-8.699665,37.473694,4516 </coordinates>
			</Point>
		</Placemark><Placemark>
			<name>6.5kn - 198° - 4499m - 08:43:00 17/09 UTC</name>
			<styleUrl>#msn_open-diamond</styleUrl>
			<Point>
				<extrude>1</extrude>
				<altitudeMode>absolute</altitudeMode>
				<gx:drawOrder>1</gx:drawOrder>
				<coordinates>-8.698876,37.475559,4499 </coordinates>
			</Point>
		</Placemark><Placemark>
			<name>5.9kn - 198° - 4474m - 08:42:00 17/09 UTC</name>
			<styleUrl>#msn_open-diamond</styleUrl>
			<Point>
				<extrude>1</extrude>
				<altitudeMode>absolute</altitudeMode>
				<gx:drawOrder>1</gx:drawOrder>
				<coordinates>-8.698142,37.477249,4474 </coordinates>
			</Point>
		</Placemark><Placemark>
			<name>5.4kn - 186° - 4438m - 08:41:00 17/09 UTC</name>
			<styleUrl>#msn_open-diamond</styleUrl>
			<Point>
				<extrude>1</extrude>
				<altitudeMode>absolute</altitudeMode>
				<gx:drawOrder>1</gx:drawOrder>
				<coordinates>-8.69772,37.47876,4438 </coordinates>
			</Point>
		</Placemark><Placemark>
			<name>5.4kn - 180° - 4418m - 08:40:00 17/09 UTC</name>
			<styleUrl>#msn_open-diamond</styleUrl>
			<Point>
				<extrude>1</extrude>
				<altitudeMode>absolute</altitudeMode>
				<gx:drawOrder>1</gx:drawOrder>
				<coordinates>-8.697607,37.480305,4418 </coordinates>
			</Point>
		</Placemark><Placemark>
			<name>5.4kn - 175° - 4415m - 08:39:00 17/09 UTC</name>
			<styleUrl>#msn_open-diamond</styleUrl>
			<Point>
				<extrude>1</extrude>
				<altitudeMode>absolute</altitudeMode>
				<gx:drawOrder>1</gx:drawOrder>
				<coordinates>-8.697668,37.481918,4415 </coordinates>
			</Point>
		</Placemark><Placemark>
			<name>5.9kn - 180° - 4350m - 08:34:00 17/09 UTC</name>
			<styleUrl>#msn_open-diamond</styleUrl>
			<Point>
				<extrude>1</extrude>
				<altitudeMode>absolute</altitudeMode>
				<gx:drawOrder>1</gx:drawOrder>
				<coordinates>-8.698555,37.489994,4350 </coordinates>
			</Point>
		</Placemark><Placemark>
			<name>6.5kn - 180° - 4314m - 08:33:00 17/09 UTC</name>
			<styleUrl>#msn_open-diamond</styleUrl>
			<Point>
				<extrude>1</extrude>
				<altitudeMode>absolute</altitudeMode>
				<gx:drawOrder>1</gx:drawOrder>
				<coordinates>-8.698546,37.491741,4314 </coordinates>
			</Point>
		</Placemark><Placemark>
			<name>7.0kn - 180° - 4273m - 08:32:00 17/09 UTC</name>
			<styleUrl>#msn_open-diamond</styleUrl>
			<Point>
				<extrude>1</extrude>
				<altitudeMode>absolute</altitudeMode>
				<gx:drawOrder>1</gx:drawOrder>
				<coordinates>-8.698535,37.49366,4273 </coordinates>
			</Point>
		</Placemark><Placemark>
			<name>8.1kn - 178° - 4241m - 08:31:00 17/09 UTC</name>
			<styleUrl>#msn_open-diamond</styleUrl>
			<Point>
				<extrude>1</extrude>
				<altitudeMode>absolute</altitudeMode>
				<gx:drawOrder>1</gx:drawOrder>
				<coordinates>-8.698553,37.495823,4241 </coordinates>
			</Point>
		</Placemark><Placemark>
			<name>8.6kn - 178° - 4223m - 08:30:00 17/09 UTC</name>
			<styleUrl>#msn_open-diamond</styleUrl>
			<Point>
				<extrude>1</extrude>
				<altitudeMode>absolute</altitudeMode>
				<gx:drawOrder>1</gx:drawOrder>
				<coordinates>-8.698628,37.4982,4223 </coordinates>
			</Point>
		</Placemark><Placemark>
			<name>9.2kn - 178° - 4228m - 08:29:00 17/09 UTC</name>
			<styleUrl>#msn_open-diamond</styleUrl>
			<Point>
				<extrude>1</extrude>
				<altitudeMode>absolute</altitudeMode>
				<gx:drawOrder>1</gx:drawOrder>
				<coordinates>-8.6987,37.500732,4228 </coordinates>
			</Point>
		</Placemark><Placemark>
			<name>9.2kn - 178° - 4233m - 08:28:00 17/09 UTC</name>
			<styleUrl>#msn_open-diamond</styleUrl>
			<Point>
				<extrude>1</extrude>
				<altitudeMode>absolute</altitudeMode>
				<gx:drawOrder>1</gx:drawOrder>
				<coordinates>-8.69878,37.503365,4233 </coordinates>
			</Point>
		</Placemark><Placemark>
			<name>9.7kn - 178° - 4225m - 08:27:00 17/09 UTC</name>
			<styleUrl>#msn_open-diamond</styleUrl>
			<Point>
				<extrude>1</extrude>
				<altitudeMode>absolute</altitudeMode>
				<gx:drawOrder>1</gx:drawOrder>
				<coordinates>-8.698875,37.506088,4225 </coordinates>
			</Point>
		</Placemark><Placemark>
			<name>10.3kn - 179° - 4206m - 08:26:00 17/09 UTC</name>
			<styleUrl>#msn_open-diamond</styleUrl>
			<Point>
				<extrude>1</extrude>
				<altitudeMode>absolute</altitudeMode>
				<gx:drawOrder>1</gx:drawOrder>
				<coordinates>-8.69895,37.508904,4206 </coordinates>
			</Point>
		</Placemark><Placemark>
			<name>10.3kn - 179° - 4186m - 08:25:00 17/09 UTC</name>
			<styleUrl>#msn_open-diamond</styleUrl>
			<Point>
				<extrude>1</extrude>
				<altitudeMode>absolute</altitudeMode>
				<gx:drawOrder>1</gx:drawOrder>
				<coordinates>-8.699003,37.511787,4186 </coordinates>
			</Point>
		</Placemark><Placemark>
			<name>10.3kn - 179° - 4177m - 08:24:00 17/09 UTC</name>
			<styleUrl>#msn_open-diamond</styleUrl>
			<Point>
				<extrude>1</extrude>
				<altitudeMode>absolute</altitudeMode>
				<gx:drawOrder>1</gx:drawOrder>
				<coordinates>-8.699032,37.514668,4177 </coordinates>
			</Point>
		</Placemark><Placemark>
			<name>10.3kn - 180° - 4182m - 08:23:00 17/09 UTC</name>
			<styleUrl>#msn_open-diamond</styleUrl>
			<Point>
				<extrude>1</extrude>
				<altitudeMode>absolute</altitudeMode>
				<gx:drawOrder>1</gx:drawOrder>
				<coordinates>-8.699,37.517536,4182 </coordinates>
			</Point>
		</Placemark><Placemark>
			<name>9.7kn - 181° - 4189m - 08:22:00 17/09 UTC</name>
			<styleUrl>#msn_open-diamond</styleUrl>
			<Point>
				<extrude>1</extrude>
				<altitudeMode>absolute</altitudeMode>
				<gx:drawOrder>1</gx:drawOrder>
				<coordinates>-8.698912,37.520393,4189 </coordinates>
			</Point>
		</Placemark><Placemark>
			<name>9.7kn - 183° - 4183m - 08:21:00 17/09 UTC</name>
			<styleUrl>#msn_open-diamond</styleUrl>
			<Point>
				<extrude>1</extrude>
				<altitudeMode>absolute</altitudeMode>
				<gx:drawOrder>1</gx:drawOrder>
				<coordinates>-8.698747,37.523216,4183 </coordinates>
			</Point>
		</Placemark><Placemark>
			<name>10.3kn - 183° - 4174m - 08:20:00 17/09 UTC</name>
			<styleUrl>#msn_open-diamond</styleUrl>
			<Point>
				<extrude>1</extrude>
				<altitudeMode>absolute</altitudeMode>
				<gx:drawOrder>1</gx:drawOrder>
				<coordinates>-8.698519,37.526032,4174 </coordinates>
			</Point>
		</Placemark><Placemark>
			<name>10.3kn - 181° - 4174m - 08:19:00 17/09 UTC</name>
			<styleUrl>#msn_open-diamond</styleUrl>
			<Point>
				<extrude>1</extrude>
				<altitudeMode>absolute</altitudeMode>
				<gx:drawOrder>1</gx:drawOrder>
				<coordinates>-8.698367,37.528946,4174 </coordinates>
			</Point>
		</Placemark><Placemark>
			<name>10.8kn - 179° - 4176m - 08:18:00 17/09 UTC</name>
			<styleUrl>#msn_open-diamond</styleUrl>
			<Point>
				<extrude>1</extrude>
				<altitudeMode>absolute</altitudeMode>
				<gx:drawOrder>1</gx:drawOrder>
				<coordinates>-8.698335,37.531979,4176 </coordinates>
			</Point>
		</Placemark><Placemark>
			<name>10.8kn - 179° - 4182m - 08:17:00 17/09 UTC</name>
			<styleUrl>#msn_open-diamond</styleUrl>
			<Point>
				<extrude>1</extrude>
				<altitudeMode>absolute</altitudeMode>
				<gx:drawOrder>1</gx:drawOrder>
				<coordinates>-8.698357,37.535072,4182 </coordinates>
			</Point>
		</Placemark><Placemark>
			<name>10.8kn - 179° - 4180m - 08:16:00 17/09 UTC</name>
			<styleUrl>#msn_open-diamond</styleUrl>
			<Point>
				<extrude>1</extrude>
				<altitudeMode>absolute</altitudeMode>
				<gx:drawOrder>1</gx:drawOrder>
				<coordinates>-8.698374,37.538139,4180 </coordinates>
			</Point>
		</Placemark><Placemark>
			<name>10.3kn - 182° - 4167m - 08:15:00 17/09 UTC</name>
			<styleUrl>#msn_open-diamond</styleUrl>
			<Point>
				<extrude>1</extrude>
				<altitudeMode>absolute</altitudeMode>
				<gx:drawOrder>1</gx:drawOrder>
				<coordinates>-8.698287,37.541157,4167 </coordinates>
			</Point>
		</Placemark><Placemark>
			<name>10.3kn - 182° - 4179m - 08:14:00 17/09 UTC</name>
			<styleUrl>#msn_open-diamond</styleUrl>
			<Point>
				<extrude>1</extrude>
				<altitudeMode>absolute</altitudeMode>
				<gx:drawOrder>1</gx:drawOrder>
				<coordinates>-8.698115,37.544128,4179 </coordinates>
			</Point>
		</Placemark><Placemark>
			<name>9.2kn - 187° - 4232m - 08:13:00 17/09 UTC</name>
			<styleUrl>#msn_open-diamond</styleUrl>
			<Point>
				<extrude>1</extrude>
				<altitudeMode>absolute</altitudeMode>
				<gx:drawOrder>1</gx:drawOrder>
				<coordinates>-8.697897,37.546982,4232 </coordinates>
			</Point>
		</Placemark><Placemark>
			<name>7.6kn - 194° - 4283m - 08:12:00 17/09 UTC</name>
			<styleUrl>#msn_open-diamond</styleUrl>
			<Point>
				<extrude>1</extrude>
				<altitudeMode>absolute</altitudeMode>
				<gx:drawOrder>1</gx:drawOrder>
				<coordinates>-8.697313,37.549278,4283 </coordinates>
			</Point>
		</Placemark><Placemark>
			<name>7.0kn - 196° - 4315m - 08:11:00 17/09 UTC</name>
			<styleUrl>#msn_open-diamond</styleUrl>
			<Point>
				<extrude>1</extrude>
				<altitudeMode>absolute</altitudeMode>
				<gx:drawOrder>1</gx:drawOrder>
				<coordinates>-8.696625,37.551273,4315 </coordinates>
			</Point>
		</Placemark><Placemark>
			<name>5.9kn - 198° - 4360m - 08:10:00 17/09 UTC</name>
			<styleUrl>#msn_open-diamond</styleUrl>
			<Point>
				<extrude>1</extrude>
				<altitudeMode>absolute</altitudeMode>
				<gx:drawOrder>1</gx:drawOrder>
				<coordinates>-8.695945,37.553082,4360 </coordinates>
			</Point>
		</Placemark><Placemark>
			<name>5.4kn - 207° - 4415m - 08:09:00 17/09 UTC</name>
			<styleUrl>#msn_open-diamond</styleUrl>
			<Point>
				<extrude>1</extrude>
				<altitudeMode>absolute</altitudeMode>
				<gx:drawOrder>1</gx:drawOrder>
				<coordinates>-8.695202,37.554592,4415 </coordinates>
			</Point>
		</Placemark><Placemark>
			<name>5.9kn - 220° - 4478m - 08:08:00 17/09 UTC</name>
			<styleUrl>#msn_open-diamond</styleUrl>
			<Point>
				<extrude>1</extrude>
				<altitudeMode>absolute</altitudeMode>
				<gx:drawOrder>1</gx:drawOrder>
				<coordinates>-8.694072,37.555897,4478 </coordinates>
			</Point>
		</Placemark><Placemark>
			<name>7.0kn - 220° - 4551m - 08:07:00 17/09 UTC</name>
			<styleUrl>#msn_open-diamond</styleUrl>
			<Point>
				<extrude>1</extrude>
				<altitudeMode>absolute</altitudeMode>
				<gx:drawOrder>1</gx:drawOrder>
				<coordinates>-8.692582,37.557312,4551 </coordinates>
			</Point>
		</Placemark><Placemark>
			<name>15.1kn - 218° - 4936m - 08:03:00 17/09 UTC</name>
			<styleUrl>#msn_open-diamond</styleUrl>
			<Point>
				<extrude>1</extrude>
				<altitudeMode>absolute</altitudeMode>
				<gx:drawOrder>1</gx:drawOrder>
				<coordinates>-8.68294,37.56633,4936 </coordinates>
			</Point>
		</Placemark><Placemark>
			<name>21.1kn - 228° - 5062m - 08:02:00 17/09 UTC</name>
			<styleUrl>#msn_open-diamond</styleUrl>
			<Point>
				<extrude>1</extrude>
				<altitudeMode>absolute</altitudeMode>
				<gx:drawOrder>1</gx:drawOrder>
				<coordinates>-8.678659,37.569996,5062 </coordinates>
			</Point>
		</Placemark><Placemark>
			<name>18.4kn - 225° - 5182m - 08:01:00 17/09 UTC</name>
			<styleUrl>#msn_open-diamond</styleUrl>
			<Point>
				<extrude>1</extrude>
				<altitudeMode>absolute</altitudeMode>
				<gx:drawOrder>1</gx:drawOrder>
				<coordinates>-8.673483,37.573933,5182 </coordinates>
			</Point>
		</Placemark><Placemark>
			<name>18.4kn - 229° - 5283m - 08:00:00 17/09 UTC</name>
			<styleUrl>#msn_open-diamond</styleUrl>
			<Point>
				<extrude>1</extrude>
				<altitudeMode>absolute</altitudeMode>
				<gx:drawOrder>1</gx:drawOrder>
				<coordinates>-8.668682,37.5774,5283 </coordinates>
			</Point>
		</Placemark><Placemark>
			<name>18.9kn - 230° - 5314m - 07:59:00 17/09 UTC</name>
			<styleUrl>#msn_open-diamond</styleUrl>
			<Point>
				<extrude>1</extrude>
				<altitudeMode>absolute</altitudeMode>
				<gx:drawOrder>1</gx:drawOrder>
				<coordinates>-8.663595,37.580807,5314 </coordinates>
			</Point>
		</Placemark><Placemark>
			<name>18.9kn - 230° - 5307m - 07:58:00 17/09 UTC</name>
			<styleUrl>#msn_open-diamond</styleUrl>
			<Point>
				<extrude>1</extrude>
				<altitudeMode>absolute</altitudeMode>
				<gx:drawOrder>1</gx:drawOrder>
				<coordinates>-8.658432,37.584213,5307 </coordinates>
			</Point>
		</Placemark><Placemark>
			<name>18.9kn - 229° - 5293m - 07:57:00 17/09 UTC</name>
			<styleUrl>#msn_open-diamond</styleUrl>
			<Point>
				<extrude>1</extrude>
				<altitudeMode>absolute</altitudeMode>
				<gx:drawOrder>1</gx:drawOrder>
				<coordinates>-8.653323,37.587647,5293 </coordinates>
			</Point>
		</Placemark><Placemark>
			<name>19.4kn - 229° - 5279m - 07:56:00 17/09 UTC</name>
			<styleUrl>#msn_open-diamond</styleUrl>
			<Point>
				<extrude>1</extrude>
				<altitudeMode>absolute</altitudeMode>
				<gx:drawOrder>1</gx:drawOrder>
				<coordinates>-8.648193,37.591164,5279 </coordinates>
			</Point>
		</Placemark><Placemark>
			<name>18.9kn - 230° - 5267m - 07:55:00 17/09 UTC</name>
			<styleUrl>#msn_open-diamond</styleUrl>
			<Point>
				<extrude>1</extrude>
				<altitudeMode>absolute</altitudeMode>
				<gx:drawOrder>1</gx:drawOrder>
				<coordinates>-8.643002,37.594639,5267 </coordinates>
			</Point>
		</Placemark><Placemark>
			<name>18.9kn - 229° - 5258m - 07:54:00 17/09 UTC</name>
			<styleUrl>#msn_open-diamond</styleUrl>
			<Point>
				<extrude>1</extrude>
				<altitudeMode>absolute</altitudeMode>
				<gx:drawOrder>1</gx:drawOrder>
				<coordinates>-8.637888,37.598068,5258 </coordinates>
			</Point>
		</Placemark><Placemark>
			<name>18.9kn - 228° - 5241m - 07:53:00 17/09 UTC</name>
			<styleUrl>#msn_open-diamond</styleUrl>
			<Point>
				<extrude>1</extrude>
				<altitudeMode>absolute</altitudeMode>
				<gx:drawOrder>1</gx:drawOrder>
				<coordinates>-8.63284,37.601555,5241 </coordinates>
			</Point>
		</Placemark><Placemark>
			<name>19.4kn - 227° - 5128m - 07:49:00 17/09 UTC</name>
			<styleUrl>#msn_open-diamond</styleUrl>
			<Point>
				<extrude>1</extrude>
				<altitudeMode>absolute</altitudeMode>
				<gx:drawOrder>1</gx:drawOrder>
				<coordinates>-8.612608,37.616585,5128 </coordinates>
			</Point>
		</Placemark><Placemark>
			<name>18.9kn - 226° - 5096m - 07:48:00 17/09 UTC</name>
			<styleUrl>#msn_open-diamond</styleUrl>
			<Point>
				<extrude>1</extrude>
				<altitudeMode>absolute</altitudeMode>
				<gx:drawOrder>1</gx:drawOrder>
				<coordinates>-8.607638,37.620297,5096 </coordinates>
			</Point>
		</Placemark><Placemark>
			<name>18.9kn - 224° - 5057m - 07:47:00 17/09 UTC</name>
			<styleUrl>#msn_open-diamond</styleUrl>
			<Point>
				<extrude>1</extrude>
				<altitudeMode>absolute</altitudeMode>
				<gx:drawOrder>1</gx:drawOrder>
				<coordinates>-8.602805,37.624088,5057 </coordinates>
			</Point>
		</Placemark><Placemark>
			<name>18.4kn - 222° - 5028m - 07:46:00 17/09 UTC</name>
			<styleUrl>#msn_open-diamond</styleUrl>
			<Point>
				<extrude>1</extrude>
				<altitudeMode>absolute</altitudeMode>
				<gx:drawOrder>1</gx:drawOrder>
				<coordinates>-8.598178,37.627918,5028 </coordinates>
			</Point>
		</Placemark><Placemark>
			<name>17.3kn - 220° - 5008m - 07:45:00 17/09 UTC</name>
			<styleUrl>#msn_open-diamond</styleUrl>
			<Point>
				<extrude>1</extrude>
				<altitudeMode>absolute</altitudeMode>
				<gx:drawOrder>1</gx:drawOrder>
				<coordinates>-8.593892,37.63171,5008 </coordinates>
			</Point>
		</Placemark><Placemark>
			<name>16.2kn - 218° - 4987m - 07:44:00 17/09 UTC</name>
			<styleUrl>#msn_open-diamond</styleUrl>
			<Point>
				<extrude>1</extrude>
				<altitudeMode>absolute</altitudeMode>
				<gx:drawOrder>1</gx:drawOrder>
				<coordinates>-8.590075,37.635372,4987 </coordinates>
			</Point>
		</Placemark><Placemark>
			<name>14.6kn - 222° - 4958m - 07:43:00 17/09 UTC</name>
			<styleUrl>#msn_open-diamond</styleUrl>
			<Point>
				<extrude>1</extrude>
				<altitudeMode>absolute</altitudeMode>
				<gx:drawOrder>1</gx:drawOrder>
				<coordinates>-8.58664,37.638714,4958 </coordinates>
			</Point>
		</Placemark><Placemark>
			<name>14.0kn - 224° - 4923m - 07:42:00 17/09 UTC</name>
			<styleUrl>#msn_open-diamond</styleUrl>
			<Point>
				<extrude>1</extrude>
				<altitudeMode>absolute</altitudeMode>
				<gx:drawOrder>1</gx:drawOrder>
				<coordinates>-8.583154,37.641571,4923 </coordinates>
			</Point>
		</Placemark><Placemark>
			<name>13.5kn - 223° - 4893m - 07:41:00 17/09 UTC</name>
			<styleUrl>#msn_open-diamond</styleUrl>
			<Point>
				<extrude>1</extrude>
				<altitudeMode>absolute</altitudeMode>
				<gx:drawOrder>1</gx:drawOrder>
				<coordinates>-8.579748,37.644341,4893 </coordinates>
			</Point>
		</Placemark><Placemark>
			<name>12.4kn - 222° - 4859m - 07:40:00 17/09 UTC</name>
			<styleUrl>#msn_open-diamond</styleUrl>
			<Point>
				<extrude>1</extrude>
				<altitudeMode>absolute</altitudeMode>
				<gx:drawOrder>1</gx:drawOrder>
				<coordinates>-8.576593,37.646988,4859 </coordinates>
			</Point>
		</Placemark><Placemark>
			<name>11.3kn - 218° - 4829m - 07:39:00 17/09 UTC</name>
			<styleUrl>#msn_open-diamond</styleUrl>
			<Point>
				<extrude>1</extrude>
				<altitudeMode>absolute</altitudeMode>
				<gx:drawOrder>1</gx:drawOrder>
				<coordinates>-8.573882,37.649559,4829 </coordinates>
			</Point>
		</Placemark><Placemark>
			<name>10.3kn - 214° - 4812m - 07:38:00 17/09 UTC</name>
			<styleUrl>#msn_open-diamond</styleUrl>
			<Point>
				<extrude>1</extrude>
				<altitudeMode>absolute</altitudeMode>
				<gx:drawOrder>1</gx:drawOrder>
				<coordinates>-8.571551,37.652103,4812 </coordinates>
			</Point>
		</Placemark><Placemark>
			<name>9.7kn - 217° - 4792m - 07:37:00 17/09 UTC</name>
			<styleUrl>#msn_open-diamond</styleUrl>
			<Point>
				<extrude>1</extrude>
				<altitudeMode>absolute</altitudeMode>
				<gx:drawOrder>1</gx:drawOrder>
				<coordinates>-8.569428,37.654388,4792 </coordinates>
			</Point>
		</Placemark><Placemark>
			<name>7.6kn - 221° - 4690m - 07:34:00 17/09 UTC</name>
			<styleUrl>#msn_open-diamond</styleUrl>
			<Point>
				<extrude>1</extrude>
				<altitudeMode>absolute</altitudeMode>
				<gx:drawOrder>1</gx:drawOrder>
				<coordinates>-8.563276,37.659992,4690 </coordinates>
			</Point>
		</Placemark><Placemark>
			<name>7.0kn - 221° - 4647m - 07:33:00 17/09 UTC</name>
			<styleUrl>#msn_open-diamond</styleUrl>
			<Point>
				<extrude>1</extrude>
				<altitudeMode>absolute</altitudeMode>
				<gx:drawOrder>1</gx:drawOrder>
				<coordinates>-8.56155,37.661549,4647 </coordinates>
			</Point>
		</Placemark><Placemark>
			<name>7.0kn - 220° - 4622m - 07:32:07 17/09 UTC</name>
			<styleUrl>#msn_open-diamond</styleUrl>
			<Point>
				<extrude>1</extrude>
				<altitudeMode>absolute</altitudeMode>
				<gx:drawOrder>1</gx:drawOrder>
				<coordinates>-8.560088,37.662911,4622 </coordinates>
			</Point>
		</Placemark><Placemark>
			<name>6.5kn - 217° - 4541m - 07:30:00 17/09 UTC</name>
			<styleUrl>#msn_open-diamond</styleUrl>
			<Point>
				<extrude>1</extrude>
				<altitudeMode>absolute</altitudeMode>
				<gx:drawOrder>1</gx:drawOrder>
				<coordinates>-8.556637,37.665909,4541 </coordinates>
			</Point>
		</Placemark><Placemark>
			<name>9.2kn - 188° - 4392m - 07:25:00 17/09 UTC</name>
			<styleUrl>#msn_open-diamond</styleUrl>
			<Point>
				<extrude>1</extrude>
				<altitudeMode>absolute</altitudeMode>
				<gx:drawOrder>1</gx:drawOrder>
				<coordinates>-8.551402,37.675938,4392 </coordinates>
			</Point>
		</Placemark><Placemark>
			<name>10.3kn - 176° - 4272m - 07:15:00 17/09 UTC</name>
			<styleUrl>#msn_open-diamond</styleUrl>
			<Point>
				<extrude>1</extrude>
				<altitudeMode>absolute</altitudeMode>
				<gx:drawOrder>1</gx:drawOrder>
				<coordinates>-8.550716,37.708019,4272 </coordinates>
			</Point>
		</Placemark><Placemark>
			<name>10.3kn - 169° - 4272m - 07:10:00 17/09 UTC</name>
			<styleUrl>#msn_open-diamond</styleUrl>
			<Point>
				<extrude>1</extrude>
				<altitudeMode>absolute</altitudeMode>
				<gx:drawOrder>1</gx:drawOrder>
				<coordinates>-8.554493,37.722408,4272 </coordinates>
			</Point>
		</Placemark><Placemark>
			<name>12.4kn - 183° - 4324m - 07:05:00 17/09 UTC</name>
			<styleUrl>#msn_open-diamond</styleUrl>
			<Point>
				<extrude>1</extrude>
				<altitudeMode>absolute</altitudeMode>
				<gx:drawOrder>1</gx:drawOrder>
				<coordinates>-8.554465,37.739189,4324 </coordinates>
			</Point>
		</Placemark><Placemark>
			<name>10.3kn - 192° - 4488m - 07:00:00 17/09 UTC</name>
			<styleUrl>#msn_open-diamond</styleUrl>
			<Point>
				<extrude>1</extrude>
				<altitudeMode>absolute</altitudeMode>
				<gx:drawOrder>1</gx:drawOrder>
				<coordinates>-8.553476,37.756439,4488 </coordinates>
			</Point>
		</Placemark><Placemark>
			<name>11.9kn - 181° - 4427m - 06:55:00 17/09 UTC</name>
			<styleUrl>#msn_open-diamond</styleUrl>
			<Point>
				<extrude>1</extrude>
				<altitudeMode>absolute</altitudeMode>
				<gx:drawOrder>1</gx:drawOrder>
				<coordinates>-8.549704,37.77095,4427 </coordinates>
			</Point>
		</Placemark><Placemark>
			<name>10.3kn - 196° - 4467m - 06:50:00 17/09 UTC</name>
			<styleUrl>#msn_open-diamond</styleUrl>
			<Point>
				<extrude>1</extrude>
				<altitudeMode>absolute</altitudeMode>
				<gx:drawOrder>1</gx:drawOrder>
				<coordinates>-8.548092,37.786907,4467 </coordinates>
			</Point>
		</Placemark><Placemark>
			<name>10.8kn - 213° - 4652m - 06:45:00 17/09 UTC</name>
			<styleUrl>#msn_open-diamond</styleUrl>
			<Point>
				<extrude>1</extrude>
				<altitudeMode>absolute</altitudeMode>
				<gx:drawOrder>1</gx:drawOrder>
				<coordinates>-8.540194,37.79974,4652 </coordinates>
			</Point>
		</Placemark><Placemark>
			<name>14.0kn - 214° - 4822m - 06:40:02 17/09 UTC</name>
			<styleUrl>#msn_open-diamond</styleUrl>
			<Point>
				<extrude>1</extrude>
				<altitudeMode>absolute</altitudeMode>
				<gx:drawOrder>1</gx:drawOrder>
				<coordinates>-8.528245,37.81493,4822 </coordinates>
			</Point>
		</Placemark><Placemark>
			<name>14.0kn - 216° - 4893m - 06:35:02 17/09 UTC</name>
			<styleUrl>#msn_open-diamond</styleUrl>
			<Point>
				<extrude>1</extrude>
				<altitudeMode>absolute</altitudeMode>
				<gx:drawOrder>1</gx:drawOrder>
				<coordinates>-8.512022,37.831017,4893 </coordinates>
			</Point>
		</Placemark><Placemark>
			<name>15.7kn - 218° - 4901m - 06:30:02 17/09 UTC</name>
			<styleUrl>#msn_open-diamond</styleUrl>
			<Point>
				<extrude>1</extrude>
				<altitudeMode>absolute</altitudeMode>
				<gx:drawOrder>1</gx:drawOrder>
				<coordinates>-8.496424,37.847263,4901 </coordinates>
			</Point>
		</Placemark><Placemark>
			<name>18.4kn - 218° - 5081m - 06:15:02 17/09 UTC</name>
			<styleUrl>#msn_open-diamond</styleUrl>
			<Point>
				<extrude>1</extrude>
				<altitudeMode>absolute</altitudeMode>
				<gx:drawOrder>1</gx:drawOrder>
				<coordinates>-8.44006,37.90271,5081 </coordinates>
			</Point>
		</Placemark><Placemark>
			<name>18.9kn - 215° - 5039m - 06:10:02 17/09 UTC</name>
			<styleUrl>#msn_open-diamond</styleUrl>
			<Point>
				<extrude>1</extrude>
				<altitudeMode>absolute</altitudeMode>
				<gx:drawOrder>1</gx:drawOrder>
				<coordinates>-8.42034,37.923397,5039 </coordinates>
			</Point>
		</Placemark><Placemark>
			<name>19.4kn - 212° - 5023m - 06:05:01 17/09 UTC</name>
			<styleUrl>#msn_open-diamond</styleUrl>
			<Point>
				<extrude>1</extrude>
				<altitudeMode>absolute</altitudeMode>
				<gx:drawOrder>1</gx:drawOrder>
				<coordinates>-8.401238,37.946072,5023 </coordinates>
			</Point>
		</Placemark><Placemark>
			<name>19.4kn - 211° - 4980m - 06:00:01 17/09 UTC</name>
			<styleUrl>#msn_open-diamond</styleUrl>
			<Point>
				<extrude>1</extrude>
				<altitudeMode>absolute</altitudeMode>
				<gx:drawOrder>1</gx:drawOrder>
				<coordinates>-8.382524,37.969437,4980 </coordinates>
			</Point>
		</Placemark><Placemark>
			<name>19.4kn - 211° - 4981m - 05:55:01 17/09 UTC</name>
			<styleUrl>#msn_open-diamond</styleUrl>
			<Point>
				<extrude>1</extrude>
				<altitudeMode>absolute</altitudeMode>
				<gx:drawOrder>1</gx:drawOrder>
				<coordinates>-8.364257,37.992809,4981 </coordinates>
			</Point>
		</Placemark><Placemark>
			<name>18.4kn - 210° - 4934m - 05:50:01 17/09 UTC</name>
			<styleUrl>#msn_open-diamond</styleUrl>
			<Point>
				<extrude>1</extrude>
				<altitudeMode>absolute</altitudeMode>
				<gx:drawOrder>1</gx:drawOrder>
				<coordinates>-8.34722,38.015656,4934 </coordinates>
			</Point>
		</Placemark><Placemark>
			<name>18.4kn - 210° - 4959m - 05:45:01 17/09 UTC</name>
			<styleUrl>#msn_open-diamond</styleUrl>
			<Point>
				<extrude>1</extrude>
				<altitudeMode>absolute</altitudeMode>
				<gx:drawOrder>1</gx:drawOrder>
				<coordinates>-8.330281,38.038071,4959 </coordinates>
			</Point>
		</Placemark><Placemark>
			<name>18.9kn - 210° - 4997m - 05:40:01 17/09 UTC</name>
			<styleUrl>#msn_open-diamond</styleUrl>
			<Point>
				<extrude>1</extrude>
				<altitudeMode>absolute</altitudeMode>
				<gx:drawOrder>1</gx:drawOrder>
				<coordinates>-8.313202,38.06081,4997 </coordinates>
			</Point>
		</Placemark><Placemark>
			<name>18.9kn - 211° - 4949m - 05:35:01 17/09 UTC</name>
			<styleUrl>#msn_open-diamond</styleUrl>
			<Point>
				<extrude>1</extrude>
				<altitudeMode>absolute</altitudeMode>
				<gx:drawOrder>1</gx:drawOrder>
				<coordinates>-8.2957,38.08392,4949 </coordinates>
			</Point>
		</Placemark><Placemark>
			<name>18.9kn - 213° - 4959m - 05:30:01 17/09 UTC</name>
			<styleUrl>#msn_open-diamond</styleUrl>
			<Point>
				<extrude>1</extrude>
				<altitudeMode>absolute</altitudeMode>
				<gx:drawOrder>1</gx:drawOrder>
				<coordinates>-8.277442,38.106186,4959 </coordinates>
			</Point>
		</Placemark><Placemark>
			<name>18.4kn - 213° - 4951m - 05:25:01 17/09 UTC</name>
			<styleUrl>#msn_open-diamond</styleUrl>
			<Point>
				<extrude>1</extrude>
				<altitudeMode>absolute</altitudeMode>
				<gx:drawOrder>1</gx:drawOrder>
				<coordinates>-8.25902,38.128418,4951 </coordinates>
			</Point>
		</Placemark><Placemark>
			<name>17.3kn - 215° - 4929m - 05:20:01 17/09 UTC</name>
			<styleUrl>#msn_open-diamond</styleUrl>
			<Point>
				<extrude>1</extrude>
				<altitudeMode>absolute</altitudeMode>
				<gx:drawOrder>1</gx:drawOrder>
				<coordinates>-8.241252,38.149075,4929 </coordinates>
			</Point>
		</Placemark><Placemark>
			<name>17.3kn - 214° - 4932m - 05:15:01 17/09 UTC</name>
			<styleUrl>#msn_open-diamond</styleUrl>
			<Point>
				<extrude>1</extrude>
				<altitudeMode>absolute</altitudeMode>
				<gx:drawOrder>1</gx:drawOrder>
				<coordinates>-8.223385,38.1693,4932 </coordinates>
			</Point>
		</Placemark><Placemark>
			<name>15.7kn - 215° - 4879m - 05:10:01 17/09 UTC</name>
			<styleUrl>#msn_open-diamond</styleUrl>
			<Point>
				<extrude>1</extrude>
				<altitudeMode>absolute</altitudeMode>
				<gx:drawOrder>1</gx:drawOrder>
				<coordinates>-8.206694,38.187786,4879 </coordinates>
			</Point>
		</Placemark><Placemark>
			<name>16.7kn - 214° - 4914m - 05:05:01 17/09 UTC</name>
			<styleUrl>#msn_open-diamond</styleUrl>
			<Point>
				<extrude>1</extrude>
				<altitudeMode>absolute</altitudeMode>
				<gx:drawOrder>1</gx:drawOrder>
				<coordinates>-8.190064,38.206242,4914 </coordinates>
			</Point>
		</Placemark><Placemark>
			<name>16.2kn - 214° - 4863m - 05:00:01 17/09 UTC</name>
			<styleUrl>#msn_open-diamond</styleUrl>
			<Point>
				<extrude>1</extrude>
				<altitudeMode>absolute</altitudeMode>
				<gx:drawOrder>1</gx:drawOrder>
				<coordinates>-8.173119,38.225445,4863 </coordinates>
			</Point>
		</Placemark><Placemark>
			<name>16.7kn - 213° - 4855m - 04:55:01 17/09 UTC</name>
			<styleUrl>#msn_open-diamond</styleUrl>
			<Point>
				<extrude>1</extrude>
				<altitudeMode>absolute</altitudeMode>
				<gx:drawOrder>1</gx:drawOrder>
				<coordinates>-8.156339,38.245258,4855 </coordinates>
			</Point>
		</Placemark><Placemark>
			<name>17.8kn - 211° - 4830m - 04:50:01 17/09 UTC</name>
			<styleUrl>#msn_open-diamond</styleUrl>
			<Point>
				<extrude>1</extrude>
				<altitudeMode>absolute</altitudeMode>
				<gx:drawOrder>1</gx:drawOrder>
				<coordinates>-8.139657,38.264767,4830 </coordinates>
			</Point>
		</Placemark><Placemark>
			<name>16.7kn - 213° - 4727m - 04:45:01 17/09 UTC</name>
			<styleUrl>#msn_open-diamond</styleUrl>
			<Point>
				<extrude>1</extrude>
				<altitudeMode>absolute</altitudeMode>
				<gx:drawOrder>1</gx:drawOrder>
				<coordinates>-8.123299,38.284744,4727 </coordinates>
			</Point>
		</Placemark><Placemark>
			<name>14.0kn - 218° - 4673m - 04:40:01 17/09 UTC</name>
			<styleUrl>#msn_open-diamond</styleUrl>
			<Point>
				<extrude>1</extrude>
				<altitudeMode>absolute</altitudeMode>
				<gx:drawOrder>1</gx:drawOrder>
				<coordinates>-8.107123,38.303471,4673 </coordinates>
			</Point>
		</Placemark><Placemark>
			<name>14.0kn - 219° - 4656m - 04:35:01 17/09 UTC</name>
			<styleUrl>#msn_open-diamond</styleUrl>
			<Point>
				<extrude>1</extrude>
				<altitudeMode>absolute</altitudeMode>
				<gx:drawOrder>1</gx:drawOrder>
				<coordinates>-8.091173,38.318535,4656 </coordinates>
			</Point>
		</Placemark><Placemark>
			<name>15.1kn - 213° - 4702m - 04:30:01 17/09 UTC</name>
			<styleUrl>#msn_open-diamond</styleUrl>
			<Point>
				<extrude>1</extrude>
				<altitudeMode>absolute</altitudeMode>
				<gx:drawOrder>1</gx:drawOrder>
				<coordinates>-8.075771,38.334637,4702 </coordinates>
			</Point>
		</Placemark><Placemark>
			<name>13.5kn - 217° - 4660m - 04:25:01 17/09 UTC</name>
			<styleUrl>#msn_open-diamond</styleUrl>
			<Point>
				<extrude>1</extrude>
				<altitudeMode>absolute</altitudeMode>
				<gx:drawOrder>1</gx:drawOrder>
				<coordinates>-8.060403,38.351055,4660 </coordinates>
			</Point>
		</Placemark><Placemark>
			<name>13.5kn - 217° - 4560m - 04:20:01 17/09 UTC</name>
			<styleUrl>#msn_open-diamond</styleUrl>
			<Point>
				<extrude>1</extrude>
				<altitudeMode>absolute</altitudeMode>
				<gx:drawOrder>1</gx:drawOrder>
				<coordinates>-8.045887,38.366379,4560 </coordinates>
			</Point>
		</Placemark><Placemark>
			<name>14.6kn - 215° - 4619m - 04:15:01 17/09 UTC</name>
			<styleUrl>#msn_open-diamond</styleUrl>
			<Point>
				<extrude>1</extrude>
				<altitudeMode>absolute</altitudeMode>
				<gx:drawOrder>1</gx:drawOrder>
				<coordinates>-8.030613,38.38192,4619 </coordinates>
			</Point>
		</Placemark><Placemark>
			<name>15.1kn - 215° - 4595m - 04:10:01 17/09 UTC</name>
			<styleUrl>#msn_open-diamond</styleUrl>
			<Point>
				<extrude>1</extrude>
				<altitudeMode>absolute</altitudeMode>
				<gx:drawOrder>1</gx:drawOrder>
				<coordinates>-8.015188,38.398781,4595 </coordinates>
			</Point>
		</Placemark><Placemark>
			<name>15.1kn - 213° - 4648m - 04:05:01 17/09 UTC</name>
			<styleUrl>#msn_open-diamond</styleUrl>
			<Point>
				<extrude>1</extrude>
				<altitudeMode>absolute</altitudeMode>
				<gx:drawOrder>1</gx:drawOrder>
				<coordinates>-8.000127,38.416424,4648 </coordinates>
			</Point>
		</Placemark><Placemark>
			<name>16.2kn - 212° - 4665m - 04:00:01 17/09 UTC</name>
			<styleUrl>#msn_open-diamond</styleUrl>
			<Point>
				<extrude>1</extrude>
				<altitudeMode>absolute</altitudeMode>
				<gx:drawOrder>1</gx:drawOrder>
				<coordinates>-7.984947,38.434998,4665 </coordinates>
			</Point>
		</Placemark><Placemark>
			<name>16.7kn - 210° - 4667m - 03:55:01 17/09 UTC</name>
			<styleUrl>#msn_open-diamond</styleUrl>
			<Point>
				<extrude>1</extrude>
				<altitudeMode>absolute</altitudeMode>
				<gx:drawOrder>1</gx:drawOrder>
				<coordinates>-7.968967,38.455013,4667 </coordinates>
			</Point>
		</Placemark><Placemark>
			<name>17.8kn - 207° - 4683m - 03:50:01 17/09 UTC</name>
			<styleUrl>#msn_open-diamond</styleUrl>
			<Point>
				<extrude>1</extrude>
				<altitudeMode>absolute</altitudeMode>
				<gx:drawOrder>1</gx:drawOrder>
				<coordinates>-7.953767,38.476082,4683 </coordinates>
			</Point>
		</Placemark><Placemark>
			<name>16.2kn - 207° - 4705m - 03:45:01 17/09 UTC</name>
			<styleUrl>#msn_open-diamond</styleUrl>
			<Point>
				<extrude>1</extrude>
				<altitudeMode>absolute</altitudeMode>
				<gx:drawOrder>1</gx:drawOrder>
				<coordinates>-7.93968,38.497837,4705 </coordinates>
			</Point>
		</Placemark><Placemark>
			<name>18.9kn - 206° - 4733m - 03:40:01 17/09 UTC</name>
			<styleUrl>#msn_open-diamond</styleUrl>
			<Point>
				<extrude>1</extrude>
				<altitudeMode>absolute</altitudeMode>
				<gx:drawOrder>1</gx:drawOrder>
				<coordinates>-7.92538,38.520775,4733 </coordinates>
			</Point>
		</Placemark><Placemark>
			<name>18.4kn - 206° - 4700m - 03:35:01 17/09 UTC</name>
			<styleUrl>#msn_open-diamond</styleUrl>
			<Point>
				<extrude>1</extrude>
				<altitudeMode>absolute</altitudeMode>
				<gx:drawOrder>1</gx:drawOrder>
				<coordinates>-7.910838,38.543373,4700 </coordinates>
			</Point>
		</Placemark><Placemark>
			<name>16.2kn - 208° - 4686m - 03:30:01 17/09 UTC</name>
			<styleUrl>#msn_open-diamond</styleUrl>
			<Point>
				<extrude>1</extrude>
				<altitudeMode>absolute</altitudeMode>
				<gx:drawOrder>1</gx:drawOrder>
				<coordinates>-7.89664,38.565388,4686 </coordinates>
			</Point>
		</Placemark><Placemark>
			<name>17.3kn - 209° - 4670m - 03:25:01 17/09 UTC</name>
			<styleUrl>#msn_open-diamond</styleUrl>
			<Point>
				<extrude>1</extrude>
				<altitudeMode>absolute</altitudeMode>
				<gx:drawOrder>1</gx:drawOrder>
				<coordinates>-7.881969,38.585949,4670 </coordinates>
			</Point>
		</Placemark><Placemark>
			<name>16.2kn - 212° - 4648m - 03:20:00 17/09 UTC</name>
			<styleUrl>#msn_open-diamond</styleUrl>
			<Point>
				<extrude>1</extrude>
				<altitudeMode>absolute</altitudeMode>
				<gx:drawOrder>1</gx:drawOrder>
				<coordinates>-7.865905,38.605862,4648 </coordinates>
			</Point>
		</Placemark><Placemark>
			<name>16.7kn - 214° - 4601m - 03:15:00 17/09 UTC</name>
			<styleUrl>#msn_open-diamond</styleUrl>
			<Point>
				<extrude>1</extrude>
				<altitudeMode>absolute</altitudeMode>
				<gx:drawOrder>1</gx:drawOrder>
				<coordinates>-7.849655,38.625259,4601 </coordinates>
			</Point>
		</Placemark><Placemark>
			<name>14.6kn - 217° - 4557m - 03:10:00 17/09 UTC</name>
			<styleUrl>#msn_open-diamond</styleUrl>
			<Point>
				<extrude>1</extrude>
				<altitudeMode>absolute</altitudeMode>
				<gx:drawOrder>1</gx:drawOrder>
				<coordinates>-7.832843,38.643681,4557 </coordinates>
			</Point>
		</Placemark><Placemark>
			<name>14.0kn - 220° - 4454m - 03:05:00 17/09 UTC</name>
			<styleUrl>#msn_open-diamond</styleUrl>
			<Point>
				<extrude>1</extrude>
				<altitudeMode>absolute</altitudeMode>
				<gx:drawOrder>1</gx:drawOrder>
				<coordinates>-7.816407,38.659561,4454 </coordinates>
			</Point>
		</Placemark><Placemark>
			<name>14.6kn - 225° - 4288m - 03:00:00 17/09 UTC</name>
			<styleUrl>#msn_open-diamond</styleUrl>
			<Point>
				<extrude>1</extrude>
				<altitudeMode>absolute</altitudeMode>
				<gx:drawOrder>1</gx:drawOrder>
				<coordinates>-7.798789,38.674751,4288 </coordinates>
			</Point>
		</Placemark><Placemark>
			<name>10.8kn - 225° - 4136m - 02:55:00 17/09 UTC</name>
			<styleUrl>#msn_open-diamond</styleUrl>
			<Point>
				<extrude>1</extrude>
				<altitudeMode>absolute</altitudeMode>
				<gx:drawOrder>1</gx:drawOrder>
				<coordinates>-7.781362,38.688408,4136 </coordinates>
			</Point>
		</Placemark><Placemark>
			<name>10.3kn - 223° - 4046m - 02:50:00 17/09 UTC</name>
			<styleUrl>#msn_open-diamond</styleUrl>
			<Point>
				<extrude>1</extrude>
				<altitudeMode>absolute</altitudeMode>
				<gx:drawOrder>1</gx:drawOrder>
				<coordinates>-7.768985,38.698849,4046 </coordinates>
			</Point>
		</Placemark><Placemark>
			<name>3.8kn - 212° - 3916m - 02:45:00 17/09 UTC</name>
			<styleUrl>#msn_open-diamond</styleUrl>
			<Point>
				<extrude>1</extrude>
				<altitudeMode>absolute</altitudeMode>
				<gx:drawOrder>1</gx:drawOrder>
				<coordinates>-7.760752,38.706463,3916 </coordinates>
			</Point>
		</Placemark><Placemark>
			<name>3.8kn - 205° - 3836m - 02:40:00 17/09 UTC</name>
			<styleUrl>#msn_open-diamond</styleUrl>
			<Point>
				<extrude>1</extrude>
				<altitudeMode>absolute</altitudeMode>
				<gx:drawOrder>1</gx:drawOrder>
				<coordinates>-7.755794,38.711506,3836 </coordinates>
			</Point>
		</Placemark><Placemark>
			<name>10.3kn - 219° - 4130m - 02:30:00 17/09 UTC</name>
			<styleUrl>#msn_open-diamond</styleUrl>
			<Point>
				<extrude>1</extrude>
				<altitudeMode>absolute</altitudeMode>
				<gx:drawOrder>1</gx:drawOrder>
				<coordinates>-7.741415,38.726543,4130 </coordinates>
			</Point>
		</Placemark><Placemark>
			<name>11.9kn - 220° - 4180m - 02:25:00 17/09 UTC</name>
			<styleUrl>#msn_open-diamond</styleUrl>
			<Point>
				<extrude>1</extrude>
				<altitudeMode>absolute</altitudeMode>
				<gx:drawOrder>1</gx:drawOrder>
				<coordinates>-7.727383,38.738796,4180 </coordinates>
			</Point>
		</Placemark><Placemark>
			<name>11.9kn - 232° - 4324m - 02:20:00 17/09 UTC</name>
			<styleUrl>#msn_open-diamond</styleUrl>
			<Point>
				<extrude>1</extrude>
				<altitudeMode>absolute</altitudeMode>
				<gx:drawOrder>1</gx:drawOrder>
				<coordinates>-7.711667,38.750992,4324 </coordinates>
			</Point>
		</Placemark><Placemark>
			<name>14.6kn - 230° - 4497m - 02:15:00 17/09 UTC</name>
			<styleUrl>#msn_open-diamond</styleUrl>
			<Point>
				<extrude>1</extrude>
				<altitudeMode>absolute</altitudeMode>
				<gx:drawOrder>1</gx:drawOrder>
				<coordinates>-7.692982,38.763424,4497 </coordinates>
			</Point>
		</Placemark><Placemark>
			<name>16.2kn - 224° - 4653m - 02:10:00 17/09 UTC</name>
			<styleUrl>#msn_open-diamond</styleUrl>
			<Point>
				<extrude>1</extrude>
				<altitudeMode>absolute</altitudeMode>
				<gx:drawOrder>1</gx:drawOrder>
				<coordinates>-7.671373,38.778282,4653 </coordinates>
			</Point>
		</Placemark><Placemark>
			<name>15.1kn - 223° - 4781m - 02:05:00 17/09 UTC</name>
			<styleUrl>#msn_open-diamond</styleUrl>
			<Point>
				<extrude>1</extrude>
				<altitudeMode>absolute</altitudeMode>
				<gx:drawOrder>1</gx:drawOrder>
				<coordinates>-7.651858,38.794132,4781 </coordinates>
			</Point>
		</Placemark><Placemark>
			<name>14.6kn - 220° - 4910m - 02:00:00 17/09 UTC</name>
			<styleUrl>#msn_open-diamond</styleUrl>
			<Point>
				<extrude>1</extrude>
				<altitudeMode>absolute</altitudeMode>
				<gx:drawOrder>1</gx:drawOrder>
				<coordinates>-7.634332,38.809189,4910 </coordinates>
			</Point>
		</Placemark><Placemark>
			<name>17.8kn - 221° - 4968m - 01:55:00 17/09 UTC</name>
			<styleUrl>#msn_open-diamond</styleUrl>
			<Point>
				<extrude>1</extrude>
				<altitudeMode>absolute</altitudeMode>
				<gx:drawOrder>1</gx:drawOrder>
				<coordinates>-7.613773,38.826374,4968 </coordinates>
			</Point>
		</Placemark><Placemark>
			<name>18.4kn - 221° - 5083m - 01:50:00 17/09 UTC</name>
			<styleUrl>#msn_open-diamond</styleUrl>
			<Point>
				<extrude>1</extrude>
				<altitudeMode>absolute</altitudeMode>
				<gx:drawOrder>1</gx:drawOrder>
				<coordinates>-7.592864,38.845295,5083 </coordinates>
			</Point>
		</Placemark><Placemark>
			<name>20.0kn - 222° - 5139m - 01:45:00 17/09 UTC</name>
			<styleUrl>#msn_open-diamond</styleUrl>
			<Point>
				<extrude>1</extrude>
				<altitudeMode>absolute</altitudeMode>
				<gx:drawOrder>1</gx:drawOrder>
				<coordinates>-7.569332,38.865925,5139 </coordinates>
			</Point>
		</Placemark><Placemark>
			<name>20.0kn - 221° - 5154m - 01:40:00 17/09 UTC</name>
			<styleUrl>#msn_open-diamond</styleUrl>
			<Point>
				<extrude>1</extrude>
				<altitudeMode>absolute</altitudeMode>
				<gx:drawOrder>1</gx:drawOrder>
				<coordinates>-7.545559,38.886665,5154 </coordinates>
			</Point>
		</Placemark><Placemark>
			<name>19.4kn - 224° - 5143m - 01:35:00 17/09 UTC</name>
			<styleUrl>#msn_open-diamond</styleUrl>
			<Point>
				<extrude>1</extrude>
				<altitudeMode>absolute</altitudeMode>
				<gx:drawOrder>1</gx:drawOrder>
				<coordinates>-7.520985,38.907017,5143 </coordinates>
			</Point>
		</Placemark><Placemark>
			<name>20.0kn - 226° - 5104m - 01:30:00 17/09 UTC</name>
			<styleUrl>#msn_open-diamond</styleUrl>
			<Point>
				<extrude>1</extrude>
				<altitudeMode>absolute</altitudeMode>
				<gx:drawOrder>1</gx:drawOrder>
				<coordinates>-7.495359,38.926605,5104 </coordinates>
			</Point>
		</Placemark><Placemark>
			<name>20.0kn - 227° - 5065m - 01:25:00 17/09 UTC</name>
			<styleUrl>#msn_open-diamond</styleUrl>
			<Point>
				<extrude>1</extrude>
				<altitudeMode>absolute</altitudeMode>
				<gx:drawOrder>1</gx:drawOrder>
				<coordinates>-7.469934,38.945797,5065 </coordinates>
			</Point>
		</Placemark><Placemark>
			<name>20.5kn - 227° - 4976m - 01:20:00 17/09 UTC</name>
			<styleUrl>#msn_open-diamond</styleUrl>
			<Point>
				<extrude>1</extrude>
				<altitudeMode>absolute</altitudeMode>
				<gx:drawOrder>1</gx:drawOrder>
				<coordinates>-7.442968,38.964691,4976 </coordinates>
			</Point>
		</Placemark><Placemark>
			<name>20.0kn - 225° - 4934m - 01:15:00 17/09 UTC</name>
			<styleUrl>#msn_open-diamond</styleUrl>
			<Point>
				<extrude>1</extrude>
				<altitudeMode>absolute</altitudeMode>
				<gx:drawOrder>1</gx:drawOrder>
				<coordinates>-7.416122,38.98423,4934 </coordinates>
			</Point>
		</Placemark><Placemark>
			<name>19.4kn - 223° - 4989m - 01:10:00 17/09 UTC</name>
			<styleUrl>#msn_open-diamond</styleUrl>
			<Point>
				<extrude>1</extrude>
				<altitudeMode>absolute</altitudeMode>
				<gx:drawOrder>1</gx:drawOrder>
				<coordinates>-7.391315,39.003723,4989 </coordinates>
			</Point>
		</Placemark><Placemark>
			<name>18.9kn - 224° - 5080m - 01:05:00 17/09 UTC</name>
			<styleUrl>#msn_open-diamond</styleUrl>
			<Point>
				<extrude>1</extrude>
				<altitudeMode>absolute</altitudeMode>
				<gx:drawOrder>1</gx:drawOrder>
				<coordinates>-7.367703,39.023056,5080 </coordinates>
			</Point>
		</Placemark><Placemark>
			<name>17.3kn - 224° - 5218m - 01:00:00 17/09 UTC</name>
			<styleUrl>#msn_open-diamond</styleUrl>
			<Point>
				<extrude>1</extrude>
				<altitudeMode>absolute</altitudeMode>
				<gx:drawOrder>1</gx:drawOrder>
				<coordinates>-7.34511,39.041359,5218 </coordinates>
			</Point>
		</Placemark><Placemark>
			<name>17.8kn - 223° - 5139m - 00:55:00 17/09 UTC</name>
			<styleUrl>#msn_open-diamond</styleUrl>
			<Point>
				<extrude>1</extrude>
				<altitudeMode>absolute</altitudeMode>
				<gx:drawOrder>1</gx:drawOrder>
				<coordinates>-7.323107,39.059303,5139 </coordinates>
			</Point>
		</Placemark><Placemark>
			<name>18.4kn - 222° - 5013m - 00:50:00 17/09 UTC</name>
			<styleUrl>#msn_open-diamond</styleUrl>
			<Point>
				<extrude>1</extrude>
				<altitudeMode>absolute</altitudeMode>
				<gx:drawOrder>1</gx:drawOrder>
				<coordinates>-7.301138,39.078404,5013 </coordinates>
			</Point>
		</Placemark><Placemark>
			<name>18.4kn - 219° - 5085m - 00:45:00 17/09 UTC</name>
			<styleUrl>#msn_open-diamond</styleUrl>
			<Point>
				<extrude>1</extrude>
				<altitudeMode>absolute</altitudeMode>
				<gx:drawOrder>1</gx:drawOrder>
				<coordinates>-7.279215,39.098358,5085 </coordinates>
			</Point>
		</Placemark><Placemark>
			<name>19.4kn - 218° - 5145m - 00:40:02 17/09 UTC</name>
			<styleUrl>#msn_open-diamond</styleUrl>
			<Point>
				<extrude>1</extrude>
				<altitudeMode>absolute</altitudeMode>
				<gx:drawOrder>1</gx:drawOrder>
				<coordinates>-7.257672,39.118847,5145 </coordinates>
			</Point>
		</Placemark><Placemark>
			<name>18.9kn - 218° - 5151m - 00:35:02 17/09 UTC</name>
			<styleUrl>#msn_open-diamond</styleUrl>
			<Point>
				<extrude>1</extrude>
				<altitudeMode>absolute</altitudeMode>
				<gx:drawOrder>1</gx:drawOrder>
				<coordinates>-7.236784,39.140091,5151 </coordinates>
			</Point>
		</Placemark><Placemark>
			<name>18.9kn - 221° - 5196m - 00:30:02 17/09 UTC</name>
			<styleUrl>#msn_open-diamond</styleUrl>
			<Point>
				<extrude>1</extrude>
				<altitudeMode>absolute</altitudeMode>
				<gx:drawOrder>1</gx:drawOrder>
				<coordinates>-7.214882,39.160408,5196 </coordinates>
			</Point>
		</Placemark><Placemark>
			<name>20.0kn - 222° - 5193m - 00:25:02 17/09 UTC</name>
			<styleUrl>#msn_open-diamond</styleUrl>
			<Point>
				<extrude>1</extrude>
				<altitudeMode>absolute</altitudeMode>
				<gx:drawOrder>1</gx:drawOrder>
				<coordinates>-7.19132,39.180618,5193 </coordinates>
			</Point>
		</Placemark><Placemark>
			<name>21.6kn - 219° - 5217m - 00:20:02 17/09 UTC</name>
			<styleUrl>#msn_open-diamond</styleUrl>
			<Point>
				<extrude>1</extrude>
				<altitudeMode>absolute</altitudeMode>
				<gx:drawOrder>1</gx:drawOrder>
				<coordinates>-7.16595,39.202686,5217 </coordinates>
			</Point>
		</Placemark><Placemark>
			<name>23.2kn - 216° - 5167m - 00:15:02 17/09 UTC</name>
			<styleUrl>#msn_open-diamond</styleUrl>
			<Point>
				<extrude>1</extrude>
				<altitudeMode>absolute</altitudeMode>
				<gx:drawOrder>1</gx:drawOrder>
				<coordinates>-7.141377,39.227707,5167 </coordinates>
			</Point>
		</Placemark><Placemark>
			<name>23.2kn - 215° - 5269m - 00:10:01 17/09 UTC</name>
			<styleUrl>#msn_open-diamond</styleUrl>
			<Point>
				<extrude>1</extrude>
				<altitudeMode>absolute</altitudeMode>
				<gx:drawOrder>1</gx:drawOrder>
				<coordinates>-7.116457,39.254688,5269 </coordinates>
			</Point>
		</Placemark><Placemark>
			<name>23.2kn - 216° - 5254m - 00:05:01 17/09 UTC</name>
			<styleUrl>#msn_open-diamond</styleUrl>
			<Point>
				<extrude>1</extrude>
				<altitudeMode>absolute</altitudeMode>
				<gx:drawOrder>1</gx:drawOrder>
				<coordinates>-7.090867,39.281212,5254 </coordinates>
			</Point>
		</Placemark><Placemark>
			<name>23.2kn - 216° - 5255m - 00:00:01 17/09 UTC</name>
			<styleUrl>#msn_open-diamond</styleUrl>
			<Point>
				<extrude>1</extrude>
				<altitudeMode>absolute</altitudeMode>
				<gx:drawOrder>1</gx:drawOrder>
				<coordinates>-7.065814,39.307171,5255 </coordinates>
			</Point>
		</Placemark><Placemark>
			<name>23.2kn - 216° - 5249m - 23:55:01 16/09 UTC</name>
			<styleUrl>#msn_open-diamond</styleUrl>
			<Point>
				<extrude>1</extrude>
				<altitudeMode>absolute</altitudeMode>
				<gx:drawOrder>1</gx:drawOrder>
				<coordinates>-7.041091,39.332912,5249 </coordinates>
			</Point>
		</Placemark><Placemark>
			<name>23.2kn - 217° - 5162m - 23:50:01 16/09 UTC</name>
			<styleUrl>#msn_open-diamond</styleUrl>
			<Point>
				<extrude>1</extrude>
				<altitudeMode>absolute</altitudeMode>
				<gx:drawOrder>1</gx:drawOrder>
				<coordinates>-7.015725,39.359551,5162 </coordinates>
			</Point>
		</Placemark><Placemark>
			<name>24.3kn - 219° - 5251m - 23:45:01 16/09 UTC</name>
			<styleUrl>#msn_open-diamond</styleUrl>
			<Point>
				<extrude>1</extrude>
				<altitudeMode>absolute</altitudeMode>
				<gx:drawOrder>1</gx:drawOrder>
				<coordinates>-6.98908,39.384766,5251 </coordinates>
			</Point>
		</Placemark><Placemark>
			<name>24.3kn - 221° - 5099m - 23:40:01 16/09 UTC</name>
			<styleUrl>#msn_open-diamond</styleUrl>
			<Point>
				<extrude>1</extrude>
				<altitudeMode>absolute</altitudeMode>
				<gx:drawOrder>1</gx:drawOrder>
				<coordinates>-6.96072,39.41042,5099 </coordinates>
			</Point>
		</Placemark><Placemark>
			<name>23.2kn - 221° - 5107m - 23:35:01 16/09 UTC</name>
			<styleUrl>#msn_open-diamond</styleUrl>
			<Point>
				<extrude>1</extrude>
				<altitudeMode>absolute</altitudeMode>
				<gx:drawOrder>1</gx:drawOrder>
				<coordinates>-6.931958,39.434769,5107 </coordinates>
			</Point>
		</Placemark><Placemark>
			<name>23.2kn - 220° - 5159m - 23:30:01 16/09 UTC</name>
			<styleUrl>#msn_open-diamond</styleUrl>
			<Point>
				<extrude>1</extrude>
				<altitudeMode>absolute</altitudeMode>
				<gx:drawOrder>1</gx:drawOrder>
				<coordinates>-6.904634,39.459446,5159 </coordinates>
			</Point>
		</Placemark><Placemark>
			<name>22.1kn - 220° - 5139m - 23:25:01 16/09 UTC</name>
			<styleUrl>#msn_open-diamond</styleUrl>
			<Point>
				<extrude>1</extrude>
				<altitudeMode>absolute</altitudeMode>
				<gx:drawOrder>1</gx:drawOrder>
				<coordinates>-6.87818,39.484432,5139 </coordinates>
			</Point>
		</Placemark><Placemark>
			<name>23.2kn - 222° - 5278m - 23:20:01 16/09 UTC</name>
			<styleUrl>#msn_open-diamond</styleUrl>
			<Point>
				<extrude>1</extrude>
				<altitudeMode>absolute</altitudeMode>
				<gx:drawOrder>1</gx:drawOrder>
				<coordinates>-6.850864,39.508293,5278 </coordinates>
			</Point>
		</Placemark><Placemark>
			<name>23.2kn - 219° - 5220m - 23:15:01 16/09 UTC</name>
			<styleUrl>#msn_open-diamond</styleUrl>
			<Point>
				<extrude>1</extrude>
				<altitudeMode>absolute</altitudeMode>
				<gx:drawOrder>1</gx:drawOrder>
				<coordinates>-6.823583,39.533093,5220 </coordinates>
			</Point>
		</Placemark><Placemark>
			<name>23.8kn - 217° - 5306m - 23:10:01 16/09 UTC</name>
			<styleUrl>#msn_open-diamond</styleUrl>
			<Point>
				<extrude>1</extrude>
				<altitudeMode>absolute</altitudeMode>
				<gx:drawOrder>1</gx:drawOrder>
				<coordinates>-6.796999,39.559063,5306 </coordinates>
			</Point>
		</Placemark><Placemark>
			<name>23.2kn - 221° - 5195m - 23:05:01 16/09 UTC</name>
			<styleUrl>#msn_open-diamond</styleUrl>
			<Point>
				<extrude>1</extrude>
				<altitudeMode>absolute</altitudeMode>
				<gx:drawOrder>1</gx:drawOrder>
				<coordinates>-6.770482,39.584663,5195 </coordinates>
			</Point>
		</Placemark><Placemark>
			<name>24.8kn - 221° - 5260m - 23:00:01 16/09 UTC</name>
			<styleUrl>#msn_open-diamond</styleUrl>
			<Point>
				<extrude>1</extrude>
				<altitudeMode>absolute</altitudeMode>
				<gx:drawOrder>1</gx:drawOrder>
				<coordinates>-6.741028,39.610088,5260 </coordinates>
			</Point>
		</Placemark><Placemark>
			<name>24.8kn - 220° - 5290m - 22:55:01 16/09 UTC</name>
			<styleUrl>#msn_open-diamond</styleUrl>
			<Point>
				<extrude>1</extrude>
				<altitudeMode>absolute</altitudeMode>
				<gx:drawOrder>1</gx:drawOrder>
				<coordinates>-6.711719,39.636089,5290 </coordinates>
			</Point>
		</Placemark><Placemark>
			<name>24.8kn - 219° - 5152m - 22:50:01 16/09 UTC</name>
			<styleUrl>#msn_open-diamond</styleUrl>
			<Point>
				<extrude>1</extrude>
				<altitudeMode>absolute</altitudeMode>
				<gx:drawOrder>1</gx:drawOrder>
				<coordinates>-6.682913,39.662842,5152 </coordinates>
			</Point>
		</Placemark><Placemark>
			<name>25.9kn - 218° - 5174m - 22:45:01 16/09 UTC</name>
			<styleUrl>#msn_open-diamond</styleUrl>
			<Point>
				<extrude>1</extrude>
				<altitudeMode>absolute</altitudeMode>
				<gx:drawOrder>1</gx:drawOrder>
				<coordinates>-6.654298,39.690964,5174 </coordinates>
			</Point>
		</Placemark><Placemark>
			<name>27.5kn - 216° - 5202m - 22:40:01 16/09 UTC</name>
			<styleUrl>#msn_open-diamond</styleUrl>
			<Point>
				<extrude>1</extrude>
				<altitudeMode>absolute</altitudeMode>
				<gx:drawOrder>1</gx:drawOrder>
				<coordinates>-6.625329,39.721191,5202 </coordinates>
			</Point>
		</Placemark><Placemark>
			<name>27.0kn - 217° - 5260m - 22:35:01 16/09 UTC</name>
			<styleUrl>#msn_open-diamond</styleUrl>
			<Point>
				<extrude>1</extrude>
				<altitudeMode>absolute</altitudeMode>
				<gx:drawOrder>1</gx:drawOrder>
				<coordinates>-6.595622,39.751358,5260 </coordinates>
			</Point>
		</Placemark><Placemark>
			<name>27.0kn - 215° - 5222m - 22:30:01 16/09 UTC</name>
			<styleUrl>#msn_open-diamond</styleUrl>
			<Point>
				<extrude>1</extrude>
				<altitudeMode>absolute</altitudeMode>
				<gx:drawOrder>1</gx:drawOrder>
				<coordinates>-6.566154,39.781689,5222 </coordinates>
			</Point>
		</Placemark><Placemark>
			<name>26.5kn - 214° - 5222m - 22:25:01 16/09 UTC</name>
			<styleUrl>#msn_open-diamond</styleUrl>
			<Point>
				<extrude>1</extrude>
				<altitudeMode>absolute</altitudeMode>
				<gx:drawOrder>1</gx:drawOrder>
				<coordinates>-6.538327,39.812489,5222 </coordinates>
			</Point>
		</Placemark><Placemark>
			<name>26.5kn - 214° - 5204m - 22:20:01 16/09 UTC</name>
			<styleUrl>#msn_open-diamond</styleUrl>
			<Point>
				<extrude>1</extrude>
				<altitudeMode>absolute</altitudeMode>
				<gx:drawOrder>1</gx:drawOrder>
				<coordinates>-6.511783,39.84296,5204 </coordinates>
			</Point>
		</Placemark><Placemark>
			<name>26.5kn - 214° - 5233m - 22:15:01 16/09 UTC</name>
			<styleUrl>#msn_open-diamond</styleUrl>
			<Point>
				<extrude>1</extrude>
				<altitudeMode>absolute</altitudeMode>
				<gx:drawOrder>1</gx:drawOrder>
				<coordinates>-6.48408,39.873364,5233 </coordinates>
			</Point>
		</Placemark><Placemark>
			<name>26.5kn - 214° - 5123m - 22:10:01 16/09 UTC</name>
			<styleUrl>#msn_open-diamond</styleUrl>
			<Point>
				<extrude>1</extrude>
				<altitudeMode>absolute</altitudeMode>
				<gx:drawOrder>1</gx:drawOrder>
				<coordinates>-6.455998,39.904072,5123 </coordinates>
			</Point>
		</Placemark><Placemark>
			<name>25.4kn - 213° - 5170m - 22:05:01 16/09 UTC</name>
			<styleUrl>#msn_open-diamond</styleUrl>
			<Point>
				<extrude>1</extrude>
				<altitudeMode>absolute</altitudeMode>
				<gx:drawOrder>1</gx:drawOrder>
				<coordinates>-6.428488,39.934662,5170 </coordinates>
			</Point>
		</Placemark><Placemark>
			<name>25.4kn - 213° - 5130m - 22:00:01 16/09 UTC</name>
			<styleUrl>#msn_open-diamond</styleUrl>
			<Point>
				<extrude>1</extrude>
				<altitudeMode>absolute</altitudeMode>
				<gx:drawOrder>1</gx:drawOrder>
				<coordinates>-6.4024,39.964142,5130 </coordinates>
			</Point>
		</Placemark><Placemark>
			<name>24.8kn - 213° - 5090m - 21:55:01 16/09 UTC</name>
			<styleUrl>#msn_open-diamond</styleUrl>
			<Point>
				<extrude>1</extrude>
				<altitudeMode>absolute</altitudeMode>
				<gx:drawOrder>1</gx:drawOrder>
				<coordinates>-6.376887,39.993458,5090 </coordinates>
			</Point>
		</Placemark><Placemark>
			<name>24.8kn - 215° - 5052m - 21:50:01 16/09 UTC</name>
			<styleUrl>#msn_open-diamond</styleUrl>
			<Point>
				<extrude>1</extrude>
				<altitudeMode>absolute</altitudeMode>
				<gx:drawOrder>1</gx:drawOrder>
				<coordinates>-6.350578,40.022831,5052 </coordinates>
			</Point>
		</Placemark><Placemark>
			<name>23.8kn - 221° - 4868m - 21:45:01 16/09 UTC</name>
			<styleUrl>#msn_open-diamond</styleUrl>
			<Point>
				<extrude>1</extrude>
				<altitudeMode>absolute</altitudeMode>
				<gx:drawOrder>1</gx:drawOrder>
				<coordinates>-6.32153,40.051605,4868 </coordinates>
			</Point>
		</Placemark><Placemark>
			<name>21.6kn - 221° - 5016m - 21:40:01 16/09 UTC</name>
			<styleUrl>#msn_open-diamond</styleUrl>
			<Point>
				<extrude>1</extrude>
				<altitudeMode>absolute</altitudeMode>
				<gx:drawOrder>1</gx:drawOrder>
				<coordinates>-6.295507,40.073502,5016 </coordinates>
			</Point>
		</Placemark><Placemark>
			<name>26.5kn - 221° - 5104m - 21:35:01 16/09 UTC</name>
			<styleUrl>#msn_open-diamond</styleUrl>
			<Point>
				<extrude>1</extrude>
				<altitudeMode>absolute</altitudeMode>
				<gx:drawOrder>1</gx:drawOrder>
				<coordinates>-6.266467,40.097267,5104 </coordinates>
			</Point>
		</Placemark><Placemark>
			<name>25.9kn - 221° - 4981m - 21:30:00 16/09 UTC</name>
			<styleUrl>#msn_open-diamond</styleUrl>
			<Point>
				<extrude>1</extrude>
				<altitudeMode>absolute</altitudeMode>
				<gx:drawOrder>1</gx:drawOrder>
				<coordinates>-6.236219,40.126793,4981 </coordinates>
			</Point>
		</Placemark><Placemark>
			<name>22.7kn - 221° - 5006m - 21:25:00 16/09 UTC</name>
			<styleUrl>#msn_open-diamond</styleUrl>
			<Point>
				<extrude>1</extrude>
				<altitudeMode>absolute</altitudeMode>
				<gx:drawOrder>1</gx:drawOrder>
				<coordinates>-6.207658,40.151142,5006 </coordinates>
			</Point>
		</Placemark><Placemark>
			<name>22.7kn - 226° - 4895m - 21:20:00 16/09 UTC</name>
			<styleUrl>#msn_open-diamond</styleUrl>
			<Point>
				<extrude>1</extrude>
				<altitudeMode>absolute</altitudeMode>
				<gx:drawOrder>1</gx:drawOrder>
				<coordinates>-6.179605,40.173321,4895 </coordinates>
			</Point>
		</Placemark><Placemark>
			<name>26.5kn - 218° - 5057m - 21:15:00 16/09 UTC</name>
			<styleUrl>#msn_open-diamond</styleUrl>
			<Point>
				<extrude>1</extrude>
				<altitudeMode>absolute</altitudeMode>
				<gx:drawOrder>1</gx:drawOrder>
				<coordinates>-6.148225,40.199883,5057 </coordinates>
			</Point>
		</Placemark><Placemark>
			<name>21.6kn - 217° - 4886m - 21:10:00 16/09 UTC</name>
			<styleUrl>#msn_open-diamond</styleUrl>
			<Point>
				<extrude>1</extrude>
				<altitudeMode>absolute</altitudeMode>
				<gx:drawOrder>1</gx:drawOrder>
				<coordinates>-6.120648,40.22398,4886 </coordinates>
			</Point>
		</Placemark><Placemark>
			<name>18.9kn - 223° - 4889m - 21:05:00 16/09 UTC</name>
			<styleUrl>#msn_open-diamond</styleUrl>
			<Point>
				<extrude>1</extrude>
				<altitudeMode>absolute</altitudeMode>
				<gx:drawOrder>1</gx:drawOrder>
				<coordinates>-6.09577,40.249081,4889 </coordinates>
			</Point>
		</Placemark><Placemark>
			<name>20.5kn - 214° - 4940m - 21:00:00 16/09 UTC</name>
			<styleUrl>#msn_open-diamond</styleUrl>
			<Point>
				<extrude>1</extrude>
				<altitudeMode>absolute</altitudeMode>
				<gx:drawOrder>1</gx:drawOrder>
				<coordinates>-6.074735,40.268528,4940 </coordinates>
			</Point>
		</Placemark><Placemark>
			<name>21.1kn - 220° - 4736m - 20:55:00 16/09 UTC</name>
			<styleUrl>#msn_open-diamond</styleUrl>
			<Point>
				<extrude>1</extrude>
				<altitudeMode>absolute</altitudeMode>
				<gx:drawOrder>1</gx:drawOrder>
				<coordinates>-6.049318,40.290344,4736 </coordinates>
			</Point>
		</Placemark><Placemark>
			<name>22.7kn - 216° - 4698m - 20:50:00 16/09 UTC</name>
			<styleUrl>#msn_open-diamond</styleUrl>
			<Point>
				<extrude>1</extrude>
				<altitudeMode>absolute</altitudeMode>
				<gx:drawOrder>1</gx:drawOrder>
				<coordinates>-6.024657,40.316719,4698 </coordinates>
			</Point>
		</Placemark><Placemark>
			<name>23.8kn - 213° - 4818m - 20:45:00 16/09 UTC</name>
			<styleUrl>#msn_open-diamond</styleUrl>
			<Point>
				<extrude>1</extrude>
				<altitudeMode>absolute</altitudeMode>
				<gx:drawOrder>1</gx:drawOrder>
				<coordinates>-6.002785,40.342579,4818 </coordinates>
			</Point>
		</Placemark><Placemark>
			<name>24.3kn - 219° - 4672m - 20:40:00 16/09 UTC</name>
			<styleUrl>#msn_open-diamond</styleUrl>
			<Point>
				<extrude>1</extrude>
				<altitudeMode>absolute</altitudeMode>
				<gx:drawOrder>1</gx:drawOrder>
				<coordinates>-5.975787,40.369297,4672 </coordinates>
			</Point>
		</Placemark><Placemark>
			<name>17.3kn - 218° - 4607m - 20:35:00 16/09 UTC</name>
			<styleUrl>#msn_open-diamond</styleUrl>
			<Point>
				<extrude>1</extrude>
				<altitudeMode>absolute</altitudeMode>
				<gx:drawOrder>1</gx:drawOrder>
				<coordinates>-5.950875,40.392288,4607 </coordinates>
			</Point>
		</Placemark><Placemark>
			<name>14.0kn - 221° - 4550m - 20:30:00 16/09 UTC</name>
			<styleUrl>#msn_open-diamond</styleUrl>
			<Point>
				<extrude>1</extrude>
				<altitudeMode>absolute</altitudeMode>
				<gx:drawOrder>1</gx:drawOrder>
				<coordinates>-5.93081,40.410294,4550 </coordinates>
			</Point>
		</Placemark><Placemark>
			<name>11.9kn - 212° - 4281m - 20:25:00 16/09 UTC</name>
			<styleUrl>#msn_open-diamond</styleUrl>
			<Point>
				<extrude>1</extrude>
				<altitudeMode>absolute</altitudeMode>
				<gx:drawOrder>1</gx:drawOrder>
				<coordinates>-5.915902,40.42432,4281 </coordinates>
			</Point>
		</Placemark><Placemark>
			<name>11.3kn - 195° - 4235m - 20:20:00 16/09 UTC</name>
			<styleUrl>#msn_open-diamond</styleUrl>
			<Point>
				<extrude>1</extrude>
				<altitudeMode>absolute</altitudeMode>
				<gx:drawOrder>1</gx:drawOrder>
				<coordinates>-5.907784,40.440193,4235 </coordinates>
			</Point>
		</Placemark><Placemark>
			<name>10.8kn - 200° - 4090m - 20:15:00 16/09 UTC</name>
			<styleUrl>#msn_open-diamond</styleUrl>
			<Point>
				<extrude>1</extrude>
				<altitudeMode>absolute</altitudeMode>
				<gx:drawOrder>1</gx:drawOrder>
				<coordinates>-5.90167,40.455299,4090 </coordinates>
			</Point>
		</Placemark><Placemark>
			<name>11.3kn - 204° - 4010m - 20:10:00 16/09 UTC</name>
			<styleUrl>#msn_open-diamond</styleUrl>
			<Point>
				<extrude>1</extrude>
				<altitudeMode>absolute</altitudeMode>
				<gx:drawOrder>1</gx:drawOrder>
				<coordinates>-5.894503,40.469395,4010 </coordinates>
			</Point>
		</Placemark><Placemark>
			<name>15.1kn - 205° - 4104m - 20:05:00 16/09 UTC</name>
			<styleUrl>#msn_open-diamond</styleUrl>
			<Point>
				<extrude>1</extrude>
				<altitudeMode>absolute</altitudeMode>
				<gx:drawOrder>1</gx:drawOrder>
				<coordinates>-5.883616,40.486542,4104 </coordinates>
			</Point>
		</Placemark><Placemark>
			<name>13.5kn - 204° - 3960m - 20:00:00 16/09 UTC</name>
			<styleUrl>#msn_open-diamond</styleUrl>
			<Point>
				<extrude>1</extrude>
				<altitudeMode>absolute</altitudeMode>
				<gx:drawOrder>1</gx:drawOrder>
				<coordinates>-5.872807,40.505028,3960 </coordinates>
			</Point>
		</Placemark><Placemark>
			<name>14.6kn - 206° - 4212m - 19:55:00 16/09 UTC</name>
			<styleUrl>#msn_open-diamond</styleUrl>
			<Point>
				<extrude>1</extrude>
				<altitudeMode>absolute</altitudeMode>
				<gx:drawOrder>1</gx:drawOrder>
				<coordinates>-5.862082,40.52248,4212 </coordinates>
			</Point>
		</Placemark><Placemark>
			<name>15.1kn - 206° - 4135m - 19:50:00 16/09 UTC</name>
			<styleUrl>#msn_open-diamond</styleUrl>
			<Point>
				<extrude>1</extrude>
				<altitudeMode>absolute</altitudeMode>
				<gx:drawOrder>1</gx:drawOrder>
				<coordinates>-5.848568,40.54195,4135 </coordinates>
			</Point>
		</Placemark><Placemark>
			<name>17.3kn - 206° - 4092m - 19:45:00 16/09 UTC</name>
			<styleUrl>#msn_open-diamond</styleUrl>
			<Point>
				<extrude>1</extrude>
				<altitudeMode>absolute</altitudeMode>
				<gx:drawOrder>1</gx:drawOrder>
				<coordinates>-5.835908,40.562203,4092 </coordinates>
			</Point>
		</Placemark><Placemark>
			<name>17.8kn - 205° - 4224m - 19:40:00 16/09 UTC</name>
			<styleUrl>#msn_open-diamond</styleUrl>
			<Point>
				<extrude>1</extrude>
				<altitudeMode>absolute</altitudeMode>
				<gx:drawOrder>1</gx:drawOrder>
				<coordinates>-5.820795,40.585205,4224 </coordinates>
			</Point>
		</Placemark><Placemark>
			<name>17.3kn - 212° - 4196m - 19:35:00 16/09 UTC</name>
			<styleUrl>#msn_open-diamond</styleUrl>
			<Point>
				<extrude>1</extrude>
				<altitudeMode>absolute</altitudeMode>
				<gx:drawOrder>1</gx:drawOrder>
				<coordinates>-5.806088,40.606361,4196 </coordinates>
			</Point>
		</Placemark><Placemark>
			<name>16.2kn - 214° - 4256m - 19:30:00 16/09 UTC</name>
			<styleUrl>#msn_open-diamond</styleUrl>
			<Point>
				<extrude>1</extrude>
				<altitudeMode>absolute</altitudeMode>
				<gx:drawOrder>1</gx:drawOrder>
				<coordinates>-5.78837,40.626144,4256 </coordinates>
			</Point>
		</Placemark><Placemark>
			<name>17.8kn - 211° - 4449m - 19:25:00 16/09 UTC</name>
			<styleUrl>#msn_open-diamond</styleUrl>
			<Point>
				<extrude>1</extrude>
				<altitudeMode>absolute</altitudeMode>
				<gx:drawOrder>1</gx:drawOrder>
				<coordinates>-5.770888,40.646393,4449 </coordinates>
			</Point>
		</Placemark><Placemark>
			<name>15.1kn - 214° - 4269m - 19:20:00 16/09 UTC</name>
			<styleUrl>#msn_open-diamond</styleUrl>
			<Point>
				<extrude>1</extrude>
				<altitudeMode>absolute</altitudeMode>
				<gx:drawOrder>1</gx:drawOrder>
				<coordinates>-5.7546,40.665417,4269 </coordinates>
			</Point>
		</Placemark><Placemark>
			<name>17.3kn - 218° - 4425m - 19:15:00 16/09 UTC</name>
			<styleUrl>#msn_open-diamond</styleUrl>
			<Point>
				<extrude>1</extrude>
				<altitudeMode>absolute</altitudeMode>
				<gx:drawOrder>1</gx:drawOrder>
				<coordinates>-5.736808,40.682926,4425 </coordinates>
			</Point>
		</Placemark><Placemark>
			<name>17.3kn - 217° - 4463m - 19:10:00 16/09 UTC</name>
			<styleUrl>#msn_open-diamond</styleUrl>
			<Point>
				<extrude>1</extrude>
				<altitudeMode>absolute</altitudeMode>
				<gx:drawOrder>1</gx:drawOrder>
				<coordinates>-5.716973,40.702278,4463 </coordinates>
			</Point>
		</Placemark><Placemark>
			<name>14.6kn - 216° - 4318m - 19:05:00 16/09 UTC</name>
			<styleUrl>#msn_open-diamond</styleUrl>
			<Point>
				<extrude>1</extrude>
				<altitudeMode>absolute</altitudeMode>
				<gx:drawOrder>1</gx:drawOrder>
				<coordinates>-5.697947,40.720997,4318 </coordinates>
			</Point>
		</Placemark><Placemark>
			<name>14.0kn - 214° - 4369m - 19:00:00 16/09 UTC</name>
			<styleUrl>#msn_open-diamond</styleUrl>
			<Point>
				<extrude>1</extrude>
				<altitudeMode>absolute</altitudeMode>
				<gx:drawOrder>1</gx:drawOrder>
				<coordinates>-5.682402,40.737568,4369 </coordinates>
			</Point>
		</Placemark><Placemark>
			<name>15.7kn - 214° - 4441m - 18:55:00 16/09 UTC</name>
			<styleUrl>#msn_open-diamond</styleUrl>
			<Point>
				<extrude>1</extrude>
				<altitudeMode>absolute</altitudeMode>
				<gx:drawOrder>1</gx:drawOrder>
				<coordinates>-5.66659,40.755005,4441 </coordinates>
			</Point>
		</Placemark><Placemark>
			<name>14.6kn - 216° - 4246m - 18:50:00 16/09 UTC</name>
			<styleUrl>#msn_open-diamond</styleUrl>
			<Point>
				<extrude>1</extrude>
				<altitudeMode>absolute</altitudeMode>
				<gx:drawOrder>1</gx:drawOrder>
				<coordinates>-5.65076,40.771549,4246 </coordinates>
			</Point>
		</Placemark><Placemark>
			<name>14.6kn - 210° - 4261m - 18:44:59 16/09 UTC</name>
			<styleUrl>#msn_open-diamond</styleUrl>
			<Point>
				<extrude>1</extrude>
				<altitudeMode>absolute</altitudeMode>
				<gx:drawOrder>1</gx:drawOrder>
				<coordinates>-5.636445,40.788525,4261 </coordinates>
			</Point>
		</Placemark><Placemark>
			<name>13.0kn - 215° - 4271m - 18:30:00 16/09 UTC</name>
			<styleUrl>#msn_open-diamond</styleUrl>
			<Point>
				<extrude>1</extrude>
				<altitudeMode>absolute</altitudeMode>
				<gx:drawOrder>1</gx:drawOrder>
				<coordinates>-5.596119,40.837936,4271 </coordinates>
			</Point>
		</Placemark><Placemark>
			<name>13.0kn - 215° - 4276m - 18:29:37 16/09 UTC</name>
			<styleUrl>#msn_open-diamond</styleUrl>
			<Point>
				<extrude>1</extrude>
				<altitudeMode>absolute</altitudeMode>
				<gx:drawOrder>1</gx:drawOrder>
				<coordinates>-5.595038,40.839081,4276 </coordinates>
			</Point>
		</Placemark><Placemark>
			<name>12.4kn - 214° - 4251m - 18:25:00 16/09 UTC</name>
			<styleUrl>#msn_open-diamond</styleUrl>
			<Point>
				<extrude>1</extrude>
				<altitudeMode>absolute</altitudeMode>
				<gx:drawOrder>1</gx:drawOrder>
				<coordinates>-5.582072,40.852726,4251 </coordinates>
			</Point>
		</Placemark><Placemark>
			<name>15.7kn - 217° - 4328m - 18:20:00 16/09 UTC</name>
			<styleUrl>#msn_open-diamond</styleUrl>
			<Point>
				<extrude>1</extrude>
				<altitudeMode>absolute</altitudeMode>
				<gx:drawOrder>1</gx:drawOrder>
				<coordinates>-5.565,40.868744,4328 </coordinates>
			</Point>
		</Placemark><Placemark>
			<name>10.3kn - 214° - 4151m - 18:15:00 16/09 UTC</name>
			<styleUrl>#msn_open-diamond</styleUrl>
			<Point>
				<extrude>1</extrude>
				<altitudeMode>absolute</altitudeMode>
				<gx:drawOrder>1</gx:drawOrder>
				<coordinates>-5.550042,40.883846,4151 </coordinates>
			</Point>
		</Placemark><Placemark>
			<name>11.9kn - 216° - 4125m - 18:10:00 16/09 UTC</name>
			<styleUrl>#msn_open-diamond</styleUrl>
			<Point>
				<extrude>1</extrude>
				<altitudeMode>absolute</altitudeMode>
				<gx:drawOrder>1</gx:drawOrder>
				<coordinates>-5.53851,40.896462,4125 </coordinates>
			</Point>
		</Placemark><Placemark>
			<name>11.9kn - 214° - 4100m - 18:05:00 16/09 UTC</name>
			<styleUrl>#msn_open-diamond</styleUrl>
			<Point>
				<extrude>1</extrude>
				<altitudeMode>absolute</altitudeMode>
				<gx:drawOrder>1</gx:drawOrder>
				<coordinates>-5.52487,40.910561,4100 </coordinates>
			</Point>
		</Placemark><Placemark>
			<name>13.0kn - 215° - 4139m - 18:00:00 16/09 UTC</name>
			<styleUrl>#msn_open-diamond</styleUrl>
			<Point>
				<extrude>1</extrude>
				<altitudeMode>absolute</altitudeMode>
				<gx:drawOrder>1</gx:drawOrder>
				<coordinates>-5.511852,40.924332,4139 </coordinates>
			</Point>
		</Placemark><Placemark>
			<name>15.7kn - 216° - 4373m - 17:55:00 16/09 UTC</name>
			<styleUrl>#msn_open-diamond</styleUrl>
			<Point>
				<extrude>1</extrude>
				<altitudeMode>absolute</altitudeMode>
				<gx:drawOrder>1</gx:drawOrder>
				<coordinates>-5.495739,40.941185,4373 </coordinates>
			</Point>
		</Placemark><Placemark>
			<name>17.8kn - 219° - 4401m - 17:50:00 16/09 UTC</name>
			<styleUrl>#msn_open-diamond</styleUrl>
			<Point>
				<extrude>1</extrude>
				<altitudeMode>absolute</altitudeMode>
				<gx:drawOrder>1</gx:drawOrder>
				<coordinates>-5.476457,40.959667,4401 </coordinates>
			</Point>
		</Placemark><Placemark>
			<name>14.6kn - 218° - 4295m - 17:45:00 16/09 UTC</name>
			<styleUrl>#msn_open-diamond</styleUrl>
			<Point>
				<extrude>1</extrude>
				<altitudeMode>absolute</altitudeMode>
				<gx:drawOrder>1</gx:drawOrder>
				<coordinates>-5.45667,40.977409,4295 </coordinates>
			</Point>
		</Placemark><Placemark>
			<name>14.0kn - 216° - 4100m - 17:40:00 16/09 UTC</name>
			<styleUrl>#msn_open-diamond</styleUrl>
			<Point>
				<extrude>1</extrude>
				<altitudeMode>absolute</altitudeMode>
				<gx:drawOrder>1</gx:drawOrder>
				<coordinates>-5.440397,40.994064,4100 </coordinates>
			</Point>
		</Placemark><Placemark>
			<name>13.5kn - 222° - 3905m - 17:35:00 16/09 UTC</name>
			<styleUrl>#msn_open-diamond</styleUrl>
			<Point>
				<extrude>1</extrude>
				<altitudeMode>absolute</altitudeMode>
				<gx:drawOrder>1</gx:drawOrder>
				<coordinates>-5.423962,41.008869,3905 </coordinates>
			</Point>
		</Placemark><Placemark>
			<name>16.2kn - 220° - 3915m - 17:30:00 16/09 UTC</name>
			<styleUrl>#msn_open-diamond</styleUrl>
			<Point>
				<extrude>1</extrude>
				<altitudeMode>absolute</altitudeMode>
				<gx:drawOrder>1</gx:drawOrder>
				<coordinates>-5.405803,41.024761,3915 </coordinates>
			</Point>
		</Placemark><Placemark>
			<name>14.6kn - 224° - 3750m - 17:25:00 16/09 UTC</name>
			<styleUrl>#msn_open-diamond</styleUrl>
			<Point>
				<extrude>1</extrude>
				<altitudeMode>absolute</altitudeMode>
				<gx:drawOrder>1</gx:drawOrder>
				<coordinates>-5.38737,41.041031,3750 </coordinates>
			</Point>
		</Placemark><Placemark>
			<name>14.0kn - 224° - 3744m - 17:20:00 16/09 UTC</name>
			<styleUrl>#msn_open-diamond</styleUrl>
			<Point>
				<extrude>1</extrude>
				<altitudeMode>absolute</altitudeMode>
				<gx:drawOrder>1</gx:drawOrder>
				<coordinates>-5.368058,41.056335,3744 </coordinates>
			</Point>
		</Placemark><Placemark>
			<name>15.7kn - 221° - 3760m - 17:15:00 16/09 UTC</name>
			<styleUrl>#msn_open-diamond</styleUrl>
			<Point>
				<extrude>1</extrude>
				<altitudeMode>absolute</altitudeMode>
				<gx:drawOrder>1</gx:drawOrder>
				<coordinates>-5.349703,41.070236,3760 </coordinates>
			</Point>
		</Placemark><Placemark>
			<name>18.4kn - 220° - 3853m - 17:10:00 16/09 UTC</name>
			<styleUrl>#msn_open-diamond</styleUrl>
			<Point>
				<extrude>1</extrude>
				<altitudeMode>absolute</altitudeMode>
				<gx:drawOrder>1</gx:drawOrder>
				<coordinates>-5.3283,41.089363,3853 </coordinates>
			</Point>
		</Placemark><Placemark>
			<name>16.7kn - 223° - 4058m - 17:05:00 16/09 UTC</name>
			<styleUrl>#msn_open-diamond</styleUrl>
			<Point>
				<extrude>1</extrude>
				<altitudeMode>absolute</altitudeMode>
				<gx:drawOrder>1</gx:drawOrder>
				<coordinates>-5.307583,41.106762,4058 </coordinates>
			</Point>
		</Placemark><Placemark>
			<name>18.9kn - 219° - 4237m - 17:00:02 16/09 UTC</name>
			<styleUrl>#msn_open-diamond</styleUrl>
			<Point>
				<extrude>1</extrude>
				<altitudeMode>absolute</altitudeMode>
				<gx:drawOrder>1</gx:drawOrder>
				<coordinates>-5.285033,41.126045,4237 </coordinates>
			</Point>
		</Placemark><Placemark>
			<name>18.4kn - 217° - 4223m - 16:55:02 16/09 UTC</name>
			<styleUrl>#msn_open-diamond</styleUrl>
			<Point>
				<extrude>1</extrude>
				<altitudeMode>absolute</altitudeMode>
				<gx:drawOrder>1</gx:drawOrder>
				<coordinates>-5.263247,41.146526,4223 </coordinates>
			</Point>
		</Placemark><Placemark>
			<name>20.0kn - 212° - 4268m - 16:45:02 16/09 UTC</name>
			<styleUrl>#msn_open-diamond</styleUrl>
			<Point>
				<extrude>1</extrude>
				<altitudeMode>absolute</altitudeMode>
				<gx:drawOrder>1</gx:drawOrder>
				<coordinates>-5.222282,41.189522,4268 </coordinates>
			</Point>
		</Placemark><Placemark>
			<name>20.5kn - 209° - 4218m - 16:40:01 16/09 UTC</name>
			<styleUrl>#msn_open-diamond</styleUrl>
			<Point>
				<extrude>1</extrude>
				<altitudeMode>absolute</altitudeMode>
				<gx:drawOrder>1</gx:drawOrder>
				<coordinates>-5.20345,41.214073,4218 </coordinates>
			</Point>
		</Placemark><Placemark>
			<name>22.7kn - 211° - 4269m - 16:35:01 16/09 UTC</name>
			<styleUrl>#msn_open-diamond</styleUrl>
			<Point>
				<extrude>1</extrude>
				<altitudeMode>absolute</altitudeMode>
				<gx:drawOrder>1</gx:drawOrder>
				<coordinates>-5.182745,41.240612,4269 </coordinates>
			</Point>
		</Placemark><Placemark>
			<name>22.7kn - 213° - 4300m - 16:30:01 16/09 UTC</name>
			<styleUrl>#msn_open-diamond</styleUrl>
			<Point>
				<extrude>1</extrude>
				<altitudeMode>absolute</altitudeMode>
				<gx:drawOrder>1</gx:drawOrder>
				<coordinates>-5.160452,41.266857,4300 </coordinates>
			</Point>
		</Placemark><Placemark>
			<name>22.7kn - 213° - 4300m - 16:30:01 16/09 UTC</name>
			<styleUrl>#msn_open-diamond</styleUrl>
			<Point>
				<extrude>1</extrude>
				<altitudeMode>absolute</altitudeMode>
				<gx:drawOrder>1</gx:drawOrder>
				<coordinates>-5.160452,41.266857,4300 </coordinates>
			</Point>
		</Placemark><Placemark>
			<name>21.1kn - 213° - 4269m - 16:25:01 16/09 UTC</name>
			<styleUrl>#msn_open-diamond</styleUrl>
			<Point>
				<extrude>1</extrude>
				<altitudeMode>absolute</altitudeMode>
				<gx:drawOrder>1</gx:drawOrder>
				<coordinates>-5.138697,41.292278,4269 </coordinates>
			</Point>
		</Placemark><Placemark>
			<name>24.3kn - 207° - 4172m - 16:15:01 16/09 UTC</name>
			<styleUrl>#msn_open-diamond</styleUrl>
			<Point>
				<extrude>1</extrude>
				<altitudeMode>absolute</altitudeMode>
				<gx:drawOrder>1</gx:drawOrder>
				<coordinates>-5.093967,41.347778,4172 </coordinates>
			</Point>
		</Placemark><Placemark>
			<name>24.3kn - 205° - 4339m - 16:10:01 16/09 UTC</name>
			<styleUrl>#msn_open-diamond</styleUrl>
			<Point>
				<extrude>1</extrude>
				<altitudeMode>absolute</altitudeMode>
				<gx:drawOrder>1</gx:drawOrder>
				<coordinates>-5.074103,41.377918,4339 </coordinates>
			</Point>
		</Placemark><Placemark>
			<name>25.4kn - 207° - 4236m - 16:05:01 16/09 UTC</name>
			<styleUrl>#msn_open-diamond</styleUrl>
			<Point>
				<extrude>1</extrude>
				<altitudeMode>absolute</altitudeMode>
				<gx:drawOrder>1</gx:drawOrder>
				<coordinates>-5.053758,41.408447,4236 </coordinates>
			</Point>
		</Placemark><Placemark>
			<name>24.8kn - 208° - 4275m - 16:00:01 16/09 UTC</name>
			<styleUrl>#msn_open-diamond</styleUrl>
			<Point>
				<extrude>1</extrude>
				<altitudeMode>absolute</altitudeMode>
				<gx:drawOrder>1</gx:drawOrder>
				<coordinates>-5.031102,41.439571,4275 </coordinates>
			</Point>
		</Placemark><Placemark>
			<name>27.0kn - 206° - 4249m - 15:55:01 16/09 UTC</name>
			<styleUrl>#msn_open-diamond</styleUrl>
			<Point>
				<extrude>1</extrude>
				<altitudeMode>absolute</altitudeMode>
				<gx:drawOrder>1</gx:drawOrder>
				<coordinates>-5.008655,41.472343,4249 </coordinates>
			</Point>
		</Placemark><Placemark>
			<name>25.4kn - 200° - 4180m - 15:50:01 16/09 UTC</name>
			<styleUrl>#msn_open-diamond</styleUrl>
			<Point>
				<extrude>1</extrude>
				<altitudeMode>absolute</altitudeMode>
				<gx:drawOrder>1</gx:drawOrder>
				<coordinates>-4.988958,41.506786,4180 </coordinates>
			</Point>
		</Placemark><Placemark>
			<name>23.2kn - 200° - 4255m - 15:45:01 16/09 UTC</name>
			<styleUrl>#msn_open-diamond</styleUrl>
			<Point>
				<extrude>1</extrude>
				<altitudeMode>absolute</altitudeMode>
				<gx:drawOrder>1</gx:drawOrder>
				<coordinates>-4.972808,41.537731,4255 </coordinates>
			</Point>
		</Placemark><Placemark>
			<name>23.8kn - 202° - 4131m - 15:40:01 16/09 UTC</name>
			<styleUrl>#msn_open-diamond</styleUrl>
			<Point>
				<extrude>1</extrude>
				<altitudeMode>absolute</altitudeMode>
				<gx:drawOrder>1</gx:drawOrder>
				<coordinates>-4.956137,41.569035,4131 </coordinates>
			</Point>
		</Placemark><Placemark>
			<name>20.5kn - 203° - 4121m - 15:35:01 16/09 UTC</name>
			<styleUrl>#msn_open-diamond</styleUrl>
			<Point>
				<extrude>1</extrude>
				<altitudeMode>absolute</altitudeMode>
				<gx:drawOrder>1</gx:drawOrder>
				<coordinates>-4.940457,41.596649,4121 </coordinates>
			</Point>
		</Placemark><Placemark>
			<name>18.4kn - 201° - 3917m - 15:30:01 16/09 UTC</name>
			<styleUrl>#msn_open-diamond</styleUrl>
			<Point>
				<extrude>1</extrude>
				<altitudeMode>absolute</altitudeMode>
				<gx:drawOrder>1</gx:drawOrder>
				<coordinates>-4.926675,41.621868,3917 </coordinates>
			</Point>
		</Placemark><Placemark>
			<name>18.4kn - 209° - 3961m - 15:25:01 16/09 UTC</name>
			<styleUrl>#msn_open-diamond</styleUrl>
			<Point>
				<extrude>1</extrude>
				<altitudeMode>absolute</altitudeMode>
				<gx:drawOrder>1</gx:drawOrder>
				<coordinates>-4.911457,41.645596,3961 </coordinates>
			</Point>
		</Placemark><Placemark>
			<name>17.8kn - 203° - 3939m - 15:20:01 16/09 UTC</name>
			<styleUrl>#msn_open-diamond</styleUrl>
			<Point>
				<extrude>1</extrude>
				<altitudeMode>absolute</altitudeMode>
				<gx:drawOrder>1</gx:drawOrder>
				<coordinates>-4.895342,41.668854,3939 </coordinates>
			</Point>
		</Placemark><Placemark>
			<name>18.9kn - 206° - 4055m - 15:15:01 16/09 UTC</name>
			<styleUrl>#msn_open-diamond</styleUrl>
			<Point>
				<extrude>1</extrude>
				<altitudeMode>absolute</altitudeMode>
				<gx:drawOrder>1</gx:drawOrder>
				<coordinates>-4.882618,41.690426,4055 </coordinates>
			</Point>
		</Placemark><Placemark>
			<name>25.4kn - 203° - 4236m - 15:10:01 16/09 UTC</name>
			<styleUrl>#msn_open-diamond</styleUrl>
			<Point>
				<extrude>1</extrude>
				<altitudeMode>absolute</altitudeMode>
				<gx:drawOrder>1</gx:drawOrder>
				<coordinates>-4.864225,41.720997,4236 </coordinates>
			</Point>
		</Placemark><Placemark>
			<name>22.7kn - 204° - 4059m - 15:05:01 16/09 UTC</name>
			<styleUrl>#msn_open-diamond</styleUrl>
			<Point>
				<extrude>1</extrude>
				<altitudeMode>absolute</altitudeMode>
				<gx:drawOrder>1</gx:drawOrder>
				<coordinates>-4.844942,41.752373,4059 </coordinates>
			</Point>
		</Placemark><Placemark>
			<name>24.3kn - 202° - 4187m - 15:00:01 16/09 UTC</name>
			<styleUrl>#msn_open-diamond</styleUrl>
			<Point>
				<extrude>1</extrude>
				<altitudeMode>absolute</altitudeMode>
				<gx:drawOrder>1</gx:drawOrder>
				<coordinates>-4.82813,41.78233,4187 </coordinates>
			</Point>
		</Placemark><Placemark>
			<name>25.4kn - 203° - 4039m - 14:55:01 16/09 UTC</name>
			<styleUrl>#msn_open-diamond</styleUrl>
			<Point>
				<extrude>1</extrude>
				<altitudeMode>absolute</altitudeMode>
				<gx:drawOrder>1</gx:drawOrder>
				<coordinates>-4.809203,41.816231,4039 </coordinates>
			</Point>
		</Placemark><Placemark>
			<name>17.8kn - 203° - 4126m - 14:50:01 16/09 UTC</name>
			<styleUrl>#msn_open-diamond</styleUrl>
			<Point>
				<extrude>1</extrude>
				<altitudeMode>absolute</altitudeMode>
				<gx:drawOrder>1</gx:drawOrder>
				<coordinates>-4.793723,41.843582,4126 </coordinates>
			</Point>
		</Placemark><Placemark>
			<name>20.5kn - 207° - 4172m - 14:45:01 16/09 UTC</name>
			<styleUrl>#msn_open-diamond</styleUrl>
			<Point>
				<extrude>1</extrude>
				<altitudeMode>absolute</altitudeMode>
				<gx:drawOrder>1</gx:drawOrder>
				<coordinates>-4.778037,41.865212,4172 </coordinates>
			</Point>
		</Placemark><Placemark>
			<name>15.1kn - 199° - 4009m - 14:40:01 16/09 UTC</name>
			<styleUrl>#msn_open-diamond</styleUrl>
			<Point>
				<extrude>1</extrude>
				<altitudeMode>absolute</altitudeMode>
				<gx:drawOrder>1</gx:drawOrder>
				<coordinates>-4.76274,41.891533,4009 </coordinates>
			</Point>
		</Placemark><Placemark>
			<name>11.9kn - 197° - 3841m - 14:35:01 16/09 UTC</name>
			<styleUrl>#msn_open-diamond</styleUrl>
			<Point>
				<extrude>1</extrude>
				<altitudeMode>absolute</altitudeMode>
				<gx:drawOrder>1</gx:drawOrder>
				<coordinates>-4.754257,41.906509,3841 </coordinates>
			</Point>
		</Placemark><Placemark>
			<name>10.8kn - 212° - 3746m - 14:30:01 16/09 UTC</name>
			<styleUrl>#msn_open-diamond</styleUrl>
			<Point>
				<extrude>1</extrude>
				<altitudeMode>absolute</altitudeMode>
				<gx:drawOrder>1</gx:drawOrder>
				<coordinates>-4.742235,41.920029,3746 </coordinates>
			</Point>
		</Placemark><Placemark>
			<name>12.4kn - 212° - 3519m - 14:25:01 16/09 UTC</name>
			<styleUrl>#msn_open-diamond</styleUrl>
			<Point>
				<extrude>1</extrude>
				<altitudeMode>absolute</altitudeMode>
				<gx:drawOrder>1</gx:drawOrder>
				<coordinates>-4.729641,41.93388,3519 </coordinates>
			</Point>
		</Placemark><Placemark>
			<name>14.6kn - 208° - 3329m - 14:20:01 16/09 UTC</name>
			<styleUrl>#msn_open-diamond</styleUrl>
			<Point>
				<extrude>1</extrude>
				<altitudeMode>absolute</altitudeMode>
				<gx:drawOrder>1</gx:drawOrder>
				<coordinates>-4.71589,41.950127,3329 </coordinates>
			</Point>
		</Placemark><Placemark>
			<name>14.6kn - 214° - 3599m - 14:15:01 16/09 UTC</name>
			<styleUrl>#msn_open-diamond</styleUrl>
			<Point>
				<extrude>1</extrude>
				<altitudeMode>absolute</altitudeMode>
				<gx:drawOrder>1</gx:drawOrder>
				<coordinates>-4.702975,41.968514,3599 </coordinates>
			</Point>
		</Placemark><Placemark>
			<name>14.6kn - 217° - 4051m - 14:10:01 16/09 UTC</name>
			<styleUrl>#msn_open-diamond</styleUrl>
			<Point>
				<extrude>1</extrude>
				<altitudeMode>absolute</altitudeMode>
				<gx:drawOrder>1</gx:drawOrder>
				<coordinates>-4.688902,41.984737,4051 </coordinates>
			</Point>
		</Placemark><Placemark>
			<name>11.9kn - 212° - 3620m - 14:05:01 16/09 UTC</name>
			<styleUrl>#msn_open-diamond</styleUrl>
			<Point>
				<extrude>1</extrude>
				<altitudeMode>absolute</altitudeMode>
				<gx:drawOrder>1</gx:drawOrder>
				<coordinates>-4.674852,41.999821,3620 </coordinates>
			</Point>
		</Placemark><Placemark>
			<name>14.6kn - 214° - 3643m - 14:00:01 16/09 UTC</name>
			<styleUrl>#msn_open-diamond</styleUrl>
			<Point>
				<extrude>1</extrude>
				<altitudeMode>absolute</altitudeMode>
				<gx:drawOrder>1</gx:drawOrder>
				<coordinates>-4.659,42.016121,3643 </coordinates>
			</Point>
		</Placemark><Placemark>
			<name>16.7kn - 209° - 3863m - 13:55:00 16/09 UTC</name>
			<styleUrl>#msn_open-diamond</styleUrl>
			<Point>
				<extrude>1</extrude>
				<altitudeMode>absolute</altitudeMode>
				<gx:drawOrder>1</gx:drawOrder>
				<coordinates>-4.641897,42.035988,3863 </coordinates>
			</Point>
		</Placemark><Placemark>
			<name>13.0kn - 207° - 3519m - 13:50:00 16/09 UTC</name>
			<styleUrl>#msn_open-diamond</styleUrl>
			<Point>
				<extrude>1</extrude>
				<altitudeMode>absolute</altitudeMode>
				<gx:drawOrder>1</gx:drawOrder>
				<coordinates>-4.627968,42.05547,3519 </coordinates>
			</Point>
		</Placemark><Placemark>
			<name>15.7kn - 224° - 3421m - 13:45:00 16/09 UTC</name>
			<styleUrl>#msn_open-diamond</styleUrl>
			<Point>
				<extrude>1</extrude>
				<altitudeMode>absolute</altitudeMode>
				<gx:drawOrder>1</gx:drawOrder>
				<coordinates>-4.611072,42.071587,3421 </coordinates>
			</Point>
		</Placemark><Placemark>
			<name>18.4kn - 236° - 3171m - 13:40:00 16/09 UTC</name>
			<styleUrl>#msn_open-diamond</styleUrl>
			<Point>
				<extrude>1</extrude>
				<altitudeMode>absolute</altitudeMode>
				<gx:drawOrder>1</gx:drawOrder>
				<coordinates>-4.586745,42.086895,3171 </coordinates>
			</Point>
		</Placemark><Placemark>
			<name>22.7kn - 238° - 2668m - 13:30:00 16/09 UTC</name>
			<styleUrl>#msn_open-diamond</styleUrl>
			<Point>
				<extrude>1</extrude>
				<altitudeMode>absolute</altitudeMode>
				<gx:drawOrder>1</gx:drawOrder>
				<coordinates>-4.522225,42.124767,2668 </coordinates>
			</Point>
		</Placemark><Placemark>
			<name>22.1kn - 228° - 2510m - 13:20:00 16/09 UTC</name>
			<styleUrl>#msn_open-diamond</styleUrl>
			<Point>
				<extrude>1</extrude>
				<altitudeMode>absolute</altitudeMode>
				<gx:drawOrder>1</gx:drawOrder>
				<coordinates>-4.46445,42.159046,2510 </coordinates>
			</Point>
		</Placemark><Placemark>
			<name>19.4kn - 218° - 3001m - 13:15:00 16/09 UTC</name>
			<styleUrl>#msn_open-diamond</styleUrl>
			<Point>
				<extrude>1</extrude>
				<altitudeMode>absolute</altitudeMode>
				<gx:drawOrder>1</gx:drawOrder>
				<coordinates>-4.437853,42.178532,3001 </coordinates>
			</Point>
		</Placemark><Placemark>
			<name>21.1kn - 216° - 2947m - 13:10:00 16/09 UTC</name>
			<styleUrl>#msn_open-diamond</styleUrl>
			<Point>
				<extrude>1</extrude>
				<altitudeMode>absolute</altitudeMode>
				<gx:drawOrder>1</gx:drawOrder>
				<coordinates>-4.414118,42.200455,2947 </coordinates>
			</Point>
		</Placemark><Placemark>
			<name>20.0kn - 219° - 2938m - 13:05:00 16/09 UTC</name>
			<styleUrl>#msn_open-diamond</styleUrl>
			<Point>
				<extrude>1</extrude>
				<altitudeMode>absolute</altitudeMode>
				<gx:drawOrder>1</gx:drawOrder>
				<coordinates>-4.390177,42.224217,2938 </coordinates>
			</Point>
		</Placemark><Placemark>
			<name>23.2kn - 219° - 2922m - 13:00:00 16/09 UTC</name>
			<styleUrl>#msn_open-diamond</styleUrl>
			<Point>
				<extrude>1</extrude>
				<altitudeMode>absolute</altitudeMode>
				<gx:drawOrder>1</gx:drawOrder>
				<coordinates>-4.364478,42.247719,2922 </coordinates>
			</Point>
		</Placemark><Placemark>
			<name>22.1kn - 222° - 2953m - 12:55:00 16/09 UTC</name>
			<styleUrl>#msn_open-diamond</styleUrl>
			<Point>
				<extrude>1</extrude>
				<altitudeMode>absolute</altitudeMode>
				<gx:drawOrder>1</gx:drawOrder>
				<coordinates>-4.336097,42.272015,2953 </coordinates>
			</Point>
		</Placemark><Placemark>
			<name>21.6kn - 213° - 2749m - 12:50:00 16/09 UTC</name>
			<styleUrl>#msn_open-diamond</styleUrl>
			<Point>
				<extrude>1</extrude>
				<altitudeMode>absolute</altitudeMode>
				<gx:drawOrder>1</gx:drawOrder>
				<coordinates>-4.310433,42.295662,2749 </coordinates>
			</Point>
		</Placemark><Placemark>
			<name>26.5kn - 215° - 2906m - 12:45:00 16/09 UTC</name>
			<styleUrl>#msn_open-diamond</styleUrl>
			<Point>
				<extrude>1</extrude>
				<altitudeMode>absolute</altitudeMode>
				<gx:drawOrder>1</gx:drawOrder>
				<coordinates>-4.285739,42.323708,2906 </coordinates>
			</Point>
		</Placemark><Placemark>
			<name>27.0kn - 226° - 2812m - 12:40:00 16/09 UTC</name>
			<styleUrl>#msn_open-diamond</styleUrl>
			<Point>
				<extrude>1</extrude>
				<altitudeMode>absolute</altitudeMode>
				<gx:drawOrder>1</gx:drawOrder>
				<coordinates>-4.251472,42.352406,2812 </coordinates>
			</Point>
		</Placemark><Placemark>
			<name>27.5kn - 231° - 2869m - 12:35:00 16/09 UTC</name>
			<styleUrl>#msn_open-diamond</styleUrl>
			<Point>
				<extrude>1</extrude>
				<altitudeMode>absolute</altitudeMode>
				<gx:drawOrder>1</gx:drawOrder>
				<coordinates>-4.213274,42.376495,2869 </coordinates>
			</Point>
		</Placemark><Placemark>
			<name>28.6kn - 227° - 2871m - 12:30:00 16/09 UTC</name>
			<styleUrl>#msn_open-diamond</styleUrl>
			<Point>
				<extrude>1</extrude>
				<altitudeMode>absolute</altitudeMode>
				<gx:drawOrder>1</gx:drawOrder>
				<coordinates>-4.178213,42.401741,2871 </coordinates>
			</Point>
		</Placemark><Placemark>
			<name>25.9kn - 226° - 2882m - 12:25:00 16/09 UTC</name>
			<styleUrl>#msn_open-diamond</styleUrl>
			<Point>
				<extrude>1</extrude>
				<altitudeMode>absolute</altitudeMode>
				<gx:drawOrder>1</gx:drawOrder>
				<coordinates>-4.137078,42.427609,2882 </coordinates>
			</Point>
		</Placemark><Placemark>
			<name>27.5kn - 230° - 2777m - 12:20:00 16/09 UTC</name>
			<styleUrl>#msn_open-diamond</styleUrl>
			<Point>
				<extrude>1</extrude>
				<altitudeMode>absolute</altitudeMode>
				<gx:drawOrder>1</gx:drawOrder>
				<coordinates>-4.098363,42.453285,2777 </coordinates>
			</Point>
		</Placemark><Placemark>
			<name>27.5kn - 226° - 2857m - 12:15:00 16/09 UTC</name>
			<styleUrl>#msn_open-diamond</styleUrl>
			<Point>
				<extrude>1</extrude>
				<altitudeMode>absolute</altitudeMode>
				<gx:drawOrder>1</gx:drawOrder>
				<coordinates>-4.058784,42.478916,2857 </coordinates>
			</Point>
		</Placemark><Placemark>
			<name>27.5kn - 228° - 2732m - 12:10:00 16/09 UTC</name>
			<styleUrl>#msn_open-diamond</styleUrl>
			<Point>
				<extrude>1</extrude>
				<altitudeMode>absolute</altitudeMode>
				<gx:drawOrder>1</gx:drawOrder>
				<coordinates>-4.019445,42.504784,2732 </coordinates>
			</Point>
		</Placemark><Placemark>
			<name>28.6kn - 230° - 2503m - 12:05:00 16/09 UTC</name>
			<styleUrl>#msn_open-diamond</styleUrl>
			<Point>
				<extrude>1</extrude>
				<altitudeMode>absolute</altitudeMode>
				<gx:drawOrder>1</gx:drawOrder>
				<coordinates>-3.978613,42.529781,2503 </coordinates>
			</Point>
		</Placemark><Placemark>
			<name>28.1kn - 231° - 2694m - 12:00:00 16/09 UTC</name>
			<styleUrl>#msn_open-diamond</styleUrl>
			<Point>
				<extrude>1</extrude>
				<altitudeMode>absolute</altitudeMode>
				<gx:drawOrder>1</gx:drawOrder>
				<coordinates>-3.937677,42.555565,2694 </coordinates>
			</Point>
		</Placemark><Placemark>
			<name>28.1kn - 232° - 2633m - 11:55:00 16/09 UTC</name>
			<styleUrl>#msn_open-diamond</styleUrl>
			<Point>
				<extrude>1</extrude>
				<altitudeMode>absolute</altitudeMode>
				<gx:drawOrder>1</gx:drawOrder>
				<coordinates>-3.894798,42.579563,2633 </coordinates>
			</Point>
		</Placemark><Placemark>
			<name>28.1kn - 234° - 2549m - 11:50:00 16/09 UTC</name>
			<styleUrl>#msn_open-diamond</styleUrl>
			<Point>
				<extrude>1</extrude>
				<altitudeMode>absolute</altitudeMode>
				<gx:drawOrder>1</gx:drawOrder>
				<coordinates>-3.851345,42.602608,2549 </coordinates>
			</Point>
		</Placemark><Placemark>
			<name>27.5kn - 235° - 2442m - 11:40:00 16/09 UTC</name>
			<styleUrl>#msn_open-diamond</styleUrl>
			<Point>
				<extrude>1</extrude>
				<altitudeMode>absolute</altitudeMode>
				<gx:drawOrder>1</gx:drawOrder>
				<coordinates>-3.765823,42.647808,2442 </coordinates>
			</Point>
		</Placemark><Placemark>
			<name>27.5kn - 233° - 2438m - 11:35:00 16/09 UTC</name>
			<styleUrl>#msn_open-diamond</styleUrl>
			<Point>
				<extrude>1</extrude>
				<altitudeMode>absolute</altitudeMode>
				<gx:drawOrder>1</gx:drawOrder>
				<coordinates>-3.722872,42.669579,2438 </coordinates>
			</Point>
		</Placemark><Placemark>
			<name>26.5kn - 237° - 2085m - 11:30:00 16/09 UTC</name>
			<styleUrl>#msn_open-diamond</styleUrl>
			<Point>
				<extrude>1</extrude>
				<altitudeMode>absolute</altitudeMode>
				<gx:drawOrder>1</gx:drawOrder>
				<coordinates>-3.680845,42.691341,2085 </coordinates>
			</Point>
		</Placemark><Placemark>
			<name>27.5kn - 243° - 2324m - 11:25:00 16/09 UTC</name>
			<styleUrl>#msn_open-diamond</styleUrl>
			<Point>
				<extrude>1</extrude>
				<altitudeMode>absolute</altitudeMode>
				<gx:drawOrder>1</gx:drawOrder>
				<coordinates>-3.636,42.709904,2324 </coordinates>
			</Point>
		</Placemark><Placemark>
			<name>27.0kn - 246° - 2139m - 11:20:00 16/09 UTC</name>
			<styleUrl>#msn_open-diamond</styleUrl>
			<Point>
				<extrude>1</extrude>
				<altitudeMode>absolute</altitudeMode>
				<gx:drawOrder>1</gx:drawOrder>
				<coordinates>-3.588628,42.72649,2139 </coordinates>
			</Point>
		</Placemark><Placemark>
			<name>26.5kn - 240° - 2353m - 11:15:00 16/09 UTC</name>
			<styleUrl>#msn_open-diamond</styleUrl>
			<Point>
				<extrude>1</extrude>
				<altitudeMode>absolute</altitudeMode>
				<gx:drawOrder>1</gx:drawOrder>
				<coordinates>-3.542585,42.742352,2353 </coordinates>
			</Point>
		</Placemark><Placemark>
			<name>25.9kn - 241° - 2170m - 11:10:00 16/09 UTC</name>
			<styleUrl>#msn_open-diamond</styleUrl>
			<Point>
				<extrude>1</extrude>
				<altitudeMode>absolute</altitudeMode>
				<gx:drawOrder>1</gx:drawOrder>
				<coordinates>-3.500505,42.759148,2170 </coordinates>
			</Point>
		</Placemark><Placemark>
			<name>26.5kn - 231° - 2399m - 11:05:00 16/09 UTC</name>
			<styleUrl>#msn_open-diamond</styleUrl>
			<Point>
				<extrude>1</extrude>
				<altitudeMode>absolute</altitudeMode>
				<gx:drawOrder>1</gx:drawOrder>
				<coordinates>-3.459345,42.781891,2399 </coordinates>
			</Point>
		</Placemark><Placemark>
			<name>27.0kn - 229° - 2349m - 11:00:02 16/09 UTC</name>
			<styleUrl>#msn_open-diamond</styleUrl>
			<Point>
				<extrude>1</extrude>
				<altitudeMode>absolute</altitudeMode>
				<gx:drawOrder>1</gx:drawOrder>
				<coordinates>-3.418887,42.806976,2349 </coordinates>
			</Point>
		</Placemark><Placemark>
			<name>27.0kn - 233° - 2436m - 10:55:02 16/09 UTC</name>
			<styleUrl>#msn_open-diamond</styleUrl>
			<Point>
				<extrude>1</extrude>
				<altitudeMode>absolute</altitudeMode>
				<gx:drawOrder>1</gx:drawOrder>
				<coordinates>-3.377607,42.829102,2436 </coordinates>
			</Point>
		</Placemark><Placemark>
			<name>28.6kn - 229° - 2348m - 10:50:02 16/09 UTC</name>
			<styleUrl>#msn_open-diamond</styleUrl>
			<Point>
				<extrude>1</extrude>
				<altitudeMode>absolute</altitudeMode>
				<gx:drawOrder>1</gx:drawOrder>
				<coordinates>-3.336027,42.853394,2348 </coordinates>
			</Point>
		</Placemark><Placemark>
			<name>27.0kn - 233° - 2320m - 10:45:02 16/09 UTC</name>
			<styleUrl>#msn_open-diamond</styleUrl>
			<Point>
				<extrude>1</extrude>
				<altitudeMode>absolute</altitudeMode>
				<gx:drawOrder>1</gx:drawOrder>
				<coordinates>-3.29543,42.877548,2320 </coordinates>
			</Point>
		</Placemark><Placemark>
			<name>29.7kn - 232° - 2276m - 10:40:01 16/09 UTC</name>
			<styleUrl>#msn_open-diamond</styleUrl>
			<Point>
				<extrude>1</extrude>
				<altitudeMode>absolute</altitudeMode>
				<gx:drawOrder>1</gx:drawOrder>
				<coordinates>-3.252107,42.900379,2276 </coordinates>
			</Point>
		</Placemark><Placemark>
			<name>26.5kn - 230° - 2261m - 10:35:01 16/09 UTC</name>
			<styleUrl>#msn_open-diamond</styleUrl>
			<Point>
				<extrude>1</extrude>
				<altitudeMode>absolute</altitudeMode>
				<gx:drawOrder>1</gx:drawOrder>
				<coordinates>-3.211515,42.925282,2261 </coordinates>
			</Point>
		</Placemark><Placemark>
			<name>28.1kn - 227° - 2207m - 10:30:01 16/09 UTC</name>
			<styleUrl>#msn_open-diamond</styleUrl>
			<Point>
				<extrude>1</extrude>
				<altitudeMode>absolute</altitudeMode>
				<gx:drawOrder>1</gx:drawOrder>
				<coordinates>-3.173133,42.947289,2207 </coordinates>
			</Point>
		</Placemark><Placemark>
			<name>25.9kn - 223° - 2151m - 10:25:01 16/09 UTC</name>
			<styleUrl>#msn_open-diamond</styleUrl>
			<Point>
				<extrude>1</extrude>
				<altitudeMode>absolute</altitudeMode>
				<gx:drawOrder>1</gx:drawOrder>
				<coordinates>-3.138417,42.973572,2151 </coordinates>
			</Point>
		</Placemark><Placemark>
			<name>25.9kn - 226° - 2063m - 10:20:01 16/09 UTC</name>
			<styleUrl>#msn_open-diamond</styleUrl>
			<Point>
				<extrude>1</extrude>
				<altitudeMode>absolute</altitudeMode>
				<gx:drawOrder>1</gx:drawOrder>
				<coordinates>-3.102155,42.998066,2063 </coordinates>
			</Point>
		</Placemark><Placemark>
			<name>27.0kn - 222° - 2106m - 10:15:01 16/09 UTC</name>
			<styleUrl>#msn_open-diamond</styleUrl>
			<Point>
				<extrude>1</extrude>
				<altitudeMode>absolute</altitudeMode>
				<gx:drawOrder>1</gx:drawOrder>
				<coordinates>-3.065083,43.025608,2106 </coordinates>
			</Point>
		</Placemark><Placemark>
			<name>28.1kn - 224° - 2132m - 10:10:01 16/09 UTC</name>
			<styleUrl>#msn_open-diamond</styleUrl>
			<Point>
				<extrude>1</extrude>
				<altitudeMode>absolute</altitudeMode>
				<gx:drawOrder>1</gx:drawOrder>
				<coordinates>-3.026947,43.054024,2132 </coordinates>
			</Point>
		</Placemark><Placemark>
			<name>29.2kn - 223° - 2121m - 10:05:01 16/09 UTC</name>
			<styleUrl>#msn_open-diamond</styleUrl>
			<Point>
				<extrude>1</extrude>
				<altitudeMode>absolute</altitudeMode>
				<gx:drawOrder>1</gx:drawOrder>
				<coordinates>-2.988495,43.083065,2121 </coordinates>
			</Point>
		</Placemark><Placemark>
			<name>28.6kn - 224° - 2158m - 10:00:01 16/09 UTC</name>
			<styleUrl>#msn_open-diamond</styleUrl>
			<Point>
				<extrude>1</extrude>
				<altitudeMode>absolute</altitudeMode>
				<gx:drawOrder>1</gx:drawOrder>
				<coordinates>-2.950663,43.112137,2158 </coordinates>
			</Point>
		</Placemark><Placemark>
			<name>28.1kn - 223° - 2115m - 09:55:01 16/09 UTC</name>
			<styleUrl>#msn_open-diamond</styleUrl>
			<Point>
				<extrude>1</extrude>
				<altitudeMode>absolute</altitudeMode>
				<gx:drawOrder>1</gx:drawOrder>
				<coordinates>-2.913055,43.140923,2115 </coordinates>
			</Point>
		</Placemark><Placemark>
			<name>27.0kn - 224° - 2135m - 09:50:01 16/09 UTC</name>
			<styleUrl>#msn_open-diamond</styleUrl>
			<Point>
				<extrude>1</extrude>
				<altitudeMode>absolute</altitudeMode>
				<gx:drawOrder>1</gx:drawOrder>
				<coordinates>-2.876743,43.16853,2135 </coordinates>
			</Point>
		</Placemark><Placemark>
			<name>25.9kn - 221° - 2013m - 09:45:01 16/09 UTC</name>
			<styleUrl>#msn_open-diamond</styleUrl>
			<Point>
				<extrude>1</extrude>
				<altitudeMode>absolute</altitudeMode>
				<gx:drawOrder>1</gx:drawOrder>
				<coordinates>-2.842352,43.196243,2013 </coordinates>
			</Point>
		</Placemark><Placemark>
			<name>25.9kn - 220° - 2070m - 09:40:01 16/09 UTC</name>
			<styleUrl>#msn_open-diamond</styleUrl>
			<Point>
				<extrude>1</extrude>
				<altitudeMode>absolute</altitudeMode>
				<gx:drawOrder>1</gx:drawOrder>
				<coordinates>-2.809538,43.223503,2070 </coordinates>
			</Point>
		</Placemark><Placemark>
			<name>25.9kn - 220° - 2083m - 09:35:01 16/09 UTC</name>
			<styleUrl>#msn_open-diamond</styleUrl>
			<Point>
				<extrude>1</extrude>
				<altitudeMode>absolute</altitudeMode>
				<gx:drawOrder>1</gx:drawOrder>
				<coordinates>-2.777522,43.251144,2083 </coordinates>
			</Point>
		</Placemark><Placemark>
			<name>26.5kn - 219° - 1928m - 09:30:01 16/09 UTC</name>
			<styleUrl>#msn_open-diamond</styleUrl>
			<Point>
				<extrude>1</extrude>
				<altitudeMode>absolute</altitudeMode>
				<gx:drawOrder>1</gx:drawOrder>
				<coordinates>-2.745478,43.279404,1928 </coordinates>
			</Point>
		</Placemark><Placemark>
			<name>25.9kn - 220° - 1935m - 09:25:01 16/09 UTC</name>
			<styleUrl>#msn_open-diamond</styleUrl>
			<Point>
				<extrude>1</extrude>
				<altitudeMode>absolute</altitudeMode>
				<gx:drawOrder>1</gx:drawOrder>
				<coordinates>-2.713147,43.307186,1935 </coordinates>
			</Point>
		</Placemark><Placemark>
			<name>25.4kn - 220° - 1865m - 09:20:01 16/09 UTC</name>
			<styleUrl>#msn_open-diamond</styleUrl>
			<Point>
				<extrude>1</extrude>
				<altitudeMode>absolute</altitudeMode>
				<gx:drawOrder>1</gx:drawOrder>
				<coordinates>-2.680858,43.334663,1865 </coordinates>
			</Point>
		</Placemark><Placemark>
			<name>25.4kn - 221° - 1844m - 09:15:01 16/09 UTC</name>
			<styleUrl>#msn_open-diamond</styleUrl>
			<Point>
				<extrude>1</extrude>
				<altitudeMode>absolute</altitudeMode>
				<gx:drawOrder>1</gx:drawOrder>
				<coordinates>-2.6485,43.361401,1844 </coordinates>
			</Point>
		</Placemark><Placemark>
			<name>24.3kn - 222° - 1787m - 09:10:01 16/09 UTC</name>
			<styleUrl>#msn_open-diamond</styleUrl>
			<Point>
				<extrude>1</extrude>
				<altitudeMode>absolute</altitudeMode>
				<gx:drawOrder>1</gx:drawOrder>
				<coordinates>-2.616147,43.386959,1787 </coordinates>
			</Point>
		</Placemark><Placemark>
			<name>24.3kn - 223° - 1830m - 09:05:01 16/09 UTC</name>
			<styleUrl>#msn_open-diamond</styleUrl>
			<Point>
				<extrude>1</extrude>
				<altitudeMode>absolute</altitudeMode>
				<gx:drawOrder>1</gx:drawOrder>
				<coordinates>-2.583842,43.412361,1830 </coordinates>
			</Point>
		</Placemark><Placemark>
			<name>23.8kn - 223° - 1830m - 09:00:01 16/09 UTC</name>
			<styleUrl>#msn_open-diamond</styleUrl>
			<Point>
				<extrude>1</extrude>
				<altitudeMode>absolute</altitudeMode>
				<gx:drawOrder>1</gx:drawOrder>
				<coordinates>-2.551698,43.436943,1830 </coordinates>
			</Point>
		</Placemark><Placemark>
			<name>23.2kn - 224° - 1737m - 08:55:01 16/09 UTC</name>
			<styleUrl>#msn_open-diamond</styleUrl>
			<Point>
				<extrude>1</extrude>
				<altitudeMode>absolute</altitudeMode>
				<gx:drawOrder>1</gx:drawOrder>
				<coordinates>-2.51949,43.461033,1737 </coordinates>
			</Point>
		</Placemark><Placemark>
			<name>23.2kn - 223° - 1781m - 08:50:01 16/09 UTC</name>
			<styleUrl>#msn_open-diamond</styleUrl>
			<Point>
				<extrude>1</extrude>
				<altitudeMode>absolute</altitudeMode>
				<gx:drawOrder>1</gx:drawOrder>
				<coordinates>-2.488308,43.484898,1781 </coordinates>
			</Point>
		</Placemark><Placemark>
			<name>23.8kn - 224° - 1772m - 08:45:01 16/09 UTC</name>
			<styleUrl>#msn_open-diamond</styleUrl>
			<Point>
				<extrude>1</extrude>
				<altitudeMode>absolute</altitudeMode>
				<gx:drawOrder>1</gx:drawOrder>
				<coordinates>-2.456735,43.509235,1772 </coordinates>
			</Point>
		</Placemark><Placemark>
			<name>23.2kn - 224° - 1770m - 08:40:01 16/09 UTC</name>
			<styleUrl>#msn_open-diamond</styleUrl>
			<Point>
				<extrude>1</extrude>
				<altitudeMode>absolute</altitudeMode>
				<gx:drawOrder>1</gx:drawOrder>
				<coordinates>-2.424657,43.532993,1770 </coordinates>
			</Point>
		</Placemark><Placemark>
			<name>23.2kn - 226° - 1762m - 08:35:01 16/09 UTC</name>
			<styleUrl>#msn_open-diamond</styleUrl>
			<Point>
				<extrude>1</extrude>
				<altitudeMode>absolute</altitudeMode>
				<gx:drawOrder>1</gx:drawOrder>
				<coordinates>-2.392398,43.555855,1762 </coordinates>
			</Point>
		</Placemark><Placemark>
			<name>22.1kn - 229° - 1682m - 08:30:01 16/09 UTC</name>
			<styleUrl>#msn_open-diamond</styleUrl>
			<Point>
				<extrude>1</extrude>
				<altitudeMode>absolute</altitudeMode>
				<gx:drawOrder>1</gx:drawOrder>
				<coordinates>-2.359512,43.577438,1682 </coordinates>
			</Point>
		</Placemark><Placemark>
			<name>21.6kn - 229° - 1661m - 08:25:01 16/09 UTC</name>
			<styleUrl>#msn_open-diamond</styleUrl>
			<Point>
				<extrude>1</extrude>
				<altitudeMode>absolute</altitudeMode>
				<gx:drawOrder>1</gx:drawOrder>
				<coordinates>-2.326748,43.597691,1661 </coordinates>
			</Point>
		</Placemark><Placemark>
			<name>21.1kn - 234° - 1590m - 08:15:01 16/09 UTC</name>
			<styleUrl>#msn_open-diamond</styleUrl>
			<Point>
				<extrude>1</extrude>
				<altitudeMode>absolute</altitudeMode>
				<gx:drawOrder>1</gx:drawOrder>
				<coordinates>-2.26283,43.636128,1590 </coordinates>
			</Point>
		</Placemark><Placemark>
			<name>21.6kn - 239° - 1514m - 08:10:01 16/09 UTC</name>
			<styleUrl>#msn_open-diamond</styleUrl>
			<Point>
				<extrude>1</extrude>
				<altitudeMode>absolute</altitudeMode>
				<gx:drawOrder>1</gx:drawOrder>
				<coordinates>-2.228343,43.652473,1514 </coordinates>
			</Point>
		</Placemark><Placemark>
			<name>21.6kn - 243° - 1411m - 08:05:01 16/09 UTC</name>
			<styleUrl>#msn_open-diamond</styleUrl>
			<Point>
				<extrude>1</extrude>
				<altitudeMode>absolute</altitudeMode>
				<gx:drawOrder>1</gx:drawOrder>
				<coordinates>-2.191038,43.66745,1411 </coordinates>
			</Point>
		</Placemark><Placemark>
			<name>20.5kn - 246° - 1350m - 08:00:00 16/09 UTC</name>
			<styleUrl>#msn_open-diamond</styleUrl>
			<Point>
				<extrude>1</extrude>
				<altitudeMode>absolute</altitudeMode>
				<gx:drawOrder>1</gx:drawOrder>
				<coordinates>-2.153742,43.679493,1350 </coordinates>
			</Point>
		</Placemark><Placemark>
			<name>19.4kn - 248° - 1320m - 07:55:00 16/09 UTC</name>
			<styleUrl>#msn_open-diamond</styleUrl>
			<Point>
				<extrude>1</extrude>
				<altitudeMode>absolute</altitudeMode>
				<gx:drawOrder>1</gx:drawOrder>
				<coordinates>-2.117983,43.690182,1320 </coordinates>
			</Point>
		</Placemark><Placemark>
			<name>19.4kn - 248° - 1302m - 07:50:00 16/09 UTC</name>
			<styleUrl>#msn_open-diamond</styleUrl>
			<Point>
				<extrude>1</extrude>
				<altitudeMode>absolute</altitudeMode>
				<gx:drawOrder>1</gx:drawOrder>
				<coordinates>-2.083015,43.700352,1302 </coordinates>
			</Point>
		</Placemark><Placemark>
			<name>19.4kn - 246° - 1266m - 07:45:00 16/09 UTC</name>
			<styleUrl>#msn_open-diamond</styleUrl>
			<Point>
				<extrude>1</extrude>
				<altitudeMode>absolute</altitudeMode>
				<gx:drawOrder>1</gx:drawOrder>
				<coordinates>-2.047922,43.710842,1266 </coordinates>
			</Point>
		</Placemark><Placemark>
			<name>20.0kn - 247° - 1262m - 07:40:00 16/09 UTC</name>
			<styleUrl>#msn_open-diamond</styleUrl>
			<Point>
				<extrude>1</extrude>
				<altitudeMode>absolute</altitudeMode>
				<gx:drawOrder>1</gx:drawOrder>
				<coordinates>-2.012277,43.721924,1262 </coordinates>
			</Point>
		</Placemark><Placemark>
			<name>20.0kn - 247° - 1250m - 07:35:00 16/09 UTC</name>
			<styleUrl>#msn_open-diamond</styleUrl>
			<Point>
				<extrude>1</extrude>
				<altitudeMode>absolute</altitudeMode>
				<gx:drawOrder>1</gx:drawOrder>
				<coordinates>-1.976448,43.732689,1250 </coordinates>
			</Point>
		</Placemark><Placemark>
			<name>18.9kn - 247° - 1223m - 07:30:00 16/09 UTC</name>
			<styleUrl>#msn_open-diamond</styleUrl>
			<Point>
				<extrude>1</extrude>
				<altitudeMode>absolute</altitudeMode>
				<gx:drawOrder>1</gx:drawOrder>
				<coordinates>-1.941572,43.742981,1223 </coordinates>
			</Point>
		</Placemark><Placemark>
			<name>18.4kn - 247° - 1186m - 07:25:00 16/09 UTC</name>
			<styleUrl>#msn_open-diamond</styleUrl>
			<Point>
				<extrude>1</extrude>
				<altitudeMode>absolute</altitudeMode>
				<gx:drawOrder>1</gx:drawOrder>
				<coordinates>-1.908558,43.752522,1186 </coordinates>
			</Point>
		</Placemark><Placemark>
			<name>18.4kn - 244° - 1144m - 07:20:00 16/09 UTC</name>
			<styleUrl>#msn_open-diamond</styleUrl>
			<Point>
				<extrude>1</extrude>
				<altitudeMode>absolute</altitudeMode>
				<gx:drawOrder>1</gx:drawOrder>
				<coordinates>-1.875947,43.762962,1144 </coordinates>
			</Point>
		</Placemark><Placemark>
			<name>18.9kn - 239° - 1101m - 07:15:00 16/09 UTC</name>
			<styleUrl>#msn_open-diamond</styleUrl>
			<Point>
				<extrude>1</extrude>
				<altitudeMode>absolute</altitudeMode>
				<gx:drawOrder>1</gx:drawOrder>
				<coordinates>-1.843658,43.775513,1101 </coordinates>
			</Point>
		</Placemark><Placemark>
			<name>18.4kn - 237° - 1079m - 07:10:00 16/09 UTC</name>
			<styleUrl>#msn_open-diamond</styleUrl>
			<Point>
				<extrude>1</extrude>
				<altitudeMode>absolute</altitudeMode>
				<gx:drawOrder>1</gx:drawOrder>
				<coordinates>-1.81298,43.789082,1079 </coordinates>
			</Point>
		</Placemark><Placemark>
			<name>17.8kn - 237° - 1047m - 07:05:00 16/09 UTC</name>
			<styleUrl>#msn_open-diamond</styleUrl>
			<Point>
				<extrude>1</extrude>
				<altitudeMode>absolute</altitudeMode>
				<gx:drawOrder>1</gx:drawOrder>
				<coordinates>-1.783515,43.802952,1047 </coordinates>
			</Point>
		</Placemark><Placemark>
			<name>17.8kn - 235° - 993m - 07:00:00 16/09 UTC</name>
			<styleUrl>#msn_open-diamond</styleUrl>
			<Point>
				<extrude>1</extrude>
				<altitudeMode>absolute</altitudeMode>
				<gx:drawOrder>1</gx:drawOrder>
				<coordinates>-1.75456,43.816322,993 </coordinates>
			</Point>
		</Placemark><Placemark>
			<name>18.9kn - 230° - 956m - 06:55:00 16/09 UTC</name>
			<styleUrl>#msn_open-diamond</styleUrl>
			<Point>
				<extrude>1</extrude>
				<altitudeMode>absolute</altitudeMode>
				<gx:drawOrder>1</gx:drawOrder>
				<coordinates>-1.725508,43.831932,956 </coordinates>
			</Point>
		</Placemark><Placemark>
			<name>19.4kn - 226° - 941m - 06:50:00 16/09 UTC</name>
			<styleUrl>#msn_open-diamond</styleUrl>
			<Point>
				<extrude>1</extrude>
				<altitudeMode>absolute</altitudeMode>
				<gx:drawOrder>1</gx:drawOrder>
				<coordinates>-1.697743,43.849396,941 </coordinates>
			</Point>
		</Placemark><Placemark>
			<name>18.4kn - 219° - 918m - 06:45:00 16/09 UTC</name>
			<styleUrl>#msn_open-diamond</styleUrl>
			<Point>
				<extrude>1</extrude>
				<altitudeMode>absolute</altitudeMode>
				<gx:drawOrder>1</gx:drawOrder>
				<coordinates>-1.672968,43.86887,918 </coordinates>
			</Point>
		</Placemark><Placemark>
			<name>17.3kn - 214° - 930m - 06:40:00 16/09 UTC</name>
			<styleUrl>#msn_open-diamond</styleUrl>
			<Point>
				<extrude>1</extrude>
				<altitudeMode>absolute</altitudeMode>
				<gx:drawOrder>1</gx:drawOrder>
				<coordinates>-1.6509,43.889114,930 </coordinates>
			</Point>
		</Placemark><Placemark>
			<name>16.2kn - 215° - 892m - 06:35:00 16/09 UTC</name>
			<styleUrl>#msn_open-diamond</styleUrl>
			<Point>
				<extrude>1</extrude>
				<altitudeMode>absolute</altitudeMode>
				<gx:drawOrder>1</gx:drawOrder>
				<coordinates>-1.632325,43.908665,892 </coordinates>
			</Point>
		</Placemark><Placemark>
			<name>14.6kn - 216° - 826m - 06:30:00 16/09 UTC</name>
			<styleUrl>#msn_open-diamond</styleUrl>
			<Point>
				<extrude>1</extrude>
				<altitudeMode>absolute</altitudeMode>
				<gx:drawOrder>1</gx:drawOrder>
				<coordinates>-1.615278,43.925995,826 </coordinates>
			</Point>
		</Placemark><Placemark>
			<name>13.0kn - 218° - 723m - 06:25:00 16/09 UTC</name>
			<styleUrl>#msn_open-diamond</styleUrl>
			<Point>
				<extrude>1</extrude>
				<altitudeMode>absolute</altitudeMode>
				<gx:drawOrder>1</gx:drawOrder>
				<coordinates>-1.599238,43.941582,723 </coordinates>
			</Point>
		</Placemark><Placemark>
			<name>13.0kn - 216° - 682m - 06:20:00 16/09 UTC</name>
			<styleUrl>#msn_open-diamond</styleUrl>
			<Point>
				<extrude>1</extrude>
				<altitudeMode>absolute</altitudeMode>
				<gx:drawOrder>1</gx:drawOrder>
				<coordinates>-1.583838,43.955998,682 </coordinates>
			</Point>
		</Placemark><Placemark>
			<name>11.3kn - 208° - 582m - 06:15:00 16/09 UTC</name>
			<styleUrl>#msn_open-diamond</styleUrl>
			<Point>
				<extrude>1</extrude>
				<altitudeMode>absolute</altitudeMode>
				<gx:drawOrder>1</gx:drawOrder>
				<coordinates>-1.571252,43.970493,582 </coordinates>
			</Point>
		</Placemark><Placemark>
			<name>11.3kn - 207° - 559m - 06:10:00 16/09 UTC</name>
			<styleUrl>#msn_open-diamond</styleUrl>
			<Point>
				<extrude>1</extrude>
				<altitudeMode>absolute</altitudeMode>
				<gx:drawOrder>1</gx:drawOrder>
				<coordinates>-1.560752,43.98518,559 </coordinates>
			</Point>
		</Placemark><Placemark>
			<name>12.4kn - 206° - 528m - 06:05:00 16/09 UTC</name>
			<styleUrl>#msn_open-diamond</styleUrl>
			<Point>
				<extrude>1</extrude>
				<altitudeMode>absolute</altitudeMode>
				<gx:drawOrder>1</gx:drawOrder>
				<coordinates>-1.550118,44.000389,528 </coordinates>
			</Point>
		</Placemark><Placemark>
			<name>12.4kn - 206° - 519m - 06:00:00 16/09 UTC</name>
			<styleUrl>#msn_open-diamond</styleUrl>
			<Point>
				<extrude>1</extrude>
				<altitudeMode>absolute</altitudeMode>
				<gx:drawOrder>1</gx:drawOrder>
				<coordinates>-1.53926,44.016007,519 </coordinates>
			</Point>
		</Placemark><Placemark>
			<name>12.4kn - 203° - 498m - 05:55:00 16/09 UTC</name>
			<styleUrl>#msn_open-diamond</styleUrl>
			<Point>
				<extrude>1</extrude>
				<altitudeMode>absolute</altitudeMode>
				<gx:drawOrder>1</gx:drawOrder>
				<coordinates>-1.52899,44.031872,498 </coordinates>
			</Point>
		</Placemark><Placemark>
			<name>11.9kn - 203° - 441m - 05:50:00 16/09 UTC</name>
			<styleUrl>#msn_open-diamond</styleUrl>
			<Point>
				<extrude>1</extrude>
				<altitudeMode>absolute</altitudeMode>
				<gx:drawOrder>1</gx:drawOrder>
				<coordinates>-1.519415,44.047688,441 </coordinates>
			</Point>
		</Placemark><Placemark>
			<name>11.9kn - 202° - 437m - 05:45:00 16/09 UTC</name>
			<styleUrl>#msn_open-diamond</styleUrl>
			<Point>
				<extrude>1</extrude>
				<altitudeMode>absolute</altitudeMode>
				<gx:drawOrder>1</gx:drawOrder>
				<coordinates>-1.510498,44.062893,437 </coordinates>
			</Point>
		</Placemark><Placemark>
			<name>11.3kn - 204° - 453m - 05:40:00 16/09 UTC</name>
			<styleUrl>#msn_open-diamond</styleUrl>
			<Point>
				<extrude>1</extrude>
				<altitudeMode>absolute</altitudeMode>
				<gx:drawOrder>1</gx:drawOrder>
				<coordinates>-1.50138,44.077679,453 </coordinates>
			</Point>
		</Placemark><Placemark>
			<name>10.3kn - 205° - 410m - 05:35:00 16/09 UTC</name>
			<styleUrl>#msn_open-diamond</styleUrl>
			<Point>
				<extrude>1</extrude>
				<altitudeMode>absolute</altitudeMode>
				<gx:drawOrder>1</gx:drawOrder>
				<coordinates>-1.49238,44.091545,410 </coordinates>
			</Point>
		</Placemark><Placemark>
			<name>10.3kn - 207° - 445m - 05:30:00 16/09 UTC</name>
			<styleUrl>#msn_open-diamond</styleUrl>
			<Point>
				<extrude>1</extrude>
				<altitudeMode>absolute</altitudeMode>
				<gx:drawOrder>1</gx:drawOrder>
				<coordinates>-1.483367,44.104519,445 </coordinates>
			</Point>
		</Placemark><Placemark>
			<name>10.3kn - 205° - 434m - 05:25:00 16/09 UTC</name>
			<styleUrl>#msn_open-diamond</styleUrl>
			<Point>
				<extrude>1</extrude>
				<altitudeMode>absolute</altitudeMode>
				<gx:drawOrder>1</gx:drawOrder>
				<coordinates>-1.474213,44.117466,434 </coordinates>
			</Point>
		</Placemark><Placemark>
			<name>10.3kn - 207° - 429m - 05:20:00 16/09 UTC</name>
			<styleUrl>#msn_open-diamond</styleUrl>
			<Point>
				<extrude>1</extrude>
				<altitudeMode>absolute</altitudeMode>
				<gx:drawOrder>1</gx:drawOrder>
				<coordinates>-1.465202,44.130444,429 </coordinates>
			</Point>
		</Placemark><Placemark>
			<name>9.7kn - 211° - 403m - 05:15:00 16/09 UTC</name>
			<styleUrl>#msn_open-diamond</styleUrl>
			<Point>
				<extrude>1</extrude>
				<altitudeMode>absolute</altitudeMode>
				<gx:drawOrder>1</gx:drawOrder>
				<coordinates>-1.455597,44.142601,403 </coordinates>
			</Point>
		</Placemark><Placemark>
			<name>9.2kn - 213° - 427m - 05:10:00 16/09 UTC</name>
			<styleUrl>#msn_open-diamond</styleUrl>
			<Point>
				<extrude>1</extrude>
				<altitudeMode>absolute</altitudeMode>
				<gx:drawOrder>1</gx:drawOrder>
				<coordinates>-1.445693,44.15395,427 </coordinates>
			</Point>
		</Placemark><Placemark>
			<name>9.7kn - 213° - 458m - 05:00:02 16/09 UTC</name>
			<styleUrl>#msn_open-diamond</styleUrl>
			<Point>
				<extrude>1</extrude>
				<altitudeMode>absolute</altitudeMode>
				<gx:drawOrder>1</gx:drawOrder>
				<coordinates>-1.42471,44.176342,458 </coordinates>
			</Point>
		</Placemark><Placemark>
			<name>9.2kn - 212° - 432m - 04:55:01 16/09 UTC</name>
			<styleUrl>#msn_open-diamond</styleUrl>
			<Point>
				<extrude>1</extrude>
				<altitudeMode>absolute</altitudeMode>
				<gx:drawOrder>1</gx:drawOrder>
				<coordinates>-1.41421,44.187923,432 </coordinates>
			</Point>
		</Placemark><Placemark>
			<name>9.2kn - 214° - 445m - 04:50:02 16/09 UTC</name>
			<styleUrl>#msn_open-diamond</styleUrl>
			<Point>
				<extrude>1</extrude>
				<altitudeMode>absolute</altitudeMode>
				<gx:drawOrder>1</gx:drawOrder>
				<coordinates>-1.404302,44.198959,445 </coordinates>
			</Point>
		</Placemark><Placemark>
			<name>10.3kn - 216° - 501m - 04:45:01 16/09 UTC</name>
			<styleUrl>#msn_open-diamond</styleUrl>
			<Point>
				<extrude>1</extrude>
				<altitudeMode>absolute</altitudeMode>
				<gx:drawOrder>1</gx:drawOrder>
				<coordinates>-1.392827,44.210316,501 </coordinates>
			</Point>
		</Placemark><Placemark>
			<name>10.3kn - 214° - 456m - 04:40:01 16/09 UTC</name>
			<styleUrl>#msn_open-diamond</styleUrl>
			<Point>
				<extrude>1</extrude>
				<altitudeMode>absolute</altitudeMode>
				<gx:drawOrder>1</gx:drawOrder>
				<coordinates>-1.3812,44.222008,456 </coordinates>
			</Point>
		</Placemark><Placemark>
			<name>10.3kn - 216° - 498m - 04:35:01 16/09 UTC</name>
			<styleUrl>#msn_open-diamond</styleUrl>
			<Point>
				<extrude>1</extrude>
				<altitudeMode>absolute</altitudeMode>
				<gx:drawOrder>1</gx:drawOrder>
				<coordinates>-1.369573,44.233727,498 </coordinates>
			</Point>
		</Placemark><Placemark>
			<name>10.3kn - 215° - 545m - 04:30:01 16/09 UTC</name>
			<styleUrl>#msn_open-diamond</styleUrl>
			<Point>
				<extrude>1</extrude>
				<altitudeMode>absolute</altitudeMode>
				<gx:drawOrder>1</gx:drawOrder>
				<coordinates>-1.357562,44.245747,545 </coordinates>
			</Point>
		</Placemark><Placemark>
			<name>10.8kn - 220° - 589m - 04:25:01 16/09 UTC</name>
			<styleUrl>#msn_open-diamond</styleUrl>
			<Point>
				<extrude>1</extrude>
				<altitudeMode>absolute</altitudeMode>
				<gx:drawOrder>1</gx:drawOrder>
				<coordinates>-1.344197,44.257557,589 </coordinates>
			</Point>
		</Placemark><Placemark>
			<name>12.4kn - 217° - 651m - 04:20:01 16/09 UTC</name>
			<styleUrl>#msn_open-diamond</styleUrl>
			<Point>
				<extrude>1</extrude>
				<altitudeMode>absolute</altitudeMode>
				<gx:drawOrder>1</gx:drawOrder>
				<coordinates>-1.329967,44.270313,651 </coordinates>
			</Point>
		</Placemark><Placemark>
			<name>12.4kn - 217° - 708m - 04:15:01 16/09 UTC</name>
			<styleUrl>#msn_open-diamond</styleUrl>
			<Point>
				<extrude>1</extrude>
				<altitudeMode>absolute</altitudeMode>
				<gx:drawOrder>1</gx:drawOrder>
				<coordinates>-1.314562,44.284023,708 </coordinates>
			</Point>
		</Placemark><Placemark>
			<name>12.4kn - 218° - 653m - 04:10:01 16/09 UTC</name>
			<styleUrl>#msn_open-diamond</styleUrl>
			<Point>
				<extrude>1</extrude>
				<altitudeMode>absolute</altitudeMode>
				<gx:drawOrder>1</gx:drawOrder>
				<coordinates>-1.29962,44.297875,653 </coordinates>
			</Point>
		</Placemark><Placemark>
			<name>12.4kn - 220° - 632m - 04:05:01 16/09 UTC</name>
			<styleUrl>#msn_open-diamond</styleUrl>
			<Point>
				<extrude>1</extrude>
				<altitudeMode>absolute</altitudeMode>
				<gx:drawOrder>1</gx:drawOrder>
				<coordinates>-1.283958,44.311451,632 </coordinates>
			</Point>
		</Placemark><Placemark>
			<name>13.0kn - 221° - 617m - 04:00:01 16/09 UTC</name>
			<styleUrl>#msn_open-diamond</styleUrl>
			<Point>
				<extrude>1</extrude>
				<altitudeMode>absolute</altitudeMode>
				<gx:drawOrder>1</gx:drawOrder>
				<coordinates>-1.267425,44.325165,617 </coordinates>
			</Point>
		</Placemark><Placemark>
			<name>13.5kn - 222° - 612m - 03:55:01 16/09 UTC</name>
			<styleUrl>#msn_open-diamond</styleUrl>
			<Point>
				<extrude>1</extrude>
				<altitudeMode>absolute</altitudeMode>
				<gx:drawOrder>1</gx:drawOrder>
				<coordinates>-1.249543,44.339409,612 </coordinates>
			</Point>
		</Placemark><Placemark>
			<name>13.5kn - 224° - 624m - 03:50:01 16/09 UTC</name>
			<styleUrl>#msn_open-diamond</styleUrl>
			<Point>
				<extrude>1</extrude>
				<altitudeMode>absolute</altitudeMode>
				<gx:drawOrder>1</gx:drawOrder>
				<coordinates>-1.230623,44.353294,624 </coordinates>
			</Point>
		</Placemark><Placemark>
			<name>14.0kn - 223° - 630m - 03:45:01 16/09 UTC</name>
			<styleUrl>#msn_open-diamond</styleUrl>
			<Point>
				<extrude>1</extrude>
				<altitudeMode>absolute</altitudeMode>
				<gx:drawOrder>1</gx:drawOrder>
				<coordinates>-1.211148,44.367611,630 </coordinates>
			</Point>
		</Placemark><Placemark>
			<name>14.6kn - 223° - 649m - 03:40:01 16/09 UTC</name>
			<styleUrl>#msn_open-diamond</styleUrl>
			<Point>
				<extrude>1</extrude>
				<altitudeMode>absolute</altitudeMode>
				<gx:drawOrder>1</gx:drawOrder>
				<coordinates>-1.192085,44.382519,649 </coordinates>
			</Point>
		</Placemark><Placemark>
			<name>13.5kn - 225° - 616m - 03:35:01 16/09 UTC</name>
			<styleUrl>#msn_open-diamond</styleUrl>
			<Point>
				<extrude>1</extrude>
				<altitudeMode>absolute</altitudeMode>
				<gx:drawOrder>1</gx:drawOrder>
				<coordinates>-1.172595,44.396523,616 </coordinates>
			</Point>
		</Placemark><Placemark>
			<name>13.5kn - 225° - 593m - 03:30:01 16/09 UTC</name>
			<styleUrl>#msn_open-diamond</styleUrl>
			<Point>
				<extrude>1</extrude>
				<altitudeMode>absolute</altitudeMode>
				<gx:drawOrder>1</gx:drawOrder>
				<coordinates>-1.153513,44.409729,593 </coordinates>
			</Point>
		</Placemark><Placemark>
			<name>14.0kn - 226° - 603m - 03:25:01 16/09 UTC</name>
			<styleUrl>#msn_open-diamond</styleUrl>
			<Point>
				<extrude>1</extrude>
				<altitudeMode>absolute</altitudeMode>
				<gx:drawOrder>1</gx:drawOrder>
				<coordinates>-1.133953,44.422958,603 </coordinates>
			</Point>
		</Placemark><Placemark>
			<name>14.0kn - 227° - 616m - 03:20:01 16/09 UTC</name>
			<styleUrl>#msn_open-diamond</styleUrl>
			<Point>
				<extrude>1</extrude>
				<altitudeMode>absolute</altitudeMode>
				<gx:drawOrder>1</gx:drawOrder>
				<coordinates>-1.113822,44.436642,616 </coordinates>
			</Point>
		</Placemark><Placemark>
			<name>14.0kn - 228° - 587m - 03:15:01 16/09 UTC</name>
			<styleUrl>#msn_open-diamond</styleUrl>
			<Point>
				<extrude>1</extrude>
				<altitudeMode>absolute</altitudeMode>
				<gx:drawOrder>1</gx:drawOrder>
				<coordinates>-1.092905,44.449913,587 </coordinates>
			</Point>
		</Placemark><Placemark>
			<name>14.6kn - 228° - 619m - 03:10:01 16/09 UTC</name>
			<styleUrl>#msn_open-diamond</styleUrl>
			<Point>
				<extrude>1</extrude>
				<altitudeMode>absolute</altitudeMode>
				<gx:drawOrder>1</gx:drawOrder>
				<coordinates>-1.071762,44.463837,619 </coordinates>
			</Point>
		</Placemark><Placemark>
			<name>14.0kn - 233° - 412m - 03:05:01 16/09 UTC</name>
			<styleUrl>#msn_open-diamond</styleUrl>
			<Point>
				<extrude>1</extrude>
				<altitudeMode>absolute</altitudeMode>
				<gx:drawOrder>1</gx:drawOrder>
				<coordinates>-1.050815,44.47633,412 </coordinates>
			</Point>
		</Placemark><Placemark>
			<name>14.0kn - 232° - 484m - 03:00:01 16/09 UTC</name>
			<styleUrl>#msn_open-diamond</styleUrl>
			<Point>
				<extrude>1</extrude>
				<altitudeMode>absolute</altitudeMode>
				<gx:drawOrder>1</gx:drawOrder>
				<coordinates>-1.029475,44.48819,484 </coordinates>
			</Point>
		</Placemark><Placemark>
			<name>15.1kn - 238° - 419m - 02:55:01 16/09 UTC</name>
			<styleUrl>#msn_open-diamond</styleUrl>
			<Point>
				<extrude>1</extrude>
				<altitudeMode>absolute</altitudeMode>
				<gx:drawOrder>1</gx:drawOrder>
				<coordinates>-1.00675,44.499931,419 </coordinates>
			</Point>
		</Placemark><Placemark>
			<name>15.1kn - 240° - 403m - 02:50:01 16/09 UTC</name>
			<styleUrl>#msn_open-diamond</styleUrl>
			<Point>
				<extrude>1</extrude>
				<altitudeMode>absolute</altitudeMode>
				<gx:drawOrder>1</gx:drawOrder>
				<coordinates>-0.980707,44.510426,403 </coordinates>
			</Point>
		</Placemark><Placemark>
			<name>15.1kn - 238° - 441m - 02:45:01 16/09 UTC</name>
			<styleUrl>#msn_open-diamond</styleUrl>
			<Point>
				<extrude>1</extrude>
				<altitudeMode>absolute</altitudeMode>
				<gx:drawOrder>1</gx:drawOrder>
				<coordinates>-0.955112,44.521248,441 </coordinates>
			</Point>
		</Placemark><Placemark>
			<name>14.6kn - 234° - 502m - 02:40:01 16/09 UTC</name>
			<styleUrl>#msn_open-diamond</styleUrl>
			<Point>
				<extrude>1</extrude>
				<altitudeMode>absolute</altitudeMode>
				<gx:drawOrder>1</gx:drawOrder>
				<coordinates>-0.931338,44.532776,502 </coordinates>
			</Point>
		</Placemark><Placemark>
			<name>15.1kn - 242° - 432m - 02:35:01 16/09 UTC</name>
			<styleUrl>#msn_open-diamond</styleUrl>
			<Point>
				<extrude>1</extrude>
				<altitudeMode>absolute</altitudeMode>
				<gx:drawOrder>1</gx:drawOrder>
				<coordinates>-0.906697,44.543797,432 </coordinates>
			</Point>
		</Placemark><Placemark>
			<name>15.7kn - 241° - 432m - 02:30:01 16/09 UTC</name>
			<styleUrl>#msn_open-diamond</styleUrl>
			<Point>
				<extrude>1</extrude>
				<altitudeMode>absolute</altitudeMode>
				<gx:drawOrder>1</gx:drawOrder>
				<coordinates>-0.879435,44.554054,432 </coordinates>
			</Point>
		</Placemark><Placemark>
			<name>15.7kn - 240° - 445m - 02:25:01 16/09 UTC</name>
			<styleUrl>#msn_open-diamond</styleUrl>
			<Point>
				<extrude>1</extrude>
				<altitudeMode>absolute</altitudeMode>
				<gx:drawOrder>1</gx:drawOrder>
				<coordinates>-0.8526,44.564602,445 </coordinates>
			</Point>
		</Placemark><Placemark>
			<name>15.7kn - 240° - 470m - 02:20:01 16/09 UTC</name>
			<styleUrl>#msn_open-diamond</styleUrl>
			<Point>
				<extrude>1</extrude>
				<altitudeMode>absolute</altitudeMode>
				<gx:drawOrder>1</gx:drawOrder>
				<coordinates>-0.826288,44.575558,470 </coordinates>
			</Point>
		</Placemark><Placemark>
			<name>16.2kn - 241° - 472m - 02:15:01 16/09 UTC</name>
			<styleUrl>#msn_open-diamond</styleUrl>
			<Point>
				<extrude>1</extrude>
				<altitudeMode>absolute</altitudeMode>
				<gx:drawOrder>1</gx:drawOrder>
				<coordinates>-0.798463,44.586426,472 </coordinates>
			</Point>
		</Placemark><Placemark>
			<name>16.2kn - 240° - 483m - 02:10:01 16/09 UTC</name>
			<styleUrl>#msn_open-diamond</styleUrl>
			<Point>
				<extrude>1</extrude>
				<altitudeMode>absolute</altitudeMode>
				<gx:drawOrder>1</gx:drawOrder>
				<coordinates>-0.770392,44.597443,483 </coordinates>
			</Point>
		</Placemark><Placemark>
			<name>16.2kn - 238° - 500m - 02:05:01 16/09 UTC</name>
			<styleUrl>#msn_open-diamond</styleUrl>
			<Point>
				<extrude>1</extrude>
				<altitudeMode>absolute</altitudeMode>
				<gx:drawOrder>1</gx:drawOrder>
				<coordinates>-0.742558,44.608727,500 </coordinates>
			</Point>
		</Placemark><Placemark>
			<name>16.2kn - 234° - 553m - 02:00:01 16/09 UTC</name>
			<styleUrl>#msn_open-diamond</styleUrl>
			<Point>
				<extrude>1</extrude>
				<altitudeMode>absolute</altitudeMode>
				<gx:drawOrder>1</gx:drawOrder>
				<coordinates>-0.715887,44.621273,553 </coordinates>
			</Point>
		</Placemark><Placemark>
			<name>16.7kn - 236° - 535m - 01:55:01 16/09 UTC</name>
			<styleUrl>#msn_open-diamond</styleUrl>
			<Point>
				<extrude>1</extrude>
				<altitudeMode>absolute</altitudeMode>
				<gx:drawOrder>1</gx:drawOrder>
				<coordinates>-0.689113,44.634579,535 </coordinates>
			</Point>
		</Placemark><Placemark>
			<name>17.3kn - 234° - 579m - 01:50:00 16/09 UTC</name>
			<styleUrl>#msn_open-diamond</styleUrl>
			<Point>
				<extrude>1</extrude>
				<altitudeMode>absolute</altitudeMode>
				<gx:drawOrder>1</gx:drawOrder>
				<coordinates>-0.661555,44.648075,579 </coordinates>
			</Point>
		</Placemark><Placemark>
			<name>17.8kn - 234° - 603m - 01:45:00 16/09 UTC</name>
			<styleUrl>#msn_open-diamond</styleUrl>
			<Point>
				<extrude>1</extrude>
				<altitudeMode>absolute</altitudeMode>
				<gx:drawOrder>1</gx:drawOrder>
				<coordinates>-0.633178,44.66272,603 </coordinates>
			</Point>
		</Placemark><Placemark>
			<name>17.8kn - 234° - 607m - 01:40:00 16/09 UTC</name>
			<styleUrl>#msn_open-diamond</styleUrl>
			<Point>
				<extrude>1</extrude>
				<altitudeMode>absolute</altitudeMode>
				<gx:drawOrder>1</gx:drawOrder>
				<coordinates>-0.60462,44.677155,607 </coordinates>
			</Point>
		</Placemark><Placemark>
			<name>18.4kn - 234° - 617m - 01:35:00 16/09 UTC</name>
			<styleUrl>#msn_open-diamond</styleUrl>
			<Point>
				<extrude>1</extrude>
				<altitudeMode>absolute</altitudeMode>
				<gx:drawOrder>1</gx:drawOrder>
				<coordinates>-0.575712,44.692074,617 </coordinates>
			</Point>
		</Placemark><Placemark>
			<name>18.4kn - 235° - 596m - 01:30:00 16/09 UTC</name>
			<styleUrl>#msn_open-diamond</styleUrl>
			<Point>
				<extrude>1</extrude>
				<altitudeMode>absolute</altitudeMode>
				<gx:drawOrder>1</gx:drawOrder>
				<coordinates>-0.546468,44.706646,596 </coordinates>
			</Point>
		</Placemark><Placemark>
			<name>17.8kn - 237° - 637m - 01:25:00 16/09 UTC</name>
			<styleUrl>#msn_open-diamond</styleUrl>
			<Point>
				<extrude>1</extrude>
				<altitudeMode>absolute</altitudeMode>
				<gx:drawOrder>1</gx:drawOrder>
				<coordinates>-0.517088,44.720879,637 </coordinates>
			</Point>
		</Placemark><Placemark>
			<name>19.4kn - 241° - 494m - 01:20:00 16/09 UTC</name>
			<styleUrl>#msn_open-diamond</styleUrl>
			<Point>
				<extrude>1</extrude>
				<altitudeMode>absolute</altitudeMode>
				<gx:drawOrder>1</gx:drawOrder>
				<coordinates>-0.48542,44.733807,494 </coordinates>
			</Point>
		</Placemark><Placemark>
			<name>19.4kn - 238° - 535m - 01:15:00 16/09 UTC</name>
			<styleUrl>#msn_open-diamond</styleUrl>
			<Point>
				<extrude>1</extrude>
				<altitudeMode>absolute</altitudeMode>
				<gx:drawOrder>1</gx:drawOrder>
				<coordinates>-0.451763,44.747524,535 </coordinates>
			</Point>
		</Placemark><Placemark>
			<name>20.5kn - 237° - 553m - 01:10:00 16/09 UTC</name>
			<styleUrl>#msn_open-diamond</styleUrl>
			<Point>
				<extrude>1</extrude>
				<altitudeMode>absolute</altitudeMode>
				<gx:drawOrder>1</gx:drawOrder>
				<coordinates>-0.41876,44.762638,553 </coordinates>
			</Point>
		</Placemark><Placemark>
			<name>20.5kn - 234° - 557m - 01:05:00 16/09 UTC</name>
			<styleUrl>#msn_open-diamond</styleUrl>
			<Point>
				<extrude>1</extrude>
				<altitudeMode>absolute</altitudeMode>
				<gx:drawOrder>1</gx:drawOrder>
				<coordinates>-0.384605,44.778683,557 </coordinates>
			</Point>
		</Placemark><Placemark>
			<name>21.1kn - 232° - 595m - 01:00:00 16/09 UTC</name>
			<styleUrl>#msn_open-diamond</styleUrl>
			<Point>
				<extrude>1</extrude>
				<altitudeMode>absolute</altitudeMode>
				<gx:drawOrder>1</gx:drawOrder>
				<coordinates>-0.351247,44.796257,595 </coordinates>
			</Point>
		</Placemark><Placemark>
			<name>21.1kn - 234° - 591m - 00:55:00 16/09 UTC</name>
			<styleUrl>#msn_open-diamond</styleUrl>
			<Point>
				<extrude>1</extrude>
				<altitudeMode>absolute</altitudeMode>
				<gx:drawOrder>1</gx:drawOrder>
				<coordinates>-0.317628,44.814003,591 </coordinates>
			</Point>
		</Placemark><Placemark>
			<name>21.1kn - 234° - 626m - 00:50:00 16/09 UTC</name>
			<styleUrl>#msn_open-diamond</styleUrl>
			<Point>
				<extrude>1</extrude>
				<altitudeMode>absolute</altitudeMode>
				<gx:drawOrder>1</gx:drawOrder>
				<coordinates>-0.283848,44.831688,626 </coordinates>
			</Point>
		</Placemark><Placemark>
			<name>20.0kn - 235° - 619m - 00:45:00 16/09 UTC</name>
			<styleUrl>#msn_open-diamond</styleUrl>
			<Point>
				<extrude>1</extrude>
				<altitudeMode>absolute</altitudeMode>
				<gx:drawOrder>1</gx:drawOrder>
				<coordinates>-0.250252,44.848362,619 </coordinates>
			</Point>
		</Placemark><Placemark>
			<name>20.5kn - 234° - 633m - 00:40:00 16/09 UTC</name>
			<styleUrl>#msn_open-diamond</styleUrl>
			<Point>
				<extrude>1</extrude>
				<altitudeMode>absolute</altitudeMode>
				<gx:drawOrder>1</gx:drawOrder>
				<coordinates>-0.217238,44.864945,633 </coordinates>
			</Point>
		</Placemark><Placemark>
			<name>20.5kn - 236° - 618m - 00:35:00 16/09 UTC</name>
			<styleUrl>#msn_open-diamond</styleUrl>
			<Point>
				<extrude>1</extrude>
				<altitudeMode>absolute</altitudeMode>
				<gx:drawOrder>1</gx:drawOrder>
				<coordinates>-0.18445,44.881035,618 </coordinates>
			</Point>
		</Placemark><Placemark>
			<name>22.1kn - 238° - 557m - 00:30:00 16/09 UTC</name>
			<styleUrl>#msn_open-diamond</styleUrl>
			<Point>
				<extrude>1</extrude>
				<altitudeMode>absolute</altitudeMode>
				<gx:drawOrder>1</gx:drawOrder>
				<coordinates>-0.147482,44.896912,557 </coordinates>
			</Point>
		</Placemark><Placemark>
			<name>23.8kn - 242° - 532m - 00:25:00 16/09 UTC</name>
			<styleUrl>#msn_open-diamond</styleUrl>
			<Point>
				<extrude>1</extrude>
				<altitudeMode>absolute</altitudeMode>
				<gx:drawOrder>1</gx:drawOrder>
				<coordinates>-0.109163,44.913189,532 </coordinates>
			</Point>
		</Placemark><Placemark>
			<name>22.7kn - 240° - 417m - 00:20:00 16/09 UTC</name>
			<styleUrl>#msn_open-diamond</styleUrl>
			<Point>
				<extrude>1</extrude>
				<altitudeMode>absolute</altitudeMode>
				<gx:drawOrder>1</gx:drawOrder>
				<coordinates>-0.06907,44.928318,417 </coordinates>
			</Point>
		</Placemark><Placemark>
			<name>25.4kn - 241° - 465m - 00:15:00 16/09 UTC</name>
			<styleUrl>#msn_open-diamond</styleUrl>
			<Point>
				<extrude>1</extrude>
				<altitudeMode>absolute</altitudeMode>
				<gx:drawOrder>1</gx:drawOrder>
				<coordinates>-0.028102,44.944382,465 </coordinates>
			</Point>
		</Placemark><Placemark>
			<name>21.6kn - 236° - 381m - 00:10:00 16/09 UTC</name>
			<styleUrl>#msn_open-diamond</styleUrl>
			<Point>
				<extrude>1</extrude>
				<altitudeMode>absolute</altitudeMode>
				<gx:drawOrder>1</gx:drawOrder>
				<coordinates>0.013463,44.961453,381 </coordinates>
			</Point>
		</Placemark><Placemark>
			<name>22.1kn - 237° - 368m - 00:05:00 16/09 UTC</name>
			<styleUrl>#msn_open-diamond</styleUrl>
			<Point>
				<extrude>1</extrude>
				<altitudeMode>absolute</altitudeMode>
				<gx:drawOrder>1</gx:drawOrder>
				<coordinates>0.049358,44.978233,368 </coordinates>
			</Point>
		</Placemark><Placemark>
			<name>24.3kn - 239° - 408m - 00:00:00 16/09 UTC</name>
			<styleUrl>#msn_open-diamond</styleUrl>
			<Point>
				<extrude>1</extrude>
				<altitudeMode>absolute</altitudeMode>
				<gx:drawOrder>1</gx:drawOrder>
				<coordinates>0.087962,44.995132,408 </coordinates>
			</Point>
		</Placemark><Placemark>
			<name>27.0kn - 239° - 435m - 23:55:00 15/09 UTC</name>
			<styleUrl>#msn_open-diamond</styleUrl>
			<Point>
				<extrude>1</extrude>
				<altitudeMode>absolute</altitudeMode>
				<gx:drawOrder>1</gx:drawOrder>
				<coordinates>0.131233,45.013546,435 </coordinates>
			</Point>
		</Placemark><Placemark>
			<name>24.8kn - 235° - 389m - 23:50:00 15/09 UTC</name>
			<styleUrl>#msn_open-diamond</styleUrl>
			<Point>
				<extrude>1</extrude>
				<altitudeMode>absolute</altitudeMode>
				<gx:drawOrder>1</gx:drawOrder>
				<coordinates>0.177375,45.033344,389 </coordinates>
			</Point>
		</Placemark><Placemark>
			<name>25.9kn - 232° - 385m - 23:45:00 15/09 UTC</name>
			<styleUrl>#msn_open-diamond</styleUrl>
			<Point>
				<extrude>1</extrude>
				<altitudeMode>absolute</altitudeMode>
				<gx:drawOrder>1</gx:drawOrder>
				<coordinates>0.216442,45.054039,385 </coordinates>
			</Point>
		</Placemark><Placemark>
			<name>23.8kn - 226° - 322m - 23:40:00 15/09 UTC</name>
			<styleUrl>#msn_open-diamond</styleUrl>
			<Point>
				<extrude>1</extrude>
				<altitudeMode>absolute</altitudeMode>
				<gx:drawOrder>1</gx:drawOrder>
				<coordinates>0.25498,45.076481,322 </coordinates>
			</Point>
		</Placemark><Placemark>
			<name>25.4kn - 229° - 340m - 23:35:00 15/09 UTC</name>
			<styleUrl>#msn_open-diamond</styleUrl>
			<Point>
				<extrude>1</extrude>
				<altitudeMode>absolute</altitudeMode>
				<gx:drawOrder>1</gx:drawOrder>
				<coordinates>0.29039,45.100014,340 </coordinates>
			</Point>
		</Placemark><Placemark>
			<name>24.3kn - 234° - 380m - 23:30:00 15/09 UTC</name>
			<styleUrl>#msn_open-diamond</styleUrl>
			<Point>
				<extrude>1</extrude>
				<altitudeMode>absolute</altitudeMode>
				<gx:drawOrder>1</gx:drawOrder>
				<coordinates>0.32817,45.120792,380 </coordinates>
			</Point>
		</Placemark><Placemark>
			<name>26.5kn - 234° - 432m - 23:25:00 15/09 UTC</name>
			<styleUrl>#msn_open-diamond</styleUrl>
			<Point>
				<extrude>1</extrude>
				<altitudeMode>absolute</altitudeMode>
				<gx:drawOrder>1</gx:drawOrder>
				<coordinates>0.369382,45.141281,432 </coordinates>
			</Point>
		</Placemark><Placemark>
			<name>29.2kn - 233° - 460m - 23:20:00 15/09 UTC</name>
			<styleUrl>#msn_open-diamond</styleUrl>
			<Point>
				<extrude>1</extrude>
				<altitudeMode>absolute</altitudeMode>
				<gx:drawOrder>1</gx:drawOrder>
				<coordinates>0.414145,45.164269,460 </coordinates>
			</Point>
		</Placemark><Placemark>
			<name>27.5kn - 233° - 579m - 23:15:00 15/09 UTC</name>
			<styleUrl>#msn_open-diamond</styleUrl>
			<Point>
				<extrude>1</extrude>
				<altitudeMode>absolute</altitudeMode>
				<gx:drawOrder>1</gx:drawOrder>
				<coordinates>0.459868,45.188583,579 </coordinates>
			</Point>
		</Placemark><Placemark>
			<name>25.9kn - 231° - 478m - 23:10:00 15/09 UTC</name>
			<styleUrl>#msn_open-diamond</styleUrl>
			<Point>
				<extrude>1</extrude>
				<altitudeMode>absolute</altitudeMode>
				<gx:drawOrder>1</gx:drawOrder>
				<coordinates>0.502352,45.211418,478 </coordinates>
			</Point>
		</Placemark><Placemark>
			<name>27.5kn - 232° - 554m - 23:05:00 15/09 UTC</name>
			<styleUrl>#msn_open-diamond</styleUrl>
			<Point>
				<extrude>1</extrude>
				<altitudeMode>absolute</altitudeMode>
				<gx:drawOrder>1</gx:drawOrder>
				<coordinates>0.543597,45.234345,554 </coordinates>
			</Point>
		</Placemark><Placemark>
			<name>28.1kn - 231° - 564m - 23:00:02 15/09 UTC</name>
			<styleUrl>#msn_open-diamond</styleUrl>
			<Point>
				<extrude>1</extrude>
				<altitudeMode>absolute</altitudeMode>
				<gx:drawOrder>1</gx:drawOrder>
				<coordinates>0.58746,45.258843,564 </coordinates>
			</Point>
		</Placemark><Placemark>
			<name>27.0kn - 232° - 528m - 22:55:02 15/09 UTC</name>
			<styleUrl>#msn_open-diamond</styleUrl>
			<Point>
				<extrude>1</extrude>
				<altitudeMode>absolute</altitudeMode>
				<gx:drawOrder>1</gx:drawOrder>
				<coordinates>0.62879,45.281941,528 </coordinates>
			</Point>
		</Placemark><Placemark>
			<name>23.8kn - 227° - 549m - 22:50:02 15/09 UTC</name>
			<styleUrl>#msn_open-diamond</styleUrl>
			<Point>
				<extrude>1</extrude>
				<altitudeMode>absolute</altitudeMode>
				<gx:drawOrder>1</gx:drawOrder>
				<coordinates>0.670842,45.305508,549 </coordinates>
			</Point>
		</Placemark><Placemark>
			<name>24.3kn - 230° - 560m - 22:45:02 15/09 UTC</name>
			<styleUrl>#msn_open-diamond</styleUrl>
			<Point>
				<extrude>1</extrude>
				<altitudeMode>absolute</altitudeMode>
				<gx:drawOrder>1</gx:drawOrder>
				<coordinates>0.70623,45.327107,560 </coordinates>
			</Point>
		</Placemark><Placemark>
			<name>27.5kn - 230° - 659m - 22:40:01 15/09 UTC</name>
			<styleUrl>#msn_open-diamond</styleUrl>
			<Point>
				<extrude>1</extrude>
				<altitudeMode>absolute</altitudeMode>
				<gx:drawOrder>1</gx:drawOrder>
				<coordinates>0.746,45.351074,659 </coordinates>
			</Point>
		</Placemark><Placemark>
			<name>28.1kn - 228° - 750m - 22:35:01 15/09 UTC</name>
			<styleUrl>#msn_open-diamond</styleUrl>
			<Point>
				<extrude>1</extrude>
				<altitudeMode>absolute</altitudeMode>
				<gx:drawOrder>1</gx:drawOrder>
				<coordinates>0.789343,45.37653,750 </coordinates>
			</Point>
		</Placemark><Placemark>
			<name>24.8kn - 225° - 831m - 22:30:01 15/09 UTC</name>
			<styleUrl>#msn_open-diamond</styleUrl>
			<Point>
				<extrude>1</extrude>
				<altitudeMode>absolute</altitudeMode>
				<gx:drawOrder>1</gx:drawOrder>
				<coordinates>0.828962,45.402241,831 </coordinates>
			</Point>
		</Placemark><Placemark>
			<name>22.7kn - 224° - 896m - 22:25:01 15/09 UTC</name>
			<styleUrl>#msn_open-diamond</styleUrl>
			<Point>
				<extrude>1</extrude>
				<altitudeMode>absolute</altitudeMode>
				<gx:drawOrder>1</gx:drawOrder>
				<coordinates>0.861562,45.425568,896 </coordinates>
			</Point>
		</Placemark><Placemark>
			<name>22.1kn - 222° - 922m - 22:20:01 15/09 UTC</name>
			<styleUrl>#msn_open-diamond</styleUrl>
			<Point>
				<extrude>1</extrude>
				<altitudeMode>absolute</altitudeMode>
				<gx:drawOrder>1</gx:drawOrder>
				<coordinates>0.891445,45.447804,922 </coordinates>
			</Point>
		</Placemark><Placemark>
			<name>22.1kn - 221° - 913m - 22:15:01 15/09 UTC</name>
			<styleUrl>#msn_open-diamond</styleUrl>
			<Point>
				<extrude>1</extrude>
				<altitudeMode>absolute</altitudeMode>
				<gx:drawOrder>1</gx:drawOrder>
				<coordinates>0.921155,45.471272,913 </coordinates>
			</Point>
		</Placemark><Placemark>
			<name>21.6kn - 221° - 921m - 22:10:01 15/09 UTC</name>
			<styleUrl>#msn_open-diamond</styleUrl>
			<Point>
				<extrude>1</extrude>
				<altitudeMode>absolute</altitudeMode>
				<gx:drawOrder>1</gx:drawOrder>
				<coordinates>0.949737,45.494148,921 </coordinates>
			</Point>
		</Placemark><Placemark>
			<name>22.7kn - 220° - 984m - 22:05:01 15/09 UTC</name>
			<styleUrl>#msn_open-diamond</styleUrl>
			<Point>
				<extrude>1</extrude>
				<altitudeMode>absolute</altitudeMode>
				<gx:drawOrder>1</gx:drawOrder>
				<coordinates>0.979137,45.517284,984 </coordinates>
			</Point>
		</Placemark><Placemark>
			<name>22.7kn - 221° - 914m - 22:00:01 15/09 UTC</name>
			<styleUrl>#msn_open-diamond</styleUrl>
			<Point>
				<extrude>1</extrude>
				<altitudeMode>absolute</altitudeMode>
				<gx:drawOrder>1</gx:drawOrder>
				<coordinates>1.008915,45.541954,914 </coordinates>
			</Point>
		</Placemark><Placemark>
			<name>25.9kn - 222° - 872m - 21:55:01 15/09 UTC</name>
			<styleUrl>#msn_open-diamond</styleUrl>
			<Point>
				<extrude>1</extrude>
				<altitudeMode>absolute</altitudeMode>
				<gx:drawOrder>1</gx:drawOrder>
				<coordinates>1.040943,45.566822,872 </coordinates>
			</Point>
		</Placemark><Placemark>
			<name>22.1kn - 216° - 1037m - 21:50:01 15/09 UTC</name>
			<styleUrl>#msn_open-diamond</styleUrl>
			<Point>
				<extrude>1</extrude>
				<altitudeMode>absolute</altitudeMode>
				<gx:drawOrder>1</gx:drawOrder>
				<coordinates>1.071685,45.593193,1037 </coordinates>
			</Point>
		</Placemark><Placemark>
			<name>23.2kn - 212° - 985m - 21:45:01 15/09 UTC</name>
			<styleUrl>#msn_open-diamond</styleUrl>
			<Point>
				<extrude>1</extrude>
				<altitudeMode>absolute</altitudeMode>
				<gx:drawOrder>1</gx:drawOrder>
				<coordinates>1.096702,45.619442,985 </coordinates>
			</Point>
		</Placemark><Placemark>
			<name>21.6kn - 209° - 1132m - 21:40:01 15/09 UTC</name>
			<styleUrl>#msn_open-diamond</styleUrl>
			<Point>
				<extrude>1</extrude>
				<altitudeMode>absolute</altitudeMode>
				<gx:drawOrder>1</gx:drawOrder>
				<coordinates>1.119255,45.647148,1132 </coordinates>
			</Point>
		</Placemark><Placemark>
			<name>20.5kn - 208° - 1225m - 21:35:01 15/09 UTC</name>
			<styleUrl>#msn_open-diamond</styleUrl>
			<Point>
				<extrude>1</extrude>
				<altitudeMode>absolute</altitudeMode>
				<gx:drawOrder>1</gx:drawOrder>
				<coordinates>1.139098,45.672684,1225 </coordinates>
			</Point>
		</Placemark><Placemark>
			<name>19.4kn - 204° - 1298m - 21:30:01 15/09 UTC</name>
			<styleUrl>#msn_open-diamond</styleUrl>
			<Point>
				<extrude>1</extrude>
				<altitudeMode>absolute</altitudeMode>
				<gx:drawOrder>1</gx:drawOrder>
				<coordinates>1.158098,45.697762,1298 </coordinates>
			</Point>
		</Placemark><Placemark>
			<name>18.4kn - 204° - 1364m - 21:25:01 15/09 UTC</name>
			<styleUrl>#msn_open-diamond</styleUrl>
			<Point>
				<extrude>1</extrude>
				<altitudeMode>absolute</altitudeMode>
				<gx:drawOrder>1</gx:drawOrder>
				<coordinates>1.173447,45.722172,1364 </coordinates>
			</Point>
		</Placemark><Placemark>
			<name>20.0kn - 206° - 1452m - 21:20:01 15/09 UTC</name>
			<styleUrl>#msn_open-diamond</styleUrl>
			<Point>
				<extrude>1</extrude>
				<altitudeMode>absolute</altitudeMode>
				<gx:drawOrder>1</gx:drawOrder>
				<coordinates>1.189485,45.746361,1452 </coordinates>
			</Point>
		</Placemark><Placemark>
			<name>21.6kn - 206° - 1447m - 21:15:01 15/09 UTC</name>
			<styleUrl>#msn_open-diamond</styleUrl>
			<Point>
				<extrude>1</extrude>
				<altitudeMode>absolute</altitudeMode>
				<gx:drawOrder>1</gx:drawOrder>
				<coordinates>1.208682,45.773132,1447 </coordinates>
			</Point>
		</Placemark><Placemark>
			<name>19.4kn - 208° - 1455m - 21:10:01 15/09 UTC</name>
			<styleUrl>#msn_open-diamond</styleUrl>
			<Point>
				<extrude>1</extrude>
				<altitudeMode>absolute</altitudeMode>
				<gx:drawOrder>1</gx:drawOrder>
				<coordinates>1.22756,45.798798,1455 </coordinates>
			</Point>
		</Placemark><Placemark>
			<name>18.4kn - 211° - 1449m - 21:05:01 15/09 UTC</name>
			<styleUrl>#msn_open-diamond</styleUrl>
			<Point>
				<extrude>1</extrude>
				<altitudeMode>absolute</altitudeMode>
				<gx:drawOrder>1</gx:drawOrder>
				<coordinates>1.24617,45.821468,1449 </coordinates>
			</Point>
		</Placemark><Placemark>
			<name>18.4kn - 211° - 1440m - 21:00:01 15/09 UTC</name>
			<styleUrl>#msn_open-diamond</styleUrl>
			<Point>
				<extrude>1</extrude>
				<altitudeMode>absolute</altitudeMode>
				<gx:drawOrder>1</gx:drawOrder>
				<coordinates>1.266123,45.843628,1440 </coordinates>
			</Point>
		</Placemark><Placemark>
			<name>19.4kn - 207° - 1444m - 20:55:01 15/09 UTC</name>
			<styleUrl>#msn_open-diamond</styleUrl>
			<Point>
				<extrude>1</extrude>
				<altitudeMode>absolute</altitudeMode>
				<gx:drawOrder>1</gx:drawOrder>
				<coordinates>1.28463,45.866783,1444 </coordinates>
			</Point>
		</Placemark><Placemark>
			<name>18.9kn - 207° - 1386m - 20:50:01 15/09 UTC</name>
			<styleUrl>#msn_open-diamond</styleUrl>
			<Point>
				<extrude>1</extrude>
				<altitudeMode>absolute</altitudeMode>
				<gx:drawOrder>1</gx:drawOrder>
				<coordinates>1.302352,45.890564,1386 </coordinates>
			</Point>
		</Placemark><Placemark>
			<name>18.4kn - 208° - 1386m - 20:45:01 15/09 UTC</name>
			<styleUrl>#msn_open-diamond</styleUrl>
			<Point>
				<extrude>1</extrude>
				<altitudeMode>absolute</altitudeMode>
				<gx:drawOrder>1</gx:drawOrder>
				<coordinates>1.320905,45.913864,1386 </coordinates>
			</Point>
		</Placemark><Placemark>
			<name>18.9kn - 206° - 1465m - 20:40:01 15/09 UTC</name>
			<styleUrl>#msn_open-diamond</styleUrl>
			<Point>
				<extrude>1</extrude>
				<altitudeMode>absolute</altitudeMode>
				<gx:drawOrder>1</gx:drawOrder>
				<coordinates>1.338045,45.936276,1465 </coordinates>
			</Point>
		</Placemark><Placemark>
			<name>17.3kn - 214° - 1285m - 20:35:01 15/09 UTC</name>
			<styleUrl>#msn_open-diamond</styleUrl>
			<Point>
				<extrude>1</extrude>
				<altitudeMode>absolute</altitudeMode>
				<gx:drawOrder>1</gx:drawOrder>
				<coordinates>1.355797,45.958725,1285 </coordinates>
			</Point>
		</Placemark><Placemark>
			<name>19.4kn - 216° - 1330m - 20:30:01 15/09 UTC</name>
			<styleUrl>#msn_open-diamond</styleUrl>
			<Point>
				<extrude>1</extrude>
				<altitudeMode>absolute</altitudeMode>
				<gx:drawOrder>1</gx:drawOrder>
				<coordinates>1.37857,45.980644,1330 </coordinates>
			</Point>
		</Placemark><Placemark>
			<name>21.1kn - 215° - 1278m - 20:25:01 15/09 UTC</name>
			<styleUrl>#msn_open-diamond</styleUrl>
			<Point>
				<extrude>1</extrude>
				<altitudeMode>absolute</altitudeMode>
				<gx:drawOrder>1</gx:drawOrder>
				<coordinates>1.401338,46.003933,1278 </coordinates>
			</Point>
		</Placemark><Placemark>
			<name>21.6kn - 216° - 1252m - 20:20:01 15/09 UTC</name>
			<styleUrl>#msn_open-diamond</styleUrl>
			<Point>
				<extrude>1</extrude>
				<altitudeMode>absolute</altitudeMode>
				<gx:drawOrder>1</gx:drawOrder>
				<coordinates>1.426677,46.028107,1252 </coordinates>
			</Point>
		</Placemark><Placemark>
			<name>20.5kn - 216° - 1370m - 20:15:01 15/09 UTC</name>
			<styleUrl>#msn_open-diamond</styleUrl>
			<Point>
				<extrude>1</extrude>
				<altitudeMode>absolute</altitudeMode>
				<gx:drawOrder>1</gx:drawOrder>
				<coordinates>1.453192,46.052998,1370 </coordinates>
			</Point>
		</Placemark><Placemark>
			<name>19.4kn - 218° - 1357m - 20:10:01 15/09 UTC</name>
			<styleUrl>#msn_open-diamond</styleUrl>
			<Point>
				<extrude>1</extrude>
				<altitudeMode>absolute</altitudeMode>
				<gx:drawOrder>1</gx:drawOrder>
				<coordinates>1.477537,46.075157,1357 </coordinates>
			</Point>
		</Placemark><Placemark>
			<name>19.4kn - 220° - 1361m - 20:05:01 15/09 UTC</name>
			<styleUrl>#msn_open-diamond</styleUrl>
			<Point>
				<extrude>1</extrude>
				<altitudeMode>absolute</altitudeMode>
				<gx:drawOrder>1</gx:drawOrder>
				<coordinates>1.502662,46.096321,1361 </coordinates>
			</Point>
		</Placemark><Placemark>
			<name>19.4kn - 222° - 1325m - 20:00:00 15/09 UTC</name>
			<styleUrl>#msn_open-diamond</styleUrl>
			<Point>
				<extrude>1</extrude>
				<altitudeMode>absolute</altitudeMode>
				<gx:drawOrder>1</gx:drawOrder>
				<coordinates>1.528827,46.116703,1325 </coordinates>
			</Point>
		</Placemark><Placemark>
			<name>18.9kn - 223° - 1312m - 19:55:00 15/09 UTC</name>
			<styleUrl>#msn_open-diamond</styleUrl>
			<Point>
				<extrude>1</extrude>
				<altitudeMode>absolute</altitudeMode>
				<gx:drawOrder>1</gx:drawOrder>
				<coordinates>1.554698,46.136372,1312 </coordinates>
			</Point>
		</Placemark><Placemark>
			<name>19.4kn - 223° - 1279m - 19:50:00 15/09 UTC</name>
			<styleUrl>#msn_open-diamond</styleUrl>
			<Point>
				<extrude>1</extrude>
				<altitudeMode>absolute</altitudeMode>
				<gx:drawOrder>1</gx:drawOrder>
				<coordinates>1.58106,46.155842,1279 </coordinates>
			</Point>
		</Placemark><Placemark>
			<name>18.9kn - 224° - 1337m - 19:45:00 15/09 UTC</name>
			<styleUrl>#msn_open-diamond</styleUrl>
			<Point>
				<extrude>1</extrude>
				<altitudeMode>absolute</altitudeMode>
				<gx:drawOrder>1</gx:drawOrder>
				<coordinates>1.60812,46.175018,1337 </coordinates>
			</Point>
		</Placemark><Placemark>
			<name>18.4kn - 224° - 1271m - 19:40:00 15/09 UTC</name>
			<styleUrl>#msn_open-diamond</styleUrl>
			<Point>
				<extrude>1</extrude>
				<altitudeMode>absolute</altitudeMode>
				<gx:drawOrder>1</gx:drawOrder>
				<coordinates>1.634643,46.193245,1271 </coordinates>
			</Point>
		</Placemark><Placemark>
			<name>18.9kn - 224° - 1278m - 19:35:00 15/09 UTC</name>
			<styleUrl>#msn_open-diamond</styleUrl>
			<Point>
				<extrude>1</extrude>
				<altitudeMode>absolute</altitudeMode>
				<gx:drawOrder>1</gx:drawOrder>
				<coordinates>1.660877,46.211651,1278 </coordinates>
			</Point>
		</Placemark><Placemark>
			<name>18.9kn - 223° - 1290m - 19:30:00 15/09 UTC</name>
			<styleUrl>#msn_open-diamond</styleUrl>
			<Point>
				<extrude>1</extrude>
				<altitudeMode>absolute</altitudeMode>
				<gx:drawOrder>1</gx:drawOrder>
				<coordinates>1.686523,46.231113,1290 </coordinates>
			</Point>
		</Placemark><Placemark>
			<name>18.9kn - 226° - 1280m - 19:25:00 15/09 UTC</name>
			<styleUrl>#msn_open-diamond</styleUrl>
			<Point>
				<extrude>1</extrude>
				<altitudeMode>absolute</altitudeMode>
				<gx:drawOrder>1</gx:drawOrder>
				<coordinates>1.713023,46.250168,1280 </coordinates>
			</Point>
		</Placemark><Placemark>
			<name>17.8kn - 225° - 1315m - 19:20:00 15/09 UTC</name>
			<styleUrl>#msn_open-diamond</styleUrl>
			<Point>
				<extrude>1</extrude>
				<altitudeMode>absolute</altitudeMode>
				<gx:drawOrder>1</gx:drawOrder>
				<coordinates>1.740728,46.268028,1315 </coordinates>
			</Point>
		</Placemark><Placemark>
			<name>16.7kn - 224° - 1296m - 19:15:00 15/09 UTC</name>
			<styleUrl>#msn_open-diamond</styleUrl>
			<Point>
				<extrude>1</extrude>
				<altitudeMode>absolute</altitudeMode>
				<gx:drawOrder>1</gx:drawOrder>
				<coordinates>1.766428,46.284988,1296 </coordinates>
			</Point>
		</Placemark><Placemark>
			<name>15.7kn - 229° - 1293m - 19:10:00 15/09 UTC</name>
			<styleUrl>#msn_open-diamond</styleUrl>
			<Point>
				<extrude>1</extrude>
				<altitudeMode>absolute</altitudeMode>
				<gx:drawOrder>1</gx:drawOrder>
				<coordinates>1.790028,46.300598,1293 </coordinates>
			</Point>
		</Placemark><Placemark>
			<name>16.2kn - 229° - 1272m - 19:05:00 15/09 UTC</name>
			<styleUrl>#msn_open-diamond</styleUrl>
			<Point>
				<extrude>1</extrude>
				<altitudeMode>absolute</altitudeMode>
				<gx:drawOrder>1</gx:drawOrder>
				<coordinates>1.814993,46.314896,1272 </coordinates>
			</Point>
		</Placemark><Placemark>
			<name>16.2kn - 231° - 1289m - 19:00:00 15/09 UTC</name>
			<styleUrl>#msn_open-diamond</styleUrl>
			<Point>
				<extrude>1</extrude>
				<altitudeMode>absolute</altitudeMode>
				<gx:drawOrder>1</gx:drawOrder>
				<coordinates>1.840303,46.329445,1289 </coordinates>
			</Point>
		</Placemark><Placemark>
			<name>16.2kn - 232° - 1308m - 18:55:00 15/09 UTC</name>
			<styleUrl>#msn_open-diamond</styleUrl>
			<Point>
				<extrude>1</extrude>
				<altitudeMode>absolute</altitudeMode>
				<gx:drawOrder>1</gx:drawOrder>
				<coordinates>1.866702,46.343655,1308 </coordinates>
			</Point>
		</Placemark><Placemark>
			<name>16.2kn - 231° - 1286m - 18:50:00 15/09 UTC</name>
			<styleUrl>#msn_open-diamond</styleUrl>
			<Point>
				<extrude>1</extrude>
				<altitudeMode>absolute</altitudeMode>
				<gx:drawOrder>1</gx:drawOrder>
				<coordinates>1.892688,46.357037,1286 </coordinates>
			</Point>
		</Placemark><Placemark>
			<name>16.7kn - 236° - 1238m - 18:45:00 15/09 UTC</name>
			<styleUrl>#msn_open-diamond</styleUrl>
			<Point>
				<extrude>1</extrude>
				<altitudeMode>absolute</altitudeMode>
				<gx:drawOrder>1</gx:drawOrder>
				<coordinates>1.919753,46.370869,1238 </coordinates>
			</Point>
		</Placemark><Placemark>
			<name>17.3kn - 238° - 1238m - 18:40:00 15/09 UTC</name>
			<styleUrl>#msn_open-diamond</styleUrl>
			<Point>
				<extrude>1</extrude>
				<altitudeMode>absolute</altitudeMode>
				<gx:drawOrder>1</gx:drawOrder>
				<coordinates>1.948938,46.383095,1238 </coordinates>
			</Point>
		</Placemark><Placemark>
			<name>16.7kn - 232° - 1232m - 18:35:00 15/09 UTC</name>
			<styleUrl>#msn_open-diamond</styleUrl>
			<Point>
				<extrude>1</extrude>
				<altitudeMode>absolute</altitudeMode>
				<gx:drawOrder>1</gx:drawOrder>
				<coordinates>1.977888,46.396511,1232 </coordinates>
			</Point>
		</Placemark><Placemark>
			<name>16.7kn - 225° - 1216m - 18:30:00 15/09 UTC</name>
			<styleUrl>#msn_open-diamond</styleUrl>
			<Point>
				<extrude>1</extrude>
				<altitudeMode>absolute</altitudeMode>
				<gx:drawOrder>1</gx:drawOrder>
				<coordinates>2.00418,46.411808,1216 </coordinates>
			</Point>
		</Placemark><Placemark>
			<name>17.8kn - 229° - 1248m - 18:25:00 15/09 UTC</name>
			<styleUrl>#msn_open-diamond</styleUrl>
			<Point>
				<extrude>1</extrude>
				<altitudeMode>absolute</altitudeMode>
				<gx:drawOrder>1</gx:drawOrder>
				<coordinates>2.02997,46.428116,1248 </coordinates>
			</Point>
		</Placemark><Placemark>
			<name>16.2kn - 220° - 1229m - 18:20:00 15/09 UTC</name>
			<styleUrl>#msn_open-diamond</styleUrl>
			<Point>
				<extrude>1</extrude>
				<altitudeMode>absolute</altitudeMode>
				<gx:drawOrder>1</gx:drawOrder>
				<coordinates>2.053352,46.445332,1229 </coordinates>
			</Point>
		</Placemark><Placemark>
			<name>15.1kn - 219° - 1213m - 18:15:00 15/09 UTC</name>
			<styleUrl>#msn_open-diamond</styleUrl>
			<Point>
				<extrude>1</extrude>
				<altitudeMode>absolute</altitudeMode>
				<gx:drawOrder>1</gx:drawOrder>
				<coordinates>2.073638,46.462235,1213 </coordinates>
			</Point>
		</Placemark><Placemark>
			<name>14.6kn - 224° - 1235m - 18:10:00 15/09 UTC</name>
			<styleUrl>#msn_open-diamond</styleUrl>
			<Point>
				<extrude>1</extrude>
				<altitudeMode>absolute</altitudeMode>
				<gx:drawOrder>1</gx:drawOrder>
				<coordinates>2.093867,46.477585,1235 </coordinates>
			</Point>
		</Placemark><Placemark>
			<name>15.7kn - 211° - 1207m - 18:05:00 15/09 UTC</name>
			<styleUrl>#msn_open-diamond</styleUrl>
			<Point>
				<extrude>1</extrude>
				<altitudeMode>absolute</altitudeMode>
				<gx:drawOrder>1</gx:drawOrder>
				<coordinates>2.114232,46.492085,1207 </coordinates>
			</Point>
		</Placemark><Placemark>
			<name>15.7kn - 206° - 1111m - 18:00:00 15/09 UTC</name>
			<styleUrl>#msn_open-diamond</styleUrl>
			<Point>
				<extrude>1</extrude>
				<altitudeMode>absolute</altitudeMode>
				<gx:drawOrder>1</gx:drawOrder>
				<coordinates>2.128387,46.512611,1111 </coordinates>
			</Point>
		</Placemark><Placemark>
			<name>15.7kn - 206° - 1159m - 17:55:00 15/09 UTC</name>
			<styleUrl>#msn_open-diamond</styleUrl>
			<Point>
				<extrude>1</extrude>
				<altitudeMode>absolute</altitudeMode>
				<gx:drawOrder>1</gx:drawOrder>
				<coordinates>2.14235,46.532879,1159 </coordinates>
			</Point>
		</Placemark><Placemark>
			<name>15.1kn - 209° - 1186m - 17:50:00 15/09 UTC</name>
			<styleUrl>#msn_open-diamond</styleUrl>
			<Point>
				<extrude>1</extrude>
				<altitudeMode>absolute</altitudeMode>
				<gx:drawOrder>1</gx:drawOrder>
				<coordinates>2.156643,46.552235,1186 </coordinates>
			</Point>
		</Placemark><Placemark>
			<name>14.6kn - 212° - 1205m - 17:45:00 15/09 UTC</name>
			<styleUrl>#msn_open-diamond</styleUrl>
			<Point>
				<extrude>1</extrude>
				<altitudeMode>absolute</altitudeMode>
				<gx:drawOrder>1</gx:drawOrder>
				<coordinates>2.17319,46.569466,1205 </coordinates>
			</Point>
		</Placemark><Placemark>
			<name>14.6kn - 209° - 1217m - 17:40:00 15/09 UTC</name>
			<styleUrl>#msn_open-diamond</styleUrl>
			<Point>
				<extrude>1</extrude>
				<altitudeMode>absolute</altitudeMode>
				<gx:drawOrder>1</gx:drawOrder>
				<coordinates>2.188067,46.587536,1217 </coordinates>
			</Point>
		</Placemark><Placemark>
			<name>15.1kn - 209° - 1252m - 17:35:00 15/09 UTC</name>
			<styleUrl>#msn_open-diamond</styleUrl>
			<Point>
				<extrude>1</extrude>
				<altitudeMode>absolute</altitudeMode>
				<gx:drawOrder>1</gx:drawOrder>
				<coordinates>2.202625,46.605644,1252 </coordinates>
			</Point>
		</Placemark><Placemark>
			<name>15.7kn - 203° - 1205m - 17:30:00 15/09 UTC</name>
			<styleUrl>#msn_open-diamond</styleUrl>
			<Point>
				<extrude>1</extrude>
				<altitudeMode>absolute</altitudeMode>
				<gx:drawOrder>1</gx:drawOrder>
				<coordinates>2.218032,46.62381,1205 </coordinates>
			</Point>
		</Placemark><Placemark>
			<name>14.6kn - 210° - 1230m - 17:25:00 15/09 UTC</name>
			<styleUrl>#msn_open-diamond</styleUrl>
			<Point>
				<extrude>1</extrude>
				<altitudeMode>absolute</altitudeMode>
				<gx:drawOrder>1</gx:drawOrder>
				<coordinates>2.232038,46.64288,1230 </coordinates>
			</Point>
		</Placemark><Placemark>
			<name>14.0kn - 210° - 1218m - 17:20:00 15/09 UTC</name>
			<styleUrl>#msn_open-diamond</styleUrl>
			<Point>
				<extrude>1</extrude>
				<altitudeMode>absolute</altitudeMode>
				<gx:drawOrder>1</gx:drawOrder>
				<coordinates>2.246565,46.660626,1218 </coordinates>
			</Point>
		</Placemark><Placemark>
			<name>14.0kn - 214° - 1290m - 17:15:00 15/09 UTC</name>
			<styleUrl>#msn_open-diamond</styleUrl>
			<Point>
				<extrude>1</extrude>
				<altitudeMode>absolute</altitudeMode>
				<gx:drawOrder>1</gx:drawOrder>
				<coordinates>2.261327,46.677712,1290 </coordinates>
			</Point>
		</Placemark><Placemark>
			<name>13.0kn - 211° - 1221m - 17:10:00 15/09 UTC</name>
			<styleUrl>#msn_open-diamond</styleUrl>
			<Point>
				<extrude>1</extrude>
				<altitudeMode>absolute</altitudeMode>
				<gx:drawOrder>1</gx:drawOrder>
				<coordinates>2.276758,46.693668,1221 </coordinates>
			</Point>
		</Placemark><Placemark>
			<name>13.0kn - 221° - 1255m - 17:05:00 15/09 UTC</name>
			<styleUrl>#msn_open-diamond</styleUrl>
			<Point>
				<extrude>1</extrude>
				<altitudeMode>absolute</altitudeMode>
				<gx:drawOrder>1</gx:drawOrder>
				<coordinates>2.29226,46.708206,1255 </coordinates>
			</Point>
		</Placemark><Placemark>
			<name>13.5kn - 214° - 1294m - 16:54:59 15/09 UTC</name>
			<styleUrl>#msn_open-diamond</styleUrl>
			<Point>
				<extrude>1</extrude>
				<altitudeMode>absolute</altitudeMode>
				<gx:drawOrder>1</gx:drawOrder>
				<coordinates>2.328905,46.737675,1294 </coordinates>
			</Point>
		</Placemark><Placemark>
			<name>14.0kn - 210° - 1232m - 16:50:00 15/09 UTC</name>
			<styleUrl>#msn_open-diamond</styleUrl>
			<Point>
				<extrude>1</extrude>
				<altitudeMode>absolute</altitudeMode>
				<gx:drawOrder>1</gx:drawOrder>
				<coordinates>2.344187,46.753479,1232 </coordinates>
			</Point>
		</Placemark><Placemark>
			<name>13.0kn - 209° - 1240m - 16:44:59 15/09 UTC</name>
			<styleUrl>#msn_open-diamond</styleUrl>
			<Point>
				<extrude>1</extrude>
				<altitudeMode>absolute</altitudeMode>
				<gx:drawOrder>1</gx:drawOrder>
				<coordinates>2.358073,46.769867,1240 </coordinates>
			</Point>
		</Placemark><Placemark>
			<name>12.4kn - 209° - 976m - 16:38:03 15/09 UTC</name>
			<styleUrl>#msn_open-diamond</styleUrl>
			<Point>
				<extrude>1</extrude>
				<altitudeMode>absolute</altitudeMode>
				<gx:drawOrder>1</gx:drawOrder>
				<coordinates>2.3758,46.791115,976 </coordinates>
			</Point>
		</Placemark><Placemark>
			<name>13.0kn - 209° - 943m - 16:37:20 15/09 UTC</name>
			<styleUrl>#msn_open-diamond</styleUrl>
			<Point>
				<extrude>1</extrude>
				<altitudeMode>absolute</altitudeMode>
				<gx:drawOrder>1</gx:drawOrder>
				<coordinates>2.377653,46.793366,943 </coordinates>
			</Point>
		</Placemark><Placemark>
			<name>14.0kn - 214° - 886m - 16:35:00 15/09 UTC</name>
			<styleUrl>#msn_open-diamond</styleUrl>
			<Point>
				<extrude>1</extrude>
				<altitudeMode>absolute</altitudeMode>
				<gx:drawOrder>1</gx:drawOrder>
				<coordinates>2.384502,46.800983,886 </coordinates>
			</Point>
		</Placemark><Placemark>
			<name>14.0kn - 215° - 923m - 16:30:00 15/09 UTC</name>
			<styleUrl>#msn_open-diamond</styleUrl>
			<Point>
				<extrude>1</extrude>
				<altitudeMode>absolute</altitudeMode>
				<gx:drawOrder>1</gx:drawOrder>
				<coordinates>2.401147,46.816898,923 </coordinates>
			</Point>
		</Placemark><Placemark>
			<name>14.6kn - 217° - 1142m - 16:25:00 15/09 UTC</name>
			<styleUrl>#msn_open-diamond</styleUrl>
			<Point>
				<extrude>1</extrude>
				<altitudeMode>absolute</altitudeMode>
				<gx:drawOrder>1</gx:drawOrder>
				<coordinates>2.418468,46.833397,1142 </coordinates>
			</Point>
		</Placemark><Placemark>
			<name>14.0kn - 216° - 1274m - 16:20:00 15/09 UTC</name>
			<styleUrl>#msn_open-diamond</styleUrl>
			<Point>
				<extrude>1</extrude>
				<altitudeMode>absolute</altitudeMode>
				<gx:drawOrder>1</gx:drawOrder>
				<coordinates>2.43696,46.850399,1274 </coordinates>
			</Point>
		</Placemark><Placemark>
			<name>14.6kn - 216° - 1258m - 16:15:00 15/09 UTC</name>
			<styleUrl>#msn_open-diamond</styleUrl>
			<Point>
				<extrude>1</extrude>
				<altitudeMode>absolute</altitudeMode>
				<gx:drawOrder>1</gx:drawOrder>
				<coordinates>2.454725,46.866898,1258 </coordinates>
			</Point>
		</Placemark><Placemark>
			<name>11.9kn - 218° - 1293m - 16:10:00 15/09 UTC</name>
			<styleUrl>#msn_open-diamond</styleUrl>
			<Point>
				<extrude>1</extrude>
				<altitudeMode>absolute</altitudeMode>
				<gx:drawOrder>1</gx:drawOrder>
				<coordinates>2.471013,46.881653,1293 </coordinates>
			</Point>
		</Placemark><Placemark>
			<name>13.0kn - 216° - 1320m - 16:05:00 15/09 UTC</name>
			<styleUrl>#msn_open-diamond</styleUrl>
			<Point>
				<extrude>1</extrude>
				<altitudeMode>absolute</altitudeMode>
				<gx:drawOrder>1</gx:drawOrder>
				<coordinates>2.487493,46.895802,1320 </coordinates>
			</Point>
		</Placemark><Placemark>
			<name>13.5kn - 223° - 1322m - 16:00:00 15/09 UTC</name>
			<styleUrl>#msn_open-diamond</styleUrl>
			<Point>
				<extrude>1</extrude>
				<altitudeMode>absolute</altitudeMode>
				<gx:drawOrder>1</gx:drawOrder>
				<coordinates>2.50563,46.910088,1322 </coordinates>
			</Point>
		</Placemark><Placemark>
			<name>15.1kn - 231° - 1291m - 15:55:00 15/09 UTC</name>
			<styleUrl>#msn_open-diamond</styleUrl>
			<Point>
				<extrude>1</extrude>
				<altitudeMode>absolute</altitudeMode>
				<gx:drawOrder>1</gx:drawOrder>
				<coordinates>2.526773,46.923668,1291 </coordinates>
			</Point>
		</Placemark><Placemark>
			<name>15.1kn - 231° - 1312m - 15:50:00 15/09 UTC</name>
			<styleUrl>#msn_open-diamond</styleUrl>
			<Point>
				<extrude>1</extrude>
				<altitudeMode>absolute</altitudeMode>
				<gx:drawOrder>1</gx:drawOrder>
				<coordinates>2.551147,46.937653,1312 </coordinates>
			</Point>
		</Placemark><Placemark>
			<name>14.0kn - 233° - 1299m - 15:45:00 15/09 UTC</name>
			<styleUrl>#msn_open-diamond</styleUrl>
			<Point>
				<extrude>1</extrude>
				<altitudeMode>absolute</altitudeMode>
				<gx:drawOrder>1</gx:drawOrder>
				<coordinates>2.576143,46.951263,1299 </coordinates>
			</Point>
		</Placemark><Placemark>
			<name>15.7kn - 234° - 1316m - 15:40:00 15/09 UTC</name>
			<styleUrl>#msn_open-diamond</styleUrl>
			<Point>
				<extrude>1</extrude>
				<altitudeMode>absolute</altitudeMode>
				<gx:drawOrder>1</gx:drawOrder>
				<coordinates>2.601252,46.964996,1316 </coordinates>
			</Point>
		</Placemark><Placemark>
			<name>16.2kn - 233° - 1287m - 15:35:00 15/09 UTC</name>
			<styleUrl>#msn_open-diamond</styleUrl>
			<Point>
				<extrude>1</extrude>
				<altitudeMode>absolute</altitudeMode>
				<gx:drawOrder>1</gx:drawOrder>
				<coordinates>2.627825,46.97945,1287 </coordinates>
			</Point>
		</Placemark><Placemark>
			<name>17.3kn - 231° - 1300m - 15:30:00 15/09 UTC</name>
			<styleUrl>#msn_open-diamond</styleUrl>
			<Point>
				<extrude>1</extrude>
				<altitudeMode>absolute</altitudeMode>
				<gx:drawOrder>1</gx:drawOrder>
				<coordinates>2.655115,46.993832,1300 </coordinates>
			</Point>
		</Placemark><Placemark>
			<name>17.8kn - 229° - 1314m - 15:25:00 15/09 UTC</name>
			<styleUrl>#msn_open-diamond</styleUrl>
			<Point>
				<extrude>1</extrude>
				<altitudeMode>absolute</altitudeMode>
				<gx:drawOrder>1</gx:drawOrder>
				<coordinates>2.683882,47.009033,1314 </coordinates>
			</Point>
		</Placemark><Placemark>
			<name>17.8kn - 239° - 1314m - 15:20:00 15/09 UTC</name>
			<styleUrl>#msn_open-diamond</styleUrl>
			<Point>
				<extrude>1</extrude>
				<altitudeMode>absolute</altitudeMode>
				<gx:drawOrder>1</gx:drawOrder>
				<coordinates>2.713968,47.023884,1314 </coordinates>
			</Point>
		</Placemark><Placemark>
			<name>17.3kn - 240° - 1255m - 15:15:00 15/09 UTC</name>
			<styleUrl>#msn_open-diamond</styleUrl>
			<Point>
				<extrude>1</extrude>
				<altitudeMode>absolute</altitudeMode>
				<gx:drawOrder>1</gx:drawOrder>
				<coordinates>2.744983,47.03569,1255 </coordinates>
			</Point>
		</Placemark><Placemark>
			<name>17.3kn - 242° - 1303m - 15:10:00 15/09 UTC</name>
			<styleUrl>#msn_open-diamond</styleUrl>
			<Point>
				<extrude>1</extrude>
				<altitudeMode>absolute</altitudeMode>
				<gx:drawOrder>1</gx:drawOrder>
				<coordinates>2.776688,47.047524,1303 </coordinates>
			</Point>
		</Placemark><Placemark>
			<name>16.7kn - 237° - 1262m - 15:05:00 15/09 UTC</name>
			<styleUrl>#msn_open-diamond</styleUrl>
			<Point>
				<extrude>1</extrude>
				<altitudeMode>absolute</altitudeMode>
				<gx:drawOrder>1</gx:drawOrder>
				<coordinates>2.807465,47.060364,1262 </coordinates>
			</Point>
		</Placemark><Placemark>
			<name>18.9kn - 237° - 1329m - 15:00:00 15/09 UTC</name>
			<styleUrl>#msn_open-diamond</styleUrl>
			<Point>
				<extrude>1</extrude>
				<altitudeMode>absolute</altitudeMode>
				<gx:drawOrder>1</gx:drawOrder>
				<coordinates>2.839547,47.074219,1329 </coordinates>
			</Point>
		</Placemark><Placemark>
			<name>17.8kn - 238° - 1367m - 14:55:00 15/09 UTC</name>
			<styleUrl>#msn_open-diamond</styleUrl>
			<Point>
				<extrude>1</extrude>
				<altitudeMode>absolute</altitudeMode>
				<gx:drawOrder>1</gx:drawOrder>
				<coordinates>2.871592,47.087471,1367 </coordinates>
			</Point>
		</Placemark><Placemark>
			<name>17.8kn - 236° - 1334m - 14:50:00 15/09 UTC</name>
			<styleUrl>#msn_open-diamond</styleUrl>
			<Point>
				<extrude>1</extrude>
				<altitudeMode>absolute</altitudeMode>
				<gx:drawOrder>1</gx:drawOrder>
				<coordinates>2.902628,47.100712,1334 </coordinates>
			</Point>
		</Placemark><Placemark>
			<name>19.4kn - 238° - 1414m - 14:45:00 15/09 UTC</name>
			<styleUrl>#msn_open-diamond</styleUrl>
			<Point>
				<extrude>1</extrude>
				<altitudeMode>absolute</altitudeMode>
				<gx:drawOrder>1</gx:drawOrder>
				<coordinates>2.934527,47.114136,1414 </coordinates>
			</Point>
		</Placemark><Placemark>
			<name>19.4kn - 237° - 1405m - 14:40:00 15/09 UTC</name>
			<styleUrl>#msn_open-diamond</styleUrl>
			<Point>
				<extrude>1</extrude>
				<altitudeMode>absolute</altitudeMode>
				<gx:drawOrder>1</gx:drawOrder>
				<coordinates>2.967603,47.129051,1405 </coordinates>
			</Point>
		</Placemark><Placemark>
			<name>18.9kn - 236° - 1348m - 14:35:00 15/09 UTC</name>
			<styleUrl>#msn_open-diamond</styleUrl>
			<Point>
				<extrude>1</extrude>
				<altitudeMode>absolute</altitudeMode>
				<gx:drawOrder>1</gx:drawOrder>
				<coordinates>3.000302,47.143414,1348 </coordinates>
			</Point>
		</Placemark><Placemark>
			<name>18.9kn - 239° - 1307m - 14:30:00 15/09 UTC</name>
			<styleUrl>#msn_open-diamond</styleUrl>
			<Point>
				<extrude>1</extrude>
				<altitudeMode>absolute</altitudeMode>
				<gx:drawOrder>1</gx:drawOrder>
				<coordinates>3.033607,47.157108,1307 </coordinates>
			</Point>
		</Placemark><Placemark>
			<name>22.1kn - 237° - 1385m - 14:25:00 15/09 UTC</name>
			<styleUrl>#msn_open-diamond</styleUrl>
			<Point>
				<extrude>1</extrude>
				<altitudeMode>absolute</altitudeMode>
				<gx:drawOrder>1</gx:drawOrder>
				<coordinates>3.069732,47.172165,1385 </coordinates>
			</Point>
		</Placemark><Placemark>
			<name>21.1kn - 239° - 1390m - 14:20:00 15/09 UTC</name>
			<styleUrl>#msn_open-diamond</styleUrl>
			<Point>
				<extrude>1</extrude>
				<altitudeMode>absolute</altitudeMode>
				<gx:drawOrder>1</gx:drawOrder>
				<coordinates>3.106985,47.187023,1390 </coordinates>
			</Point>
		</Placemark><Placemark>
			<name>20.5kn - 240° - 1373m - 14:15:00 15/09 UTC</name>
			<styleUrl>#msn_open-diamond</styleUrl>
			<Point>
				<extrude>1</extrude>
				<altitudeMode>absolute</altitudeMode>
				<gx:drawOrder>1</gx:drawOrder>
				<coordinates>3.143228,47.201988,1373 </coordinates>
			</Point>
		</Placemark><Placemark>
			<name>19.4kn - 235° - 1310m - 14:10:02 15/09 UTC</name>
			<styleUrl>#msn_open-diamond</styleUrl>
			<Point>
				<extrude>1</extrude>
				<altitudeMode>absolute</altitudeMode>
				<gx:drawOrder>1</gx:drawOrder>
				<coordinates>3.177827,47.216213,1310 </coordinates>
			</Point>
		</Placemark><Placemark>
			<name>20.0kn - 236° - 1328m - 14:05:02 15/09 UTC</name>
			<styleUrl>#msn_open-diamond</styleUrl>
			<Point>
				<extrude>1</extrude>
				<altitudeMode>absolute</altitudeMode>
				<gx:drawOrder>1</gx:drawOrder>
				<coordinates>3.212973,47.231873,1328 </coordinates>
			</Point>
		</Placemark><Placemark>
			<name>21.1kn - 235° - 1347m - 14:00:02 15/09 UTC</name>
			<styleUrl>#msn_open-diamond</styleUrl>
			<Point>
				<extrude>1</extrude>
				<altitudeMode>absolute</altitudeMode>
				<gx:drawOrder>1</gx:drawOrder>
				<coordinates>3.24873,47.247833,1347 </coordinates>
			</Point>
		</Placemark><Placemark>
			<name>21.1kn - 235° - 1359m - 13:55:01 15/09 UTC</name>
			<styleUrl>#msn_open-diamond</styleUrl>
			<Point>
				<extrude>1</extrude>
				<altitudeMode>absolute</altitudeMode>
				<gx:drawOrder>1</gx:drawOrder>
				<coordinates>3.284822,47.264542,1359 </coordinates>
			</Point>
		</Placemark><Placemark>
			<name>21.6kn - 234° - 1300m - 13:50:01 15/09 UTC</name>
			<styleUrl>#msn_open-diamond</styleUrl>
			<Point>
				<extrude>1</extrude>
				<altitudeMode>absolute</altitudeMode>
				<gx:drawOrder>1</gx:drawOrder>
				<coordinates>3.320643,47.281056,1300 </coordinates>
			</Point>
		</Placemark><Placemark>
			<name>20.0kn - 235° - 1267m - 13:45:01 15/09 UTC</name>
			<styleUrl>#msn_open-diamond</styleUrl>
			<Point>
				<extrude>1</extrude>
				<altitudeMode>absolute</altitudeMode>
				<gx:drawOrder>1</gx:drawOrder>
				<coordinates>3.357905,47.298134,1267 </coordinates>
			</Point>
		</Placemark><Placemark>
			<name>20.0kn - 234° - 1287m - 13:40:01 15/09 UTC</name>
			<styleUrl>#msn_open-diamond</styleUrl>
			<Point>
				<extrude>1</extrude>
				<altitudeMode>absolute</altitudeMode>
				<gx:drawOrder>1</gx:drawOrder>
				<coordinates>3.394302,47.315281,1287 </coordinates>
			</Point>
		</Placemark><Placemark>
			<name>22.1kn - 234° - 1400m - 13:35:01 15/09 UTC</name>
			<styleUrl>#msn_open-diamond</styleUrl>
			<Point>
				<extrude>1</extrude>
				<altitudeMode>absolute</altitudeMode>
				<gx:drawOrder>1</gx:drawOrder>
				<coordinates>3.429167,47.331848,1400 </coordinates>
			</Point>
		</Placemark><Placemark>
			<name>22.1kn - 233° - 1440m - 13:30:01 15/09 UTC</name>
			<styleUrl>#msn_open-diamond</styleUrl>
			<Point>
				<extrude>1</extrude>
				<altitudeMode>absolute</altitudeMode>
				<gx:drawOrder>1</gx:drawOrder>
				<coordinates>3.465307,47.35117,1440 </coordinates>
			</Point>
		</Placemark><Placemark>
			<name>22.1kn - 234° - 1397m - 13:25:01 15/09 UTC</name>
			<styleUrl>#msn_open-diamond</styleUrl>
			<Point>
				<extrude>1</extrude>
				<altitudeMode>absolute</altitudeMode>
				<gx:drawOrder>1</gx:drawOrder>
				<coordinates>3.501203,47.369022,1397 </coordinates>
			</Point>
		</Placemark><Placemark>
			<name>21.6kn - 232° - 1435m - 13:20:01 15/09 UTC</name>
			<styleUrl>#msn_open-diamond</styleUrl>
			<Point>
				<extrude>1</extrude>
				<altitudeMode>absolute</altitudeMode>
				<gx:drawOrder>1</gx:drawOrder>
				<coordinates>3.538692,47.386932,1435 </coordinates>
			</Point>
		</Placemark><Placemark>
			<name>21.1kn - 231° - 1449m - 13:15:01 15/09 UTC</name>
			<styleUrl>#msn_open-diamond</styleUrl>
			<Point>
				<extrude>1</extrude>
				<altitudeMode>absolute</altitudeMode>
				<gx:drawOrder>1</gx:drawOrder>
				<coordinates>3.575907,47.405308,1449 </coordinates>
			</Point>
		</Placemark><Placemark>
			<name>21.1kn - 232° - 1489m - 13:10:01 15/09 UTC</name>
			<styleUrl>#msn_open-diamond</styleUrl>
			<Point>
				<extrude>1</extrude>
				<altitudeMode>absolute</altitudeMode>
				<gx:drawOrder>1</gx:drawOrder>
				<coordinates>3.610453,47.423416,1489 </coordinates>
			</Point>
		</Placemark><Placemark>
			<name>21.6kn - 228° - 1461m - 13:05:01 15/09 UTC</name>
			<styleUrl>#msn_open-diamond</styleUrl>
			<Point>
				<extrude>1</extrude>
				<altitudeMode>absolute</altitudeMode>
				<gx:drawOrder>1</gx:drawOrder>
				<coordinates>3.64409,47.442162,1461 </coordinates>
			</Point>
		</Placemark><Placemark>
			<name>20.5kn - 228° - 1450m - 13:00:01 15/09 UTC</name>
			<styleUrl>#msn_open-diamond</styleUrl>
			<Point>
				<extrude>1</extrude>
				<altitudeMode>absolute</altitudeMode>
				<gx:drawOrder>1</gx:drawOrder>
				<coordinates>3.677377,47.462132,1450 </coordinates>
			</Point>
		</Placemark><Placemark>
			<name>20.5kn - 236° - 1542m - 12:55:01 15/09 UTC</name>
			<styleUrl>#msn_open-diamond</styleUrl>
			<Point>
				<extrude>1</extrude>
				<altitudeMode>absolute</altitudeMode>
				<gx:drawOrder>1</gx:drawOrder>
				<coordinates>3.711207,47.480393,1542 </coordinates>
			</Point>
		</Placemark><Placemark>
			<name>21.6kn - 234° - 1635m - 12:50:01 15/09 UTC</name>
			<styleUrl>#msn_open-diamond</styleUrl>
			<Point>
				<extrude>1</extrude>
				<altitudeMode>absolute</altitudeMode>
				<gx:drawOrder>1</gx:drawOrder>
				<coordinates>3.746063,47.49741,1635 </coordinates>
			</Point>
		</Placemark><Placemark>
			<name>20.5kn - 235° - 1650m - 12:45:01 15/09 UTC</name>
			<styleUrl>#msn_open-diamond</styleUrl>
			<Point>
				<extrude>1</extrude>
				<altitudeMode>absolute</altitudeMode>
				<gx:drawOrder>1</gx:drawOrder>
				<coordinates>3.780435,47.514225,1650 </coordinates>
			</Point>
		</Placemark><Placemark>
			<name>18.9kn - 233° - 1634m - 12:40:01 15/09 UTC</name>
			<styleUrl>#msn_open-diamond</styleUrl>
			<Point>
				<extrude>1</extrude>
				<altitudeMode>absolute</altitudeMode>
				<gx:drawOrder>1</gx:drawOrder>
				<coordinates>3.812785,47.531971,1634 </coordinates>
			</Point>
		</Placemark><Placemark>
			<name>20.0kn - 235° - 1647m - 12:35:01 15/09 UTC</name>
			<styleUrl>#msn_open-diamond</styleUrl>
			<Point>
				<extrude>1</extrude>
				<altitudeMode>absolute</altitudeMode>
				<gx:drawOrder>1</gx:drawOrder>
				<coordinates>3.845598,47.548328,1647 </coordinates>
			</Point>
		</Placemark><Placemark>
			<name>21.6kn - 235° - 1685m - 12:30:01 15/09 UTC</name>
			<styleUrl>#msn_open-diamond</styleUrl>
			<Point>
				<extrude>1</extrude>
				<altitudeMode>absolute</altitudeMode>
				<gx:drawOrder>1</gx:drawOrder>
				<coordinates>3.881298,47.564796,1685 </coordinates>
			</Point>
		</Placemark><Placemark>
			<name>20.0kn - 234° - 1638m - 12:25:01 15/09 UTC</name>
			<styleUrl>#msn_open-diamond</styleUrl>
			<Point>
				<extrude>1</extrude>
				<altitudeMode>absolute</altitudeMode>
				<gx:drawOrder>1</gx:drawOrder>
				<coordinates>3.914905,47.581505,1638 </coordinates>
			</Point>
		</Placemark><Placemark>
			<name>20.5kn - 234° - 1635m - 12:20:01 15/09 UTC</name>
			<styleUrl>#msn_open-diamond</styleUrl>
			<Point>
				<extrude>1</extrude>
				<altitudeMode>absolute</altitudeMode>
				<gx:drawOrder>1</gx:drawOrder>
				<coordinates>3.948572,47.598015,1635 </coordinates>
			</Point>
		</Placemark><Placemark>
			<name>20.5kn - 235° - 1607m - 12:15:01 15/09 UTC</name>
			<styleUrl>#msn_open-diamond</styleUrl>
			<Point>
				<extrude>1</extrude>
				<altitudeMode>absolute</altitudeMode>
				<gx:drawOrder>1</gx:drawOrder>
				<coordinates>3.983297,47.614529,1607 </coordinates>
			</Point>
		</Placemark><Placemark>
			<name>20.5kn - 234° - 1686m - 12:10:01 15/09 UTC</name>
			<styleUrl>#msn_open-diamond</styleUrl>
			<Point>
				<extrude>1</extrude>
				<altitudeMode>absolute</altitudeMode>
				<gx:drawOrder>1</gx:drawOrder>
				<coordinates>4.017644,47.631813,1686 </coordinates>
			</Point>
		</Placemark><Placemark>
			<name>21.1kn - 234° - 1652m - 12:05:01 15/09 UTC</name>
			<styleUrl>#msn_open-diamond</styleUrl>
			<Point>
				<extrude>1</extrude>
				<altitudeMode>absolute</altitudeMode>
				<gx:drawOrder>1</gx:drawOrder>
				<coordinates>4.052023,47.648773,1652 </coordinates>
			</Point>
		</Placemark><Placemark>
			<name>20.5kn - 229° - 1734m - 12:00:01 15/09 UTC</name>
			<styleUrl>#msn_open-diamond</styleUrl>
			<Point>
				<extrude>1</extrude>
				<altitudeMode>absolute</altitudeMode>
				<gx:drawOrder>1</gx:drawOrder>
				<coordinates>4.085104,47.666412,1734 </coordinates>
			</Point>
		</Placemark><Placemark>
			<name>20.0kn - 228° - 1681m - 11:55:01 15/09 UTC</name>
			<styleUrl>#msn_open-diamond</styleUrl>
			<Point>
				<extrude>1</extrude>
				<altitudeMode>absolute</altitudeMode>
				<gx:drawOrder>1</gx:drawOrder>
				<coordinates>4.117692,47.684628,1681 </coordinates>
			</Point>
		</Placemark><Placemark>
			<name>21.6kn - 230° - 1770m - 11:50:01 15/09 UTC</name>
			<styleUrl>#msn_open-diamond</styleUrl>
			<Point>
				<extrude>1</extrude>
				<altitudeMode>absolute</altitudeMode>
				<gx:drawOrder>1</gx:drawOrder>
				<coordinates>4.150048,47.703503,1770 </coordinates>
			</Point>
		</Placemark><Placemark>
			<name>20.0kn - 229° - 1763m - 11:45:01 15/09 UTC</name>
			<styleUrl>#msn_open-diamond</styleUrl>
			<Point>
				<extrude>1</extrude>
				<altitudeMode>absolute</altitudeMode>
				<gx:drawOrder>1</gx:drawOrder>
				<coordinates>4.183398,47.721581,1763 </coordinates>
			</Point>
		</Placemark><Placemark>
			<name>21.1kn - 228° - 1745m - 11:40:01 15/09 UTC</name>
			<styleUrl>#msn_open-diamond</styleUrl>
			<Point>
				<extrude>1</extrude>
				<altitudeMode>absolute</altitudeMode>
				<gx:drawOrder>1</gx:drawOrder>
				<coordinates>4.215219,47.740543,1745 </coordinates>
			</Point>
		</Placemark><Placemark>
			<name>20.0kn - 227° - 1761m - 11:35:01 15/09 UTC</name>
			<styleUrl>#msn_open-diamond</styleUrl>
			<Point>
				<extrude>1</extrude>
				<altitudeMode>absolute</altitudeMode>
				<gx:drawOrder>1</gx:drawOrder>
				<coordinates>4.246825,47.760044,1761 </coordinates>
			</Point>
		</Placemark><Placemark>
			<name>20.5kn - 229° - 1745m - 11:30:01 15/09 UTC</name>
			<styleUrl>#msn_open-diamond</styleUrl>
			<Point>
				<extrude>1</extrude>
				<altitudeMode>absolute</altitudeMode>
				<gx:drawOrder>1</gx:drawOrder>
				<coordinates>4.278195,47.778938,1745 </coordinates>
			</Point>
		</Placemark><Placemark>
			<name>20.5kn - 229° - 1750m - 11:25:01 15/09 UTC</name>
			<styleUrl>#msn_open-diamond</styleUrl>
			<Point>
				<extrude>1</extrude>
				<altitudeMode>absolute</altitudeMode>
				<gx:drawOrder>1</gx:drawOrder>
				<coordinates>4.311625,47.797966,1750 </coordinates>
			</Point>
		</Placemark><Placemark>
			<name>20.0kn - 230° - 1840m - 11:20:01 15/09 UTC</name>
			<styleUrl>#msn_open-diamond</styleUrl>
			<Point>
				<extrude>1</extrude>
				<altitudeMode>absolute</altitudeMode>
				<gx:drawOrder>1</gx:drawOrder>
				<coordinates>4.344813,47.817177,1840 </coordinates>
			</Point>
		</Placemark><Placemark>
			<name>21.1kn - 228° - 1754m - 11:15:01 15/09 UTC</name>
			<styleUrl>#msn_open-diamond</styleUrl>
			<Point>
				<extrude>1</extrude>
				<altitudeMode>absolute</altitudeMode>
				<gx:drawOrder>1</gx:drawOrder>
				<coordinates>4.377574,47.835888,1754 </coordinates>
			</Point>
		</Placemark><Placemark>
			<name>21.1kn - 228° - 1774m - 11:10:01 15/09 UTC</name>
			<styleUrl>#msn_open-diamond</styleUrl>
			<Point>
				<extrude>1</extrude>
				<altitudeMode>absolute</altitudeMode>
				<gx:drawOrder>1</gx:drawOrder>
				<coordinates>4.410667,47.855839,1774 </coordinates>
			</Point>
		</Placemark><Placemark>
			<name>21.1kn - 232° - 1770m - 11:05:00 15/09 UTC</name>
			<styleUrl>#msn_open-diamond</styleUrl>
			<Point>
				<extrude>1</extrude>
				<altitudeMode>absolute</altitudeMode>
				<gx:drawOrder>1</gx:drawOrder>
				<coordinates>4.444587,47.873867,1770 </coordinates>
			</Point>
		</Placemark><Placemark>
			<name>22.1kn - 230° - 1755m - 11:00:00 15/09 UTC</name>
			<styleUrl>#msn_open-diamond</styleUrl>
			<Point>
				<extrude>1</extrude>
				<altitudeMode>absolute</altitudeMode>
				<gx:drawOrder>1</gx:drawOrder>
				<coordinates>4.479762,47.893024,1755 </coordinates>
			</Point>
		</Placemark><Placemark>
			<name>22.7kn - 229° - 1749m - 10:55:00 15/09 UTC</name>
			<styleUrl>#msn_open-diamond</styleUrl>
			<Point>
				<extrude>1</extrude>
				<altitudeMode>absolute</altitudeMode>
				<gx:drawOrder>1</gx:drawOrder>
				<coordinates>4.51569,47.913265,1749 </coordinates>
			</Point>
		</Placemark><Placemark>
			<name>22.1kn - 229° - 1761m - 10:50:00 15/09 UTC</name>
			<styleUrl>#msn_open-diamond</styleUrl>
			<Point>
				<extrude>1</extrude>
				<altitudeMode>absolute</altitudeMode>
				<gx:drawOrder>1</gx:drawOrder>
				<coordinates>4.550862,47.933636,1761 </coordinates>
			</Point>
		</Placemark><Placemark>
			<name>22.7kn - 227° - 1774m - 10:45:00 15/09 UTC</name>
			<styleUrl>#msn_open-diamond</styleUrl>
			<Point>
				<extrude>1</extrude>
				<altitudeMode>absolute</altitudeMode>
				<gx:drawOrder>1</gx:drawOrder>
				<coordinates>4.58561,47.95396,1774 </coordinates>
			</Point>
		</Placemark><Placemark>
			<name>22.7kn - 226° - 1743m - 10:40:00 15/09 UTC</name>
			<styleUrl>#msn_open-diamond</styleUrl>
			<Point>
				<extrude>1</extrude>
				<altitudeMode>absolute</altitudeMode>
				<gx:drawOrder>1</gx:drawOrder>
				<coordinates>4.619982,47.975723,1743 </coordinates>
			</Point>
		</Placemark><Placemark>
			<name>22.7kn - 229° - 1796m - 10:35:00 15/09 UTC</name>
			<styleUrl>#msn_open-diamond</styleUrl>
			<Point>
				<extrude>1</extrude>
				<altitudeMode>absolute</altitudeMode>
				<gx:drawOrder>1</gx:drawOrder>
				<coordinates>4.655065,47.99617,1796 </coordinates>
			</Point>
		</Placemark><Placemark>
			<name>22.1kn - 226° - 1804m - 10:30:00 15/09 UTC</name>
			<styleUrl>#msn_open-diamond</styleUrl>
			<Point>
				<extrude>1</extrude>
				<altitudeMode>absolute</altitudeMode>
				<gx:drawOrder>1</gx:drawOrder>
				<coordinates>4.688388,48.016048,1804 </coordinates>
			</Point>
		</Placemark><Placemark>
			<name>22.7kn - 226° - 1761m - 10:25:00 15/09 UTC</name>
			<styleUrl>#msn_open-diamond</styleUrl>
			<Point>
				<extrude>1</extrude>
				<altitudeMode>absolute</altitudeMode>
				<gx:drawOrder>1</gx:drawOrder>
				<coordinates>4.722375,48.036877,1761 </coordinates>
			</Point>
		</Placemark><Placemark>
			<name>21.6kn - 224° - 1747m - 10:20:00 15/09 UTC</name>
			<styleUrl>#msn_open-diamond</styleUrl>
			<Point>
				<extrude>1</extrude>
				<altitudeMode>absolute</altitudeMode>
				<gx:drawOrder>1</gx:drawOrder>
				<coordinates>4.755803,48.058849,1747 </coordinates>
			</Point>
		</Placemark><Placemark>
			<name>22.1kn - 222° - 1792m - 10:15:00 15/09 UTC</name>
			<styleUrl>#msn_open-diamond</styleUrl>
			<Point>
				<extrude>1</extrude>
				<altitudeMode>absolute</altitudeMode>
				<gx:drawOrder>1</gx:drawOrder>
				<coordinates>4.787075,48.081066,1792 </coordinates>
			</Point>
		</Placemark><Placemark>
			<name>22.1kn - 222° - 1824m - 10:10:00 15/09 UTC</name>
			<styleUrl>#msn_open-diamond</styleUrl>
			<Point>
				<extrude>1</extrude>
				<altitudeMode>absolute</altitudeMode>
				<gx:drawOrder>1</gx:drawOrder>
				<coordinates>4.819674,48.103886,1824 </coordinates>
			</Point>
		</Placemark><Placemark>
			<name>22.1kn - 223° - 1815m - 10:05:00 15/09 UTC</name>
			<styleUrl>#msn_open-diamond</styleUrl>
			<Point>
				<extrude>1</extrude>
				<altitudeMode>absolute</altitudeMode>
				<gx:drawOrder>1</gx:drawOrder>
				<coordinates>4.850823,48.12579,1815 </coordinates>
			</Point>
		</Placemark><Placemark>
			<name>21.1kn - 223° - 1778m - 10:00:00 15/09 UTC</name>
			<styleUrl>#msn_open-diamond</styleUrl>
			<Point>
				<extrude>1</extrude>
				<altitudeMode>absolute</altitudeMode>
				<gx:drawOrder>1</gx:drawOrder>
				<coordinates>4.882623,48.148258,1778 </coordinates>
			</Point>
		</Placemark><Placemark>
			<name>20.5kn - 223° - 1846m - 09:55:00 15/09 UTC</name>
			<styleUrl>#msn_open-diamond</styleUrl>
			<Point>
				<extrude>1</extrude>
				<altitudeMode>absolute</altitudeMode>
				<gx:drawOrder>1</gx:drawOrder>
				<coordinates>4.913587,48.170364,1846 </coordinates>
			</Point>
		</Placemark><Placemark>
			<name>21.1kn - 223° - 1827m - 09:50:00 15/09 UTC</name>
			<styleUrl>#msn_open-diamond</styleUrl>
			<Point>
				<extrude>1</extrude>
				<altitudeMode>absolute</altitudeMode>
				<gx:drawOrder>1</gx:drawOrder>
				<coordinates>4.942872,48.191807,1827 </coordinates>
			</Point>
		</Placemark><Placemark>
			<name>20.5kn - 223° - 1811m - 09:45:00 15/09 UTC</name>
			<styleUrl>#msn_open-diamond</styleUrl>
			<Point>
				<extrude>1</extrude>
				<altitudeMode>absolute</altitudeMode>
				<gx:drawOrder>1</gx:drawOrder>
				<coordinates>4.972912,48.213051,1811 </coordinates>
			</Point>
		</Placemark><Placemark>
			<name>20.5kn - 223° - 1756m - 09:40:00 15/09 UTC</name>
			<styleUrl>#msn_open-diamond</styleUrl>
			<Point>
				<extrude>1</extrude>
				<altitudeMode>absolute</altitudeMode>
				<gx:drawOrder>1</gx:drawOrder>
				<coordinates>5.003402,48.234402,1756 </coordinates>
			</Point>
		</Placemark><Placemark>
			<name>21.6kn - 223° - 1814m - 09:35:00 15/09 UTC</name>
			<styleUrl>#msn_open-diamond</styleUrl>
			<Point>
				<extrude>1</extrude>
				<altitudeMode>absolute</altitudeMode>
				<gx:drawOrder>1</gx:drawOrder>
				<coordinates>5.034515,48.255905,1814 </coordinates>
			</Point>
		</Placemark><Placemark>
			<name>20.5kn - 223° - 1780m - 09:30:00 15/09 UTC</name>
			<styleUrl>#msn_open-diamond</styleUrl>
			<Point>
				<extrude>1</extrude>
				<altitudeMode>absolute</altitudeMode>
				<gx:drawOrder>1</gx:drawOrder>
				<coordinates>5.064895,48.277847,1780 </coordinates>
			</Point>
		</Placemark><Placemark>
			<name>20.5kn - 224° - 1786m - 09:25:00 15/09 UTC</name>
			<styleUrl>#msn_open-diamond</styleUrl>
			<Point>
				<extrude>1</extrude>
				<altitudeMode>absolute</altitudeMode>
				<gx:drawOrder>1</gx:drawOrder>
				<coordinates>5.095165,48.299198,1786 </coordinates>
			</Point>
		</Placemark><Placemark>
			<name>21.6kn - 223° - 1795m - 09:20:00 15/09 UTC</name>
			<styleUrl>#msn_open-diamond</styleUrl>
			<Point>
				<extrude>1</extrude>
				<altitudeMode>absolute</altitudeMode>
				<gx:drawOrder>1</gx:drawOrder>
				<coordinates>5.126618,48.320496,1795 </coordinates>
			</Point>
		</Placemark><Placemark>
			<name>21.6kn - 222° - 1825m - 09:15:00 15/09 UTC</name>
			<styleUrl>#msn_open-diamond</styleUrl>
			<Point>
				<extrude>1</extrude>
				<altitudeMode>absolute</altitudeMode>
				<gx:drawOrder>1</gx:drawOrder>
				<coordinates>5.157347,48.342159,1825 </coordinates>
			</Point>
		</Placemark><Placemark>
			<name>20.0kn - 222° - 1848m - 09:10:00 15/09 UTC</name>
			<styleUrl>#msn_open-diamond</styleUrl>
			<Point>
				<extrude>1</extrude>
				<altitudeMode>absolute</altitudeMode>
				<gx:drawOrder>1</gx:drawOrder>
				<coordinates>5.186655,48.364636,1848 </coordinates>
			</Point>
		</Placemark><Placemark>
			<name>20.5kn - 219° - 1809m - 09:05:00 15/09 UTC</name>
			<styleUrl>#msn_open-diamond</styleUrl>
			<Point>
				<extrude>1</extrude>
				<altitudeMode>absolute</altitudeMode>
				<gx:drawOrder>1</gx:drawOrder>
				<coordinates>5.214859,48.38575,1809 </coordinates>
			</Point>
		</Placemark><Placemark>
			<name>20.5kn - 220° - 1841m - 09:00:00 15/09 UTC</name>
			<styleUrl>#msn_open-diamond</styleUrl>
			<Point>
				<extrude>1</extrude>
				<altitudeMode>absolute</altitudeMode>
				<gx:drawOrder>1</gx:drawOrder>
				<coordinates>5.242507,48.40823,1841 </coordinates>
			</Point>
		</Placemark><Placemark>
			<name>21.6kn - 219° - 1830m - 08:55:00 15/09 UTC</name>
			<styleUrl>#msn_open-diamond</styleUrl>
			<Point>
				<extrude>1</extrude>
				<altitudeMode>absolute</altitudeMode>
				<gx:drawOrder>1</gx:drawOrder>
				<coordinates>5.270973,48.430309,1830 </coordinates>
			</Point>
		</Placemark><Placemark>
			<name>20.5kn - 220° - 1837m - 08:50:00 15/09 UTC</name>
			<styleUrl>#msn_open-diamond</styleUrl>
			<Point>
				<extrude>1</extrude>
				<altitudeMode>absolute</altitudeMode>
				<gx:drawOrder>1</gx:drawOrder>
				<coordinates>5.299829,48.453232,1837 </coordinates>
			</Point>
		</Placemark><Placemark>
			<name>19.4kn - 221° - 1818m - 08:45:00 15/09 UTC</name>
			<styleUrl>#msn_open-diamond</styleUrl>
			<Point>
				<extrude>1</extrude>
				<altitudeMode>absolute</altitudeMode>
				<gx:drawOrder>1</gx:drawOrder>
				<coordinates>5.328032,48.474327,1818 </coordinates>
			</Point>
		</Placemark><Placemark>
			<name>20.5kn - 220° - 1836m - 08:40:00 15/09 UTC</name>
			<styleUrl>#msn_open-diamond</styleUrl>
			<Point>
				<extrude>1</extrude>
				<altitudeMode>absolute</altitudeMode>
				<gx:drawOrder>1</gx:drawOrder>
				<coordinates>5.35497,48.496075,1836 </coordinates>
			</Point>
		</Placemark><Placemark>
			<name>20.5kn - 219° - 1823m - 08:35:00 15/09 UTC</name>
			<styleUrl>#msn_open-diamond</styleUrl>
			<Point>
				<extrude>1</extrude>
				<altitudeMode>absolute</altitudeMode>
				<gx:drawOrder>1</gx:drawOrder>
				<coordinates>5.383652,48.517956,1823 </coordinates>
			</Point>
		</Placemark><Placemark>
			<name>19.4kn - 217° - 1820m - 08:30:00 15/09 UTC</name>
			<styleUrl>#msn_open-diamond</styleUrl>
			<Point>
				<extrude>1</extrude>
				<altitudeMode>absolute</altitudeMode>
				<gx:drawOrder>1</gx:drawOrder>
				<coordinates>5.409557,48.539677,1820 </coordinates>
			</Point>
		</Placemark><Placemark>
			<name>19.4kn - 215° - 1810m - 08:25:00 15/09 UTC</name>
			<styleUrl>#msn_open-diamond</styleUrl>
			<Point>
				<extrude>1</extrude>
				<altitudeMode>absolute</altitudeMode>
				<gx:drawOrder>1</gx:drawOrder>
				<coordinates>5.433852,48.561989,1810 </coordinates>
			</Point>
		</Placemark><Placemark>
			<name>18.9kn - 216° - 1819m - 08:20:00 15/09 UTC</name>
			<styleUrl>#msn_open-diamond</styleUrl>
			<Point>
				<extrude>1</extrude>
				<altitudeMode>absolute</altitudeMode>
				<gx:drawOrder>1</gx:drawOrder>
				<coordinates>5.45705,48.584374,1819 </coordinates>
			</Point>
		</Placemark><Placemark>
			<name>19.4kn - 220° - 1809m - 08:15:00 15/09 UTC</name>
			<styleUrl>#msn_open-diamond</styleUrl>
			<Point>
				<extrude>1</extrude>
				<altitudeMode>absolute</altitudeMode>
				<gx:drawOrder>1</gx:drawOrder>
				<coordinates>5.482542,48.605419,1809 </coordinates>
			</Point>
		</Placemark><Placemark>
			<name>18.9kn - 219° - 1802m - 08:10:02 15/09 UTC</name>
			<styleUrl>#msn_open-diamond</styleUrl>
			<Point>
				<extrude>1</extrude>
				<altitudeMode>absolute</altitudeMode>
				<gx:drawOrder>1</gx:drawOrder>
				<coordinates>5.50903,48.625923,1802 </coordinates>
			</Point>
		</Placemark><Placemark>
			<name>20.0kn - 215° - 1776m - 08:05:02 15/09 UTC</name>
			<styleUrl>#msn_open-diamond</styleUrl>
			<Point>
				<extrude>1</extrude>
				<altitudeMode>absolute</altitudeMode>
				<gx:drawOrder>1</gx:drawOrder>
				<coordinates>5.534202,48.64772,1776 </coordinates>
			</Point>
		</Placemark><Placemark>
			<name>19.4kn - 214° - 1807m - 08:00:02 15/09 UTC</name>
			<styleUrl>#msn_open-diamond</styleUrl>
			<Point>
				<extrude>1</extrude>
				<altitudeMode>absolute</altitudeMode>
				<gx:drawOrder>1</gx:drawOrder>
				<coordinates>5.558243,48.670834,1807 </coordinates>
			</Point>
		</Placemark><Placemark>
			<name>19.4kn - 214° - 1795m - 07:55:02 15/09 UTC</name>
			<styleUrl>#msn_open-diamond</styleUrl>
			<Point>
				<extrude>1</extrude>
				<altitudeMode>absolute</altitudeMode>
				<gx:drawOrder>1</gx:drawOrder>
				<coordinates>5.581268,48.69318,1795 </coordinates>
			</Point>
		</Placemark><Placemark>
			<name>20.0kn - 214° - 1782m - 07:50:02 15/09 UTC</name>
			<styleUrl>#msn_open-diamond</styleUrl>
			<Point>
				<extrude>1</extrude>
				<altitudeMode>absolute</altitudeMode>
				<gx:drawOrder>1</gx:drawOrder>
				<coordinates>5.604283,48.715771,1782 </coordinates>
			</Point>
		</Placemark><Placemark>
			<name>19.4kn - 214° - 1778m - 07:45:02 15/09 UTC</name>
			<styleUrl>#msn_open-diamond</styleUrl>
			<Point>
				<extrude>1</extrude>
				<altitudeMode>absolute</altitudeMode>
				<gx:drawOrder>1</gx:drawOrder>
				<coordinates>5.627964,48.738953,1778 </coordinates>
			</Point>
		</Placemark><Placemark>
			<name>18.9kn - 216° - 1788m - 07:40:02 15/09 UTC</name>
			<styleUrl>#msn_open-diamond</styleUrl>
			<Point>
				<extrude>1</extrude>
				<altitudeMode>absolute</altitudeMode>
				<gx:drawOrder>1</gx:drawOrder>
				<coordinates>5.652194,48.761185,1788 </coordinates>
			</Point>
		</Placemark><Placemark>
			<name>20.0kn - 216° - 1770m - 07:35:01 15/09 UTC</name>
			<styleUrl>#msn_open-diamond</styleUrl>
			<Point>
				<extrude>1</extrude>
				<altitudeMode>absolute</altitudeMode>
				<gx:drawOrder>1</gx:drawOrder>
				<coordinates>5.676935,48.782929,1770 </coordinates>
			</Point>
		</Placemark><Placemark>
			<name>19.4kn - 216° - 1824m - 07:30:01 15/09 UTC</name>
			<styleUrl>#msn_open-diamond</styleUrl>
			<Point>
				<extrude>1</extrude>
				<altitudeMode>absolute</altitudeMode>
				<gx:drawOrder>1</gx:drawOrder>
				<coordinates>5.702207,48.805172,1824 </coordinates>
			</Point>
		</Placemark><Placemark>
			<name>20.0kn - 216° - 1799m - 07:25:01 15/09 UTC</name>
			<styleUrl>#msn_open-diamond</styleUrl>
			<Point>
				<extrude>1</extrude>
				<altitudeMode>absolute</altitudeMode>
				<gx:drawOrder>1</gx:drawOrder>
				<coordinates>5.727215,48.827137,1799 </coordinates>
			</Point>
		</Placemark><Placemark>
			<name>19.4kn - 216° - 1795m - 07:20:01 15/09 UTC</name>
			<styleUrl>#msn_open-diamond</styleUrl>
			<Point>
				<extrude>1</extrude>
				<altitudeMode>absolute</altitudeMode>
				<gx:drawOrder>1</gx:drawOrder>
				<coordinates>5.75223,48.849205,1795 </coordinates>
			</Point>
		</Placemark><Placemark>
			<name>20.0kn - 215° - 1793m - 07:15:01 15/09 UTC</name>
			<styleUrl>#msn_open-diamond</styleUrl>
			<Point>
				<extrude>1</extrude>
				<altitudeMode>absolute</altitudeMode>
				<gx:drawOrder>1</gx:drawOrder>
				<coordinates>5.77704,48.871441,1793 </coordinates>
			</Point>
		</Placemark><Placemark>
			<name>21.6kn - 211° - 1765m - 07:10:01 15/09 UTC</name>
			<styleUrl>#msn_open-diamond</styleUrl>
			<Point>
				<extrude>1</extrude>
				<altitudeMode>absolute</altitudeMode>
				<gx:drawOrder>1</gx:drawOrder>
				<coordinates>5.801523,48.895676,1765 </coordinates>
			</Point>
		</Placemark><Placemark>
			<name>20.5kn - 212° - 1764m - 07:05:01 15/09 UTC</name>
			<styleUrl>#msn_open-diamond</styleUrl>
			<Point>
				<extrude>1</extrude>
				<altitudeMode>absolute</altitudeMode>
				<gx:drawOrder>1</gx:drawOrder>
				<coordinates>5.82562,48.920364,1764 </coordinates>
			</Point>
		</Placemark><Placemark>
			<name>20.5kn - 209° - 1771m - 07:00:01 15/09 UTC</name>
			<styleUrl>#msn_open-diamond</styleUrl>
			<Point>
				<extrude>1</extrude>
				<altitudeMode>absolute</altitudeMode>
				<gx:drawOrder>1</gx:drawOrder>
				<coordinates>5.848098,48.945355,1771 </coordinates>
			</Point>
		</Placemark><Placemark>
			<name>21.1kn - 208° - 1737m - 06:55:01 15/09 UTC</name>
			<styleUrl>#msn_open-diamond</styleUrl>
			<Point>
				<extrude>1</extrude>
				<altitudeMode>absolute</altitudeMode>
				<gx:drawOrder>1</gx:drawOrder>
				<coordinates>5.8694,48.971016,1737 </coordinates>
			</Point>
		</Placemark><Placemark>
			<name>21.1kn - 212° - 1702m - 06:50:01 15/09 UTC</name>
			<styleUrl>#msn_open-diamond</styleUrl>
			<Point>
				<extrude>1</extrude>
				<altitudeMode>absolute</altitudeMode>
				<gx:drawOrder>1</gx:drawOrder>
				<coordinates>5.892327,48.996925,1702 </coordinates>
			</Point>
		</Placemark><Placemark>
			<name>20.0kn - 213° - 1678m - 06:45:01 15/09 UTC</name>
			<styleUrl>#msn_open-diamond</styleUrl>
			<Point>
				<extrude>1</extrude>
				<altitudeMode>absolute</altitudeMode>
				<gx:drawOrder>1</gx:drawOrder>
				<coordinates>5.916928,49.021622,1678 </coordinates>
			</Point>
		</Placemark><Placemark>
			<name>18.9kn - 213° - 1666m - 06:40:01 15/09 UTC</name>
			<styleUrl>#msn_open-diamond</styleUrl>
			<Point>
				<extrude>1</extrude>
				<altitudeMode>absolute</altitudeMode>
				<gx:drawOrder>1</gx:drawOrder>
				<coordinates>5.940037,49.044178,1666 </coordinates>
			</Point>
		</Placemark><Placemark>
			<name>18.4kn - 215° - 1634m - 06:35:01 15/09 UTC</name>
			<styleUrl>#msn_open-diamond</styleUrl>
			<Point>
				<extrude>1</extrude>
				<altitudeMode>absolute</altitudeMode>
				<gx:drawOrder>1</gx:drawOrder>
				<coordinates>5.96236,49.065823,1634 </coordinates>
			</Point>
		</Placemark><Placemark>
			<name>18.4kn - 214° - 1573m - 06:30:01 15/09 UTC</name>
			<styleUrl>#msn_open-diamond</styleUrl>
			<Point>
				<extrude>1</extrude>
				<altitudeMode>absolute</altitudeMode>
				<gx:drawOrder>1</gx:drawOrder>
				<coordinates>5.985445,49.086884,1573 </coordinates>
			</Point>
		</Placemark><Placemark>
			<name>18.4kn - 213° - 1561m - 06:25:01 15/09 UTC</name>
			<styleUrl>#msn_open-diamond</styleUrl>
			<Point>
				<extrude>1</extrude>
				<altitudeMode>absolute</altitudeMode>
				<gx:drawOrder>1</gx:drawOrder>
				<coordinates>6.007782,49.108479,1561 </coordinates>
			</Point>
		</Placemark><Placemark>
			<name>18.4kn - 212° - 1582m - 06:20:01 15/09 UTC</name>
			<styleUrl>#msn_open-diamond</styleUrl>
			<Point>
				<extrude>1</extrude>
				<altitudeMode>absolute</altitudeMode>
				<gx:drawOrder>1</gx:drawOrder>
				<coordinates>6.028952,49.12965,1582 </coordinates>
			</Point>
		</Placemark><Placemark>
			<name>17.8kn - 213° - 1623m - 06:15:01 15/09 UTC</name>
			<styleUrl>#msn_open-diamond</styleUrl>
			<Point>
				<extrude>1</extrude>
				<altitudeMode>absolute</altitudeMode>
				<gx:drawOrder>1</gx:drawOrder>
				<coordinates>6.050218,49.150879,1623 </coordinates>
			</Point>
		</Placemark><Placemark>
			<name>18.9kn - 212° - 1647m - 06:10:01 15/09 UTC</name>
			<styleUrl>#msn_open-diamond</styleUrl>
			<Point>
				<extrude>1</extrude>
				<altitudeMode>absolute</altitudeMode>
				<gx:drawOrder>1</gx:drawOrder>
				<coordinates>6.071658,49.172085,1647 </coordinates>
			</Point>
		</Placemark><Placemark>
			<name>18.4kn - 215° - 1650m - 06:05:01 15/09 UTC</name>
			<styleUrl>#msn_open-diamond</styleUrl>
			<Point>
				<extrude>1</extrude>
				<altitudeMode>absolute</altitudeMode>
				<gx:drawOrder>1</gx:drawOrder>
				<coordinates>6.09348,49.193634,1650 </coordinates>
			</Point>
		</Placemark><Placemark>
			<name>17.8kn - 218° - 1676m - 06:00:01 15/09 UTC</name>
			<styleUrl>#msn_open-diamond</styleUrl>
			<Point>
				<extrude>1</extrude>
				<altitudeMode>absolute</altitudeMode>
				<gx:drawOrder>1</gx:drawOrder>
				<coordinates>6.117057,49.214363,1676 </coordinates>
			</Point>
		</Placemark><Placemark>
			<name>17.3kn - 218° - 1605m - 05:55:01 15/09 UTC</name>
			<styleUrl>#msn_open-diamond</styleUrl>
			<Point>
				<extrude>1</extrude>
				<altitudeMode>absolute</altitudeMode>
				<gx:drawOrder>1</gx:drawOrder>
				<coordinates>6.14111,49.233704,1605 </coordinates>
			</Point>
		</Placemark><Placemark>
			<name>17.3kn - 217° - 1581m - 05:50:01 15/09 UTC</name>
			<styleUrl>#msn_open-diamond</styleUrl>
			<Point>
				<extrude>1</extrude>
				<altitudeMode>absolute</altitudeMode>
				<gx:drawOrder>1</gx:drawOrder>
				<coordinates>6.163744,49.253239,1581 </coordinates>
			</Point>
		</Placemark><Placemark>
			<name>17.8kn - 216° - 1627m - 05:45:01 15/09 UTC</name>
			<styleUrl>#msn_open-diamond</styleUrl>
			<Point>
				<extrude>1</extrude>
				<altitudeMode>absolute</altitudeMode>
				<gx:drawOrder>1</gx:drawOrder>
				<coordinates>6.186827,49.272785,1627 </coordinates>
			</Point>
		</Placemark><Placemark>
			<name>17.8kn - 215° - 1676m - 05:40:01 15/09 UTC</name>
			<styleUrl>#msn_open-diamond</styleUrl>
			<Point>
				<extrude>1</extrude>
				<altitudeMode>absolute</altitudeMode>
				<gx:drawOrder>1</gx:drawOrder>
				<coordinates>6.20948,49.292721,1676 </coordinates>
			</Point>
		</Placemark><Placemark>
			<name>19.4kn - 212° - 1709m - 05:35:01 15/09 UTC</name>
			<styleUrl>#msn_open-diamond</styleUrl>
			<Point>
				<extrude>1</extrude>
				<altitudeMode>absolute</altitudeMode>
				<gx:drawOrder>1</gx:drawOrder>
				<coordinates>6.231753,49.313599,1709 </coordinates>
			</Point>
		</Placemark><Placemark>
			<name>20.0kn - 208° - 1777m - 05:30:01 15/09 UTC</name>
			<styleUrl>#msn_open-diamond</styleUrl>
			<Point>
				<extrude>1</extrude>
				<altitudeMode>absolute</altitudeMode>
				<gx:drawOrder>1</gx:drawOrder>
				<coordinates>6.25329,49.337582,1777 </coordinates>
			</Point>
		</Placemark><Placemark>
			<name>19.4kn - 204° - 1849m - 05:25:01 15/09 UTC</name>
			<styleUrl>#msn_open-diamond</styleUrl>
			<Point>
				<extrude>1</extrude>
				<altitudeMode>absolute</altitudeMode>
				<gx:drawOrder>1</gx:drawOrder>
				<coordinates>6.272268,49.362133,1849 </coordinates>
			</Point>
		</Placemark><Placemark>
			<name>19.4kn - 206° - 1817m - 05:20:01 15/09 UTC</name>
			<styleUrl>#msn_open-diamond</styleUrl>
			<Point>
				<extrude>1</extrude>
				<altitudeMode>absolute</altitudeMode>
				<gx:drawOrder>1</gx:drawOrder>
				<coordinates>6.289963,49.387268,1817 </coordinates>
			</Point>
		</Placemark><Placemark>
			<name>19.4kn - 208° - 1798m - 05:15:01 15/09 UTC</name>
			<styleUrl>#msn_open-diamond</styleUrl>
			<Point>
				<extrude>1</extrude>
				<altitudeMode>absolute</altitudeMode>
				<gx:drawOrder>1</gx:drawOrder>
				<coordinates>6.309578,49.411373,1798 </coordinates>
			</Point>
		</Placemark><Placemark>
			<name>18.4kn - 208° - 1738m - 05:10:01 15/09 UTC</name>
			<styleUrl>#msn_open-diamond</styleUrl>
			<Point>
				<extrude>1</extrude>
				<altitudeMode>absolute</altitudeMode>
				<gx:drawOrder>1</gx:drawOrder>
				<coordinates>6.329175,49.434979,1738 </coordinates>
			</Point>
		</Placemark><Placemark>
			<name>18.4kn - 206° - 1751m - 05:05:01 15/09 UTC</name>
			<styleUrl>#msn_open-diamond</styleUrl>
			<Point>
				<extrude>1</extrude>
				<altitudeMode>absolute</altitudeMode>
				<gx:drawOrder>1</gx:drawOrder>
				<coordinates>6.347704,49.457867,1751 </coordinates>
			</Point>
		</Placemark><Placemark>
			<name>18.4kn - 204° - 1738m - 05:00:01 15/09 UTC</name>
			<styleUrl>#msn_open-diamond</styleUrl>
			<Point>
				<extrude>1</extrude>
				<altitudeMode>absolute</altitudeMode>
				<gx:drawOrder>1</gx:drawOrder>
				<coordinates>6.364507,49.4813,1738 </coordinates>
			</Point>
		</Placemark><Placemark>
			<name>18.4kn - 204° - 1743m - 04:55:00 15/09 UTC</name>
			<styleUrl>#msn_open-diamond</styleUrl>
			<Point>
				<extrude>1</extrude>
				<altitudeMode>absolute</altitudeMode>
				<gx:drawOrder>1</gx:drawOrder>
				<coordinates>6.381313,49.504372,1743 </coordinates>
			</Point>
		</Placemark><Placemark>
			<name>18.4kn - 204° - 1756m - 04:50:00 15/09 UTC</name>
			<styleUrl>#msn_open-diamond</styleUrl>
			<Point>
				<extrude>1</extrude>
				<altitudeMode>absolute</altitudeMode>
				<gx:drawOrder>1</gx:drawOrder>
				<coordinates>6.39745,49.527882,1756 </coordinates>
			</Point>
		</Placemark><Placemark>
			<name>17.8kn - 204° - 1741m - 04:45:00 15/09 UTC</name>
			<styleUrl>#msn_open-diamond</styleUrl>
			<Point>
				<extrude>1</extrude>
				<altitudeMode>absolute</altitudeMode>
				<gx:drawOrder>1</gx:drawOrder>
				<coordinates>6.413943,49.550804,1741 </coordinates>
			</Point>
		</Placemark><Placemark>
			<name>18.4kn - 202° - 1735m - 04:40:00 15/09 UTC</name>
			<styleUrl>#msn_open-diamond</styleUrl>
			<Point>
				<extrude>1</extrude>
				<altitudeMode>absolute</altitudeMode>
				<gx:drawOrder>1</gx:drawOrder>
				<coordinates>6.429577,49.57428,1735 </coordinates>
			</Point>
		</Placemark><Placemark>
			<name>17.8kn - 205° - 1755m - 04:35:00 15/09 UTC</name>
			<styleUrl>#msn_open-diamond</styleUrl>
			<Point>
				<extrude>1</extrude>
				<altitudeMode>absolute</altitudeMode>
				<gx:drawOrder>1</gx:drawOrder>
				<coordinates>6.445357,49.597485,1755 </coordinates>
			</Point>
		</Placemark><Placemark>
			<name>18.4kn - 203° - 1770m - 04:30:00 15/09 UTC</name>
			<styleUrl>#msn_open-diamond</styleUrl>
			<Point>
				<extrude>1</extrude>
				<altitudeMode>absolute</altitudeMode>
				<gx:drawOrder>1</gx:drawOrder>
				<coordinates>6.461342,49.620617,1770 </coordinates>
			</Point>
		</Placemark><Placemark>
			<name>17.8kn - 204° - 1779m - 04:25:00 15/09 UTC</name>
			<styleUrl>#msn_open-diamond</styleUrl>
			<Point>
				<extrude>1</extrude>
				<altitudeMode>absolute</altitudeMode>
				<gx:drawOrder>1</gx:drawOrder>
				<coordinates>6.477097,49.644001,1779 </coordinates>
			</Point>
		</Placemark><Placemark>
			<name>17.8kn - 203° - 1805m - 04:20:00 15/09 UTC</name>
			<styleUrl>#msn_open-diamond</styleUrl>
			<Point>
				<extrude>1</extrude>
				<altitudeMode>absolute</altitudeMode>
				<gx:drawOrder>1</gx:drawOrder>
				<coordinates>6.492717,49.66692,1805 </coordinates>
			</Point>
		</Placemark><Placemark>
			<name>17.3kn - 202° - 1810m - 04:15:00 15/09 UTC</name>
			<styleUrl>#msn_open-diamond</styleUrl>
			<Point>
				<extrude>1</extrude>
				<altitudeMode>absolute</altitudeMode>
				<gx:drawOrder>1</gx:drawOrder>
				<coordinates>6.507848,49.689888,1810 </coordinates>
			</Point>
		</Placemark><Placemark>
			<name>17.3kn - 199° - 1811m - 04:10:00 15/09 UTC</name>
			<styleUrl>#msn_open-diamond</styleUrl>
			<Point>
				<extrude>1</extrude>
				<altitudeMode>absolute</altitudeMode>
				<gx:drawOrder>1</gx:drawOrder>
				<coordinates>6.521405,49.712647,1811 </coordinates>
			</Point>
		</Placemark><Placemark>
			<name>17.3kn - 197° - 1788m - 04:05:00 15/09 UTC</name>
			<styleUrl>#msn_open-diamond</styleUrl>
			<Point>
				<extrude>1</extrude>
				<altitudeMode>absolute</altitudeMode>
				<gx:drawOrder>1</gx:drawOrder>
				<coordinates>6.53367,49.735382,1788 </coordinates>
			</Point>
		</Placemark><Placemark>
			<name>17.8kn - 194° - 1801m - 04:00:00 15/09 UTC</name>
			<styleUrl>#msn_open-diamond</styleUrl>
			<Point>
				<extrude>1</extrude>
				<altitudeMode>absolute</altitudeMode>
				<gx:drawOrder>1</gx:drawOrder>
				<coordinates>6.543748,49.759045,1801 </coordinates>
			</Point>
		</Placemark><Placemark>
			<name>17.3kn - 196° - 1832m - 03:55:00 15/09 UTC</name>
			<styleUrl>#msn_open-diamond</styleUrl>
			<Point>
				<extrude>1</extrude>
				<altitudeMode>absolute</altitudeMode>
				<gx:drawOrder>1</gx:drawOrder>
				<coordinates>6.55386,49.783016,1832 </coordinates>
			</Point>
		</Placemark><Placemark>
			<name>17.3kn - 195° - 1831m - 03:50:00 15/09 UTC</name>
			<styleUrl>#msn_open-diamond</styleUrl>
			<Point>
				<extrude>1</extrude>
				<altitudeMode>absolute</altitudeMode>
				<gx:drawOrder>1</gx:drawOrder>
				<coordinates>6.564428,49.806412,1831 </coordinates>
			</Point>
		</Placemark><Placemark>
			<name>17.8kn - 191° - 1828m - 03:45:00 15/09 UTC</name>
			<styleUrl>#msn_open-diamond</styleUrl>
			<Point>
				<extrude>1</extrude>
				<altitudeMode>absolute</altitudeMode>
				<gx:drawOrder>1</gx:drawOrder>
				<coordinates>6.573148,49.830822,1828 </coordinates>
			</Point>
		</Placemark><Placemark>
			<name>16.7kn - 194° - 1829m - 03:40:00 15/09 UTC</name>
			<styleUrl>#msn_open-diamond</styleUrl>
			<Point>
				<extrude>1</extrude>
				<altitudeMode>absolute</altitudeMode>
				<gx:drawOrder>1</gx:drawOrder>
				<coordinates>6.581565,49.854721,1829 </coordinates>
			</Point>
		</Placemark><Placemark>
			<name>16.7kn - 194° - 1834m - 03:35:00 15/09 UTC</name>
			<styleUrl>#msn_open-diamond</styleUrl>
			<Point>
				<extrude>1</extrude>
				<altitudeMode>absolute</altitudeMode>
				<gx:drawOrder>1</gx:drawOrder>
				<coordinates>6.59042,49.877457,1834 </coordinates>
			</Point>
		</Placemark><Placemark>
			<name>16.2kn - 193° - 1815m - 03:30:00 15/09 UTC</name>
			<styleUrl>#msn_open-diamond</styleUrl>
			<Point>
				<extrude>1</extrude>
				<altitudeMode>absolute</altitudeMode>
				<gx:drawOrder>1</gx:drawOrder>
				<coordinates>6.598895,49.900059,1815 </coordinates>
			</Point>
		</Placemark><Placemark>
			<name>17.3kn - 190° - 1789m - 03:25:00 15/09 UTC</name>
			<styleUrl>#msn_open-diamond</styleUrl>
			<Point>
				<extrude>1</extrude>
				<altitudeMode>absolute</altitudeMode>
				<gx:drawOrder>1</gx:drawOrder>
				<coordinates>6.606212,49.923275,1789 </coordinates>
			</Point>
		</Placemark><Placemark>
			<name>16.2kn - 189° - 1784m - 03:20:00 15/09 UTC</name>
			<styleUrl>#msn_open-diamond</styleUrl>
			<Point>
				<extrude>1</extrude>
				<altitudeMode>absolute</altitudeMode>
				<gx:drawOrder>1</gx:drawOrder>
				<coordinates>6.612423,49.946823,1784 </coordinates>
			</Point>
		</Placemark><Placemark>
			<name>15.7kn - 193° - 1820m - 03:15:00 15/09 UTC</name>
			<styleUrl>#msn_open-diamond</styleUrl>
			<Point>
				<extrude>1</extrude>
				<altitudeMode>absolute</altitudeMode>
				<gx:drawOrder>1</gx:drawOrder>
				<coordinates>6.619192,49.968407,1820 </coordinates>
			</Point>
		</Placemark><Placemark>
			<name>15.7kn - 192° - 1805m - 03:10:00 15/09 UTC</name>
			<styleUrl>#msn_open-diamond</styleUrl>
			<Point>
				<extrude>1</extrude>
				<altitudeMode>absolute</altitudeMode>
				<gx:drawOrder>1</gx:drawOrder>
				<coordinates>6.627073,49.989674,1805 </coordinates>
			</Point>
		</Placemark><Placemark>
			<name>15.1kn - 189° - 1849m - 03:05:00 15/09 UTC</name>
			<styleUrl>#msn_open-diamond</styleUrl>
			<Point>
				<extrude>1</extrude>
				<altitudeMode>absolute</altitudeMode>
				<gx:drawOrder>1</gx:drawOrder>
				<coordinates>6.633365,50.010777,1849 </coordinates>
			</Point>
		</Placemark><Placemark>
			<name>15.7kn - 188° - 1841m - 03:00:00 15/09 UTC</name>
			<styleUrl>#msn_open-diamond</styleUrl>
			<Point>
				<extrude>1</extrude>
				<altitudeMode>absolute</altitudeMode>
				<gx:drawOrder>1</gx:drawOrder>
				<coordinates>6.639003,50.032185,1841 </coordinates>
			</Point>
		</Placemark><Placemark>
			<name>15.1kn - 187° - 1908m - 02:55:00 15/09 UTC</name>
			<styleUrl>#msn_open-diamond</styleUrl>
			<Point>
				<extrude>1</extrude>
				<altitudeMode>absolute</altitudeMode>
				<gx:drawOrder>1</gx:drawOrder>
				<coordinates>6.642903,50.053219,1908 </coordinates>
			</Point>
		</Placemark><Placemark>
			<name>14.0kn - 190° - 1799m - 02:50:00 15/09 UTC</name>
			<styleUrl>#msn_open-diamond</styleUrl>
			<Point>
				<extrude>1</extrude>
				<altitudeMode>absolute</altitudeMode>
				<gx:drawOrder>1</gx:drawOrder>
				<coordinates>6.647395,50.073288,1799 </coordinates>
			</Point>
		</Placemark><Placemark>
			<name>15.1kn - 190° - 1814m - 02:45:00 15/09 UTC</name>
			<styleUrl>#msn_open-diamond</styleUrl>
			<Point>
				<extrude>1</extrude>
				<altitudeMode>absolute</altitudeMode>
				<gx:drawOrder>1</gx:drawOrder>
				<coordinates>6.65312,50.093609,1814 </coordinates>
			</Point>
		</Placemark><Placemark>
			<name>14.0kn - 191° - 1824m - 02:40:00 15/09 UTC</name>
			<styleUrl>#msn_open-diamond</styleUrl>
			<Point>
				<extrude>1</extrude>
				<altitudeMode>absolute</altitudeMode>
				<gx:drawOrder>1</gx:drawOrder>
				<coordinates>6.659362,50.114349,1824 </coordinates>
			</Point>
		</Placemark><Placemark>
			<name>14.6kn - 192° - 1833m - 02:35:00 15/09 UTC</name>
			<styleUrl>#msn_open-diamond</styleUrl>
			<Point>
				<extrude>1</extrude>
				<altitudeMode>absolute</altitudeMode>
				<gx:drawOrder>1</gx:drawOrder>
				<coordinates>6.665495,50.13446,1833 </coordinates>
			</Point>
		</Placemark><Placemark>
			<name>13.5kn - 200° - 1855m - 02:30:00 15/09 UTC</name>
			<styleUrl>#msn_open-diamond</styleUrl>
			<Point>
				<extrude>1</extrude>
				<altitudeMode>absolute</altitudeMode>
				<gx:drawOrder>1</gx:drawOrder>
				<coordinates>6.674113,50.153797,1855 </coordinates>
			</Point>
		</Placemark><Placemark>
			<name>12.4kn - 206° - 1841m - 02:25:00 15/09 UTC</name>
			<styleUrl>#msn_open-diamond</styleUrl>
			<Point>
				<extrude>1</extrude>
				<altitudeMode>absolute</altitudeMode>
				<gx:drawOrder>1</gx:drawOrder>
				<coordinates>6.685825,50.170452,1841 </coordinates>
			</Point>
		</Placemark><Placemark>
			<name>13.5kn - 206° - 1826m - 02:20:00 15/09 UTC</name>
			<styleUrl>#msn_open-diamond</styleUrl>
			<Point>
				<extrude>1</extrude>
				<altitudeMode>absolute</altitudeMode>
				<gx:drawOrder>1</gx:drawOrder>
				<coordinates>6.698655,50.186806,1826 </coordinates>
			</Point>
		</Placemark><Placemark>
			<name>13.5kn - 209° - 1840m - 02:15:00 15/09 UTC</name>
			<styleUrl>#msn_open-diamond</styleUrl>
			<Point>
				<extrude>1</extrude>
				<altitudeMode>absolute</altitudeMode>
				<gx:drawOrder>1</gx:drawOrder>
				<coordinates>6.71284,50.203682,1840 </coordinates>
			</Point>
		</Placemark><Placemark>
			<name>13.5kn - 205° - 1824m - 02:10:02 15/09 UTC</name>
			<styleUrl>#msn_open-diamond</styleUrl>
			<Point>
				<extrude>1</extrude>
				<altitudeMode>absolute</altitudeMode>
				<gx:drawOrder>1</gx:drawOrder>
				<coordinates>6.726962,50.220715,1824 </coordinates>
			</Point>
		</Placemark><Placemark>
			<name>14.0kn - 205° - 1835m - 02:05:02 15/09 UTC</name>
			<styleUrl>#msn_open-diamond</styleUrl>
			<Point>
				<extrude>1</extrude>
				<altitudeMode>absolute</altitudeMode>
				<gx:drawOrder>1</gx:drawOrder>
				<coordinates>6.739637,50.238293,1835 </coordinates>
			</Point>
		</Placemark><Placemark>
			<name>14.0kn - 203° - 1817m - 02:00:02 15/09 UTC</name>
			<styleUrl>#msn_open-diamond</styleUrl>
			<Point>
				<extrude>1</extrude>
				<altitudeMode>absolute</altitudeMode>
				<gx:drawOrder>1</gx:drawOrder>
				<coordinates>6.7524,50.256241,1817 </coordinates>
			</Point>
		</Placemark><Placemark>
			<name>14.0kn - 204° - 1837m - 01:55:02 15/09 UTC</name>
			<styleUrl>#msn_open-diamond</styleUrl>
			<Point>
				<extrude>1</extrude>
				<altitudeMode>absolute</altitudeMode>
				<gx:drawOrder>1</gx:drawOrder>
				<coordinates>6.764972,50.274021,1837 </coordinates>
			</Point>
		</Placemark><Placemark>
			<name>13.0kn - 204° - 1826m - 01:50:02 15/09 UTC</name>
			<styleUrl>#msn_open-diamond</styleUrl>
			<Point>
				<extrude>1</extrude>
				<altitudeMode>absolute</altitudeMode>
				<gx:drawOrder>1</gx:drawOrder>
				<coordinates>6.77763,50.291782,1826 </coordinates>
			</Point>
		</Placemark><Placemark>
			<name>13.5kn - 203° - 1841m - 01:45:02 15/09 UTC</name>
			<styleUrl>#msn_open-diamond</styleUrl>
			<Point>
				<extrude>1</extrude>
				<altitudeMode>absolute</altitudeMode>
				<gx:drawOrder>1</gx:drawOrder>
				<coordinates>6.78953,50.308411,1841 </coordinates>
			</Point>
		</Placemark><Placemark>
			<name>13.0kn - 202° - 1856m - 01:40:02 15/09 UTC</name>
			<styleUrl>#msn_open-diamond</styleUrl>
			<Point>
				<extrude>1</extrude>
				<altitudeMode>absolute</altitudeMode>
				<gx:drawOrder>1</gx:drawOrder>
				<coordinates>6.800735,50.325634,1856 </coordinates>
			</Point>
		</Placemark><Placemark>
			<name>11.9kn - 201° - 1855m - 01:35:01 15/09 UTC</name>
			<styleUrl>#msn_open-diamond</styleUrl>
			<Point>
				<extrude>1</extrude>
				<altitudeMode>absolute</altitudeMode>
				<gx:drawOrder>1</gx:drawOrder>
				<coordinates>6.811392,50.34156,1855 </coordinates>
			</Point>
		</Placemark><Placemark>
			<name>14.6kn - 194° - 1832m - 01:30:01 15/09 UTC</name>
			<styleUrl>#msn_open-diamond</styleUrl>
			<Point>
				<extrude>1</extrude>
				<altitudeMode>absolute</altitudeMode>
				<gx:drawOrder>1</gx:drawOrder>
				<coordinates>6.82011,50.359543,1832 </coordinates>
			</Point>
		</Placemark><Placemark>
			<name>13.5kn - 194° - 1835m - 01:25:01 15/09 UTC</name>
			<styleUrl>#msn_open-diamond</styleUrl>
			<Point>
				<extrude>1</extrude>
				<altitudeMode>absolute</altitudeMode>
				<gx:drawOrder>1</gx:drawOrder>
				<coordinates>6.827595,50.379108,1835 </coordinates>
			</Point>
		</Placemark><Placemark>
			<name>13.5kn - 196° - 1829m - 01:20:01 15/09 UTC</name>
			<styleUrl>#msn_open-diamond</styleUrl>
			<Point>
				<extrude>1</extrude>
				<altitudeMode>absolute</altitudeMode>
				<gx:drawOrder>1</gx:drawOrder>
				<coordinates>6.835883,50.39703,1829 </coordinates>
			</Point>
		</Placemark><Placemark>
			<name>14.0kn - 199° - 1797m - 01:15:01 15/09 UTC</name>
			<styleUrl>#msn_open-diamond</styleUrl>
			<Point>
				<extrude>1</extrude>
				<altitudeMode>absolute</altitudeMode>
				<gx:drawOrder>1</gx:drawOrder>
				<coordinates>6.845449,50.415958,1797 </coordinates>
			</Point>
		</Placemark><Placemark>
			<name>14.0kn - 198° - 1806m - 01:10:01 15/09 UTC</name>
			<styleUrl>#msn_open-diamond</styleUrl>
			<Point>
				<extrude>1</extrude>
				<altitudeMode>absolute</altitudeMode>
				<gx:drawOrder>1</gx:drawOrder>
				<coordinates>6.855327,50.434864,1806 </coordinates>
			</Point>
		</Placemark><Placemark>
			<name>15.1kn - 199° - 1784m - 01:05:01 15/09 UTC</name>
			<styleUrl>#msn_open-diamond</styleUrl>
			<Point>
				<extrude>1</extrude>
				<altitudeMode>absolute</altitudeMode>
				<gx:drawOrder>1</gx:drawOrder>
				<coordinates>6.866192,50.454346,1784 </coordinates>
			</Point>
		</Placemark><Placemark>
			<name>14.0kn - 196° - 1781m - 00:55:01 15/09 UTC</name>
			<styleUrl>#msn_open-diamond</styleUrl>
			<Point>
				<extrude>1</extrude>
				<altitudeMode>absolute</altitudeMode>
				<gx:drawOrder>1</gx:drawOrder>
				<coordinates>6.888512,50.490971,1781 </coordinates>
			</Point>
		</Placemark><Placemark>
			<name>14.6kn - 203° - 1643m - 00:45:01 15/09 UTC</name>
			<styleUrl>#msn_open-diamond</styleUrl>
			<Point>
				<extrude>1</extrude>
				<altitudeMode>absolute</altitudeMode>
				<gx:drawOrder>1</gx:drawOrder>
				<coordinates>6.905668,50.5313,1643 </coordinates>
			</Point>
		</Placemark><Placemark>
			<name>14.6kn - 196° - 1638m - 00:30:01 15/09 UTC</name>
			<styleUrl>#msn_open-diamond</styleUrl>
			<Point>
				<extrude>1</extrude>
				<altitudeMode>absolute</altitudeMode>
				<gx:drawOrder>1</gx:drawOrder>
				<coordinates>6.940512,50.589745,1638 </coordinates>
			</Point>
		</Placemark><Placemark>
			<name>13.0kn - 203° - 1597m - 00:20:01 15/09 UTC</name>
			<styleUrl>#msn_open-diamond</styleUrl>
			<Point>
				<extrude>1</extrude>
				<altitudeMode>absolute</altitudeMode>
				<gx:drawOrder>1</gx:drawOrder>
				<coordinates>6.959523,50.625828,1597 </coordinates>
			</Point>
		</Placemark><Placemark>
			<name>13.0kn - 203° - 1631m - 00:15:01 15/09 UTC</name>
			<styleUrl>#msn_open-diamond</styleUrl>
			<Point>
				<extrude>1</extrude>
				<altitudeMode>absolute</altitudeMode>
				<gx:drawOrder>1</gx:drawOrder>
				<coordinates>6.97113,50.642685,1631 </coordinates>
			</Point>
		</Placemark><Placemark>
			<name>13.0kn - 201° - 1638m - 00:10:01 15/09 UTC</name>
			<styleUrl>#msn_open-diamond</styleUrl>
			<Point>
				<extrude>1</extrude>
				<altitudeMode>absolute</altitudeMode>
				<gx:drawOrder>1</gx:drawOrder>
				<coordinates>6.982167,50.659813,1638 </coordinates>
			</Point>
		</Placemark><Placemark>
			<name>13.5kn - 198° - 1672m - 00:05:01 15/09 UTC</name>
			<styleUrl>#msn_open-diamond</styleUrl>
			<Point>
				<extrude>1</extrude>
				<altitudeMode>absolute</altitudeMode>
				<gx:drawOrder>1</gx:drawOrder>
				<coordinates>6.992165,50.677425,1672 </coordinates>
			</Point>
		</Placemark><Placemark>
			<name>14.6kn - 202° - 1686m - 00:00:01 15/09 UTC</name>
			<styleUrl>#msn_open-diamond</styleUrl>
			<Point>
				<extrude>1</extrude>
				<altitudeMode>absolute</altitudeMode>
				<gx:drawOrder>1</gx:drawOrder>
				<coordinates>7.002825,50.695591,1686 </coordinates>
			</Point>
		</Placemark><Placemark>
			<name>14.6kn - 202° - 1697m - 23:55:01 14/09 UTC</name>
			<styleUrl>#msn_open-diamond</styleUrl>
			<Point>
				<extrude>1</extrude>
				<altitudeMode>absolute</altitudeMode>
				<gx:drawOrder>1</gx:drawOrder>
				<coordinates>7.015187,50.71484,1697 </coordinates>
			</Point>
		</Placemark><Placemark>
			<name>14.6kn - 205° - 1704m - 23:50:01 14/09 UTC</name>
			<styleUrl>#msn_open-diamond</styleUrl>
			<Point>
				<extrude>1</extrude>
				<altitudeMode>absolute</altitudeMode>
				<gx:drawOrder>1</gx:drawOrder>
				<coordinates>7.02872,50.733791,1704 </coordinates>
			</Point>
		</Placemark><Placemark>
			<name>14.6kn - 204° - 1710m - 23:45:01 14/09 UTC</name>
			<styleUrl>#msn_open-diamond</styleUrl>
			<Point>
				<extrude>1</extrude>
				<altitudeMode>absolute</altitudeMode>
				<gx:drawOrder>1</gx:drawOrder>
				<coordinates>7.042537,50.752655,1710 </coordinates>
			</Point>
		</Placemark><Placemark>
			<name>14.6kn - 202° - 1741m - 23:40:01 14/09 UTC</name>
			<styleUrl>#msn_open-diamond</styleUrl>
			<Point>
				<extrude>1</extrude>
				<altitudeMode>absolute</altitudeMode>
				<gx:drawOrder>1</gx:drawOrder>
				<coordinates>7.055528,50.77195,1741 </coordinates>
			</Point>
		</Placemark><Placemark>
			<name>14.0kn - 203° - 1774m - 23:35:01 14/09 UTC</name>
			<styleUrl>#msn_open-diamond</styleUrl>
			<Point>
				<extrude>1</extrude>
				<altitudeMode>absolute</altitudeMode>
				<gx:drawOrder>1</gx:drawOrder>
				<coordinates>7.06851,50.790569,1774 </coordinates>
			</Point>
		</Placemark><Placemark>
			<name>14.0kn - 204° - 1780m - 23:30:01 14/09 UTC</name>
			<styleUrl>#msn_open-diamond</styleUrl>
			<Point>
				<extrude>1</extrude>
				<altitudeMode>absolute</altitudeMode>
				<gx:drawOrder>1</gx:drawOrder>
				<coordinates>7.081282,50.808975,1780 </coordinates>
			</Point>
		</Placemark><Placemark>
			<name>13.5kn - 202° - 1807m - 23:25:01 14/09 UTC</name>
			<styleUrl>#msn_open-diamond</styleUrl>
			<Point>
				<extrude>1</extrude>
				<altitudeMode>absolute</altitudeMode>
				<gx:drawOrder>1</gx:drawOrder>
				<coordinates>7.09295,50.826824,1807 </coordinates>
			</Point>
		</Placemark><Placemark>
			<name>12.4kn - 209° - 1828m - 23:20:01 14/09 UTC</name>
			<styleUrl>#msn_open-diamond</styleUrl>
			<Point>
				<extrude>1</extrude>
				<altitudeMode>absolute</altitudeMode>
				<gx:drawOrder>1</gx:drawOrder>
				<coordinates>7.105408,50.843514,1828 </coordinates>
			</Point>
		</Placemark><Placemark>
			<name>13.0kn - 207° - 1828m - 23:15:01 14/09 UTC</name>
			<styleUrl>#msn_open-diamond</styleUrl>
			<Point>
				<extrude>1</extrude>
				<altitudeMode>absolute</altitudeMode>
				<gx:drawOrder>1</gx:drawOrder>
				<coordinates>7.119019,50.859474,1828 </coordinates>
			</Point>
		</Placemark><Placemark>
			<name>14.0kn - 204° - 1825m - 23:10:01 14/09 UTC</name>
			<styleUrl>#msn_open-diamond</styleUrl>
			<Point>
				<extrude>1</extrude>
				<altitudeMode>absolute</altitudeMode>
				<gx:drawOrder>1</gx:drawOrder>
				<coordinates>7.133108,50.876793,1825 </coordinates>
			</Point>
		</Placemark><Placemark>
			<name>13.0kn - 207° - 1841m - 23:05:01 14/09 UTC</name>
			<styleUrl>#msn_open-diamond</styleUrl>
			<Point>
				<extrude>1</extrude>
				<altitudeMode>absolute</altitudeMode>
				<gx:drawOrder>1</gx:drawOrder>
				<coordinates>7.146353,50.893898,1841 </coordinates>
			</Point>
		</Placemark><Placemark>
			<name>13.5kn - 208° - 1854m - 23:00:01 14/09 UTC</name>
			<styleUrl>#msn_open-diamond</styleUrl>
			<Point>
				<extrude>1</extrude>
				<altitudeMode>absolute</altitudeMode>
				<gx:drawOrder>1</gx:drawOrder>
				<coordinates>7.160793,50.910584,1854 </coordinates>
			</Point>
		</Placemark><Placemark>
			<name>14.0kn - 208° - 1898m - 22:55:00 14/09 UTC</name>
			<styleUrl>#msn_open-diamond</styleUrl>
			<Point>
				<extrude>1</extrude>
				<altitudeMode>absolute</altitudeMode>
				<gx:drawOrder>1</gx:drawOrder>
				<coordinates>7.175252,50.927952,1898 </coordinates>
			</Point>
		</Placemark><Placemark>
			<name>14.0kn - 206° - 1876m - 22:50:00 14/09 UTC</name>
			<styleUrl>#msn_open-diamond</styleUrl>
			<Point>
				<extrude>1</extrude>
				<altitudeMode>absolute</altitudeMode>
				<gx:drawOrder>1</gx:drawOrder>
				<coordinates>7.189925,50.945667,1876 </coordinates>
			</Point>
		</Placemark><Placemark>
			<name>14.0kn - 204° - 1864m - 22:45:00 14/09 UTC</name>
			<styleUrl>#msn_open-diamond</styleUrl>
			<Point>
				<extrude>1</extrude>
				<altitudeMode>absolute</altitudeMode>
				<gx:drawOrder>1</gx:drawOrder>
				<coordinates>7.203285,50.963631,1864 </coordinates>
			</Point>
		</Placemark><Placemark>
			<name>14.6kn - 204° - 1845m - 22:40:00 14/09 UTC</name>
			<styleUrl>#msn_open-diamond</styleUrl>
			<Point>
				<extrude>1</extrude>
				<altitudeMode>absolute</altitudeMode>
				<gx:drawOrder>1</gx:drawOrder>
				<coordinates>7.216475,50.98214,1845 </coordinates>
			</Point>
		</Placemark><Placemark>
			<name>13.5kn - 204° - 1858m - 22:35:00 14/09 UTC</name>
			<styleUrl>#msn_open-diamond</styleUrl>
			<Point>
				<extrude>1</extrude>
				<altitudeMode>absolute</altitudeMode>
				<gx:drawOrder>1</gx:drawOrder>
				<coordinates>7.229227,51.00016,1858 </coordinates>
			</Point>
		</Placemark><Placemark>
			<name>13.0kn - 208° - 1869m - 22:30:00 14/09 UTC</name>
			<styleUrl>#msn_open-diamond</styleUrl>
			<Point>
				<extrude>1</extrude>
				<altitudeMode>absolute</altitudeMode>
				<gx:drawOrder>1</gx:drawOrder>
				<coordinates>7.242106,51.016987,1869 </coordinates>
			</Point>
		</Placemark><Placemark>
			<name>13.5kn - 207° - 1870m - 22:25:00 14/09 UTC</name>
			<styleUrl>#msn_open-diamond</styleUrl>
			<Point>
				<extrude>1</extrude>
				<altitudeMode>absolute</altitudeMode>
				<gx:drawOrder>1</gx:drawOrder>
				<coordinates>7.25653,51.033596,1870 </coordinates>
			</Point>
		</Placemark><Placemark>
			<name>14.6kn - 204° - 1854m - 22:20:00 14/09 UTC</name>
			<styleUrl>#msn_open-diamond</styleUrl>
			<Point>
				<extrude>1</extrude>
				<altitudeMode>absolute</altitudeMode>
				<gx:drawOrder>1</gx:drawOrder>
				<coordinates>7.26964,51.051243,1854 </coordinates>
			</Point>
		</Placemark><Placemark>
			<name>14.6kn - 202° - 1850m - 22:15:00 14/09 UTC</name>
			<styleUrl>#msn_open-diamond</styleUrl>
			<Point>
				<extrude>1</extrude>
				<altitudeMode>absolute</altitudeMode>
				<gx:drawOrder>1</gx:drawOrder>
				<coordinates>7.282474,51.070137,1850 </coordinates>
			</Point>
		</Placemark><Placemark>
			<name>14.6kn - 204° - 1877m - 22:10:00 14/09 UTC</name>
			<styleUrl>#msn_open-diamond</styleUrl>
			<Point>
				<extrude>1</extrude>
				<altitudeMode>absolute</altitudeMode>
				<gx:drawOrder>1</gx:drawOrder>
				<coordinates>7.295637,51.088993,1877 </coordinates>
			</Point>
		</Placemark><Placemark>
			<name>14.6kn - 204° - 1894m - 22:05:00 14/09 UTC</name>
			<styleUrl>#msn_open-diamond</styleUrl>
			<Point>
				<extrude>1</extrude>
				<altitudeMode>absolute</altitudeMode>
				<gx:drawOrder>1</gx:drawOrder>
				<coordinates>7.30874,51.107533,1894 </coordinates>
			</Point>
		</Placemark><Placemark>
			<name>14.6kn - 205° - 1879m - 22:00:00 14/09 UTC</name>
			<styleUrl>#msn_open-diamond</styleUrl>
			<Point>
				<extrude>1</extrude>
				<altitudeMode>absolute</altitudeMode>
				<gx:drawOrder>1</gx:drawOrder>
				<coordinates>7.32191,51.126034,1879 </coordinates>
			</Point>
		</Placemark><Placemark>
			<name>14.0kn - 203° - 1844m - 21:55:00 14/09 UTC</name>
			<styleUrl>#msn_open-diamond</styleUrl>
			<Point>
				<extrude>1</extrude>
				<altitudeMode>absolute</altitudeMode>
				<gx:drawOrder>1</gx:drawOrder>
				<coordinates>7.335022,51.144405,1844 </coordinates>
			</Point>
		</Placemark><Placemark>
			<name>14.0kn - 201° - 1842m - 21:50:00 14/09 UTC</name>
			<styleUrl>#msn_open-diamond</styleUrl>
			<Point>
				<extrude>1</extrude>
				<altitudeMode>absolute</altitudeMode>
				<gx:drawOrder>1</gx:drawOrder>
				<coordinates>7.347042,51.162766,1842 </coordinates>
			</Point>
		</Placemark><Placemark>
			<name>14.0kn - 196° - 1836m - 21:45:00 14/09 UTC</name>
			<styleUrl>#msn_open-diamond</styleUrl>
			<Point>
				<extrude>1</extrude>
				<altitudeMode>absolute</altitudeMode>
				<gx:drawOrder>1</gx:drawOrder>
				<coordinates>7.357852,51.181084,1836 </coordinates>
			</Point>
		</Placemark><Placemark>
			<name>15.7kn - 194° - 1818m - 21:40:00 14/09 UTC</name>
			<styleUrl>#msn_open-diamond</styleUrl>
			<Point>
				<extrude>1</extrude>
				<altitudeMode>absolute</altitudeMode>
				<gx:drawOrder>1</gx:drawOrder>
				<coordinates>7.36673,51.201122,1818 </coordinates>
			</Point>
		</Placemark><Placemark>
			<name>15.7kn - 194° - 1801m - 21:35:00 14/09 UTC</name>
			<styleUrl>#msn_open-diamond</styleUrl>
			<Point>
				<extrude>1</extrude>
				<altitudeMode>absolute</altitudeMode>
				<gx:drawOrder>1</gx:drawOrder>
				<coordinates>7.375138,51.222225,1801 </coordinates>
			</Point>
		</Placemark><Placemark>
			<name>16.7kn - 199° - 1810m - 21:30:00 14/09 UTC</name>
			<styleUrl>#msn_open-diamond</styleUrl>
			<Point>
				<extrude>1</extrude>
				<altitudeMode>absolute</altitudeMode>
				<gx:drawOrder>1</gx:drawOrder>
				<coordinates>7.38643,51.243988,1810 </coordinates>
			</Point>
		</Placemark><Placemark>
			<name>16.7kn - 193° - 1779m - 21:25:00 14/09 UTC</name>
			<styleUrl>#msn_open-diamond</styleUrl>
			<Point>
				<extrude>1</extrude>
				<altitudeMode>absolute</altitudeMode>
				<gx:drawOrder>1</gx:drawOrder>
				<coordinates>7.397255,51.266258,1779 </coordinates>
			</Point>
		</Placemark><Placemark>
			<name>15.1kn - 194° - 1713m - 21:20:00 14/09 UTC</name>
			<styleUrl>#msn_open-diamond</styleUrl>
			<Point>
				<extrude>1</extrude>
				<altitudeMode>absolute</altitudeMode>
				<gx:drawOrder>1</gx:drawOrder>
				<coordinates>7.406123,51.287697,1713 </coordinates>
			</Point>
		</Placemark><Placemark>
			<name>15.1kn - 197° - 1727m - 21:15:00 14/09 UTC</name>
			<styleUrl>#msn_open-diamond</styleUrl>
			<Point>
				<extrude>1</extrude>
				<altitudeMode>absolute</altitudeMode>
				<gx:drawOrder>1</gx:drawOrder>
				<coordinates>7.41555,51.308167,1727 </coordinates>
			</Point>
		</Placemark><Placemark>
			<name>16.2kn - 194° - 1730m - 21:10:00 14/09 UTC</name>
			<styleUrl>#msn_open-diamond</styleUrl>
			<Point>
				<extrude>1</extrude>
				<altitudeMode>absolute</altitudeMode>
				<gx:drawOrder>1</gx:drawOrder>
				<coordinates>7.42598,51.3293,1730 </coordinates>
			</Point>
		</Placemark><Placemark>
			<name>16.2kn - 195° - 1751m - 21:05:00 14/09 UTC</name>
			<styleUrl>#msn_open-diamond</styleUrl>
			<Point>
				<extrude>1</extrude>
				<altitudeMode>absolute</altitudeMode>
				<gx:drawOrder>1</gx:drawOrder>
				<coordinates>7.435134,51.351646,1751 </coordinates>
			</Point>
		</Placemark><Placemark>
			<name>16.2kn - 194° - 1761m - 21:00:00 14/09 UTC</name>
			<styleUrl>#msn_open-diamond</styleUrl>
			<Point>
				<extrude>1</extrude>
				<altitudeMode>absolute</altitudeMode>
				<gx:drawOrder>1</gx:drawOrder>
				<coordinates>7.445473,51.373055,1761 </coordinates>
			</Point>
		</Placemark><Placemark>
			<name>15.7kn - 189° - 1757m - 20:55:00 14/09 UTC</name>
			<styleUrl>#msn_open-diamond</styleUrl>
			<Point>
				<extrude>1</extrude>
				<altitudeMode>absolute</altitudeMode>
				<gx:drawOrder>1</gx:drawOrder>
				<coordinates>7.4528,51.395138,1757 </coordinates>
			</Point>
		</Placemark><Placemark>
			<name>16.7kn - 190° - 1876m - 20:50:00 14/09 UTC</name>
			<styleUrl>#msn_open-diamond</styleUrl>
			<Point>
				<extrude>1</extrude>
				<altitudeMode>absolute</altitudeMode>
				<gx:drawOrder>1</gx:drawOrder>
				<coordinates>7.459902,51.417671,1876 </coordinates>
			</Point>
		</Placemark><Placemark>
			<name>15.7kn - 186° - 1761m - 20:45:00 14/09 UTC</name>
			<styleUrl>#msn_open-diamond</styleUrl>
			<Point>
				<extrude>1</extrude>
				<altitudeMode>absolute</altitudeMode>
				<gx:drawOrder>1</gx:drawOrder>
				<coordinates>7.464123,51.440987,1761 </coordinates>
			</Point>
		</Placemark><Placemark>
			<name>15.7kn - 187° - 1795m - 20:40:00 14/09 UTC</name>
			<styleUrl>#msn_open-diamond</styleUrl>
			<Point>
				<extrude>1</extrude>
				<altitudeMode>absolute</altitudeMode>
				<gx:drawOrder>1</gx:drawOrder>
				<coordinates>7.468585,51.462883,1795 </coordinates>
			</Point>
		</Placemark><Placemark>
			<name>16.2kn - 191° - 1808m - 20:35:00 14/09 UTC</name>
			<styleUrl>#msn_open-diamond</styleUrl>
			<Point>
				<extrude>1</extrude>
				<altitudeMode>absolute</altitudeMode>
				<gx:drawOrder>1</gx:drawOrder>
				<coordinates>7.474538,51.485195,1808 </coordinates>
			</Point>
		</Placemark><Placemark>
			<name>16.2kn - 195° - 1834m - 20:30:00 14/09 UTC</name>
			<styleUrl>#msn_open-diamond</styleUrl>
			<Point>
				<extrude>1</extrude>
				<altitudeMode>absolute</altitudeMode>
				<gx:drawOrder>1</gx:drawOrder>
				<coordinates>7.483382,51.50798,1834 </coordinates>
			</Point>
		</Placemark><Placemark>
			<name>15.1kn - 194° - 1829m - 20:25:00 14/09 UTC</name>
			<styleUrl>#msn_open-diamond</styleUrl>
			<Point>
				<extrude>1</extrude>
				<altitudeMode>absolute</altitudeMode>
				<gx:drawOrder>1</gx:drawOrder>
				<coordinates>7.491917,51.529633,1829 </coordinates>
			</Point>
		</Placemark><Placemark>
			<name>15.1kn - 199° - 1817m - 20:20:00 14/09 UTC</name>
			<styleUrl>#msn_open-diamond</styleUrl>
			<Point>
				<extrude>1</extrude>
				<altitudeMode>absolute</altitudeMode>
				<gx:drawOrder>1</gx:drawOrder>
				<coordinates>7.502353,51.549885,1817 </coordinates>
			</Point>
		</Placemark><Placemark>
			<name>15.7kn - 200° - 1816m - 20:15:00 14/09 UTC</name>
			<styleUrl>#msn_open-diamond</styleUrl>
			<Point>
				<extrude>1</extrude>
				<altitudeMode>absolute</altitudeMode>
				<gx:drawOrder>1</gx:drawOrder>
				<coordinates>7.514387,51.570278,1816 </coordinates>
			</Point>
		</Placemark><Placemark>
			<name>15.7kn - 203° - 1782m - 20:10:02 14/09 UTC</name>
			<styleUrl>#msn_open-diamond</styleUrl>
			<Point>
				<extrude>1</extrude>
				<altitudeMode>absolute</altitudeMode>
				<gx:drawOrder>1</gx:drawOrder>
				<coordinates>7.527022,51.590828,1782 </coordinates>
			</Point>
		</Placemark><Placemark>
			<name>15.1kn - 202° - 1807m - 20:05:02 14/09 UTC</name>
			<styleUrl>#msn_open-diamond</styleUrl>
			<Point>
				<extrude>1</extrude>
				<altitudeMode>absolute</altitudeMode>
				<gx:drawOrder>1</gx:drawOrder>
				<coordinates>7.54095,51.610851,1807 </coordinates>
			</Point>
		</Placemark><Placemark>
			<name>15.7kn - 201° - 1813m - 20:00:01 14/09 UTC</name>
			<styleUrl>#msn_open-diamond</styleUrl>
			<Point>
				<extrude>1</extrude>
				<altitudeMode>absolute</altitudeMode>
				<gx:drawOrder>1</gx:drawOrder>
				<coordinates>7.553824,51.63126,1813 </coordinates>
			</Point>
		</Placemark><Placemark>
			<name>15.7kn - 200° - 1811m - 19:55:01 14/09 UTC</name>
			<styleUrl>#msn_open-diamond</styleUrl>
			<Point>
				<extrude>1</extrude>
				<altitudeMode>absolute</altitudeMode>
				<gx:drawOrder>1</gx:drawOrder>
				<coordinates>7.566205,51.651516,1811 </coordinates>
			</Point>
		</Placemark><Placemark>
			<name>15.7kn - 202° - 1798m - 19:50:01 14/09 UTC</name>
			<styleUrl>#msn_open-diamond</styleUrl>
			<Point>
				<extrude>1</extrude>
				<altitudeMode>absolute</altitudeMode>
				<gx:drawOrder>1</gx:drawOrder>
				<coordinates>7.579333,51.672443,1798 </coordinates>
			</Point>
		</Placemark><Placemark>
			<name>15.1kn - 201° - 1791m - 19:45:01 14/09 UTC</name>
			<styleUrl>#msn_open-diamond</styleUrl>
			<Point>
				<extrude>1</extrude>
				<altitudeMode>absolute</altitudeMode>
				<gx:drawOrder>1</gx:drawOrder>
				<coordinates>7.593048,51.69231,1791 </coordinates>
			</Point>
		</Placemark><Placemark>
			<name>16.7kn - 197° - 1802m - 19:40:01 14/09 UTC</name>
			<styleUrl>#msn_open-diamond</styleUrl>
			<Point>
				<extrude>1</extrude>
				<altitudeMode>absolute</altitudeMode>
				<gx:drawOrder>1</gx:drawOrder>
				<coordinates>7.605092,51.713768,1802 </coordinates>
			</Point>
		</Placemark><Placemark>
			<name>16.7kn - 198° - 1787m - 19:35:01 14/09 UTC</name>
			<styleUrl>#msn_open-diamond</styleUrl>
			<Point>
				<extrude>1</extrude>
				<altitudeMode>absolute</altitudeMode>
				<gx:drawOrder>1</gx:drawOrder>
				<coordinates>7.616512,51.736,1787 </coordinates>
			</Point>
		</Placemark><Placemark>
			<name>16.2kn - 196° - 1782m - 19:30:01 14/09 UTC</name>
			<styleUrl>#msn_open-diamond</styleUrl>
			<Point>
				<extrude>1</extrude>
				<altitudeMode>absolute</altitudeMode>
				<gx:drawOrder>1</gx:drawOrder>
				<coordinates>7.628178,51.757958,1782 </coordinates>
			</Point>
		</Placemark><Placemark>
			<name>17.3kn - 198° - 1780m - 19:25:01 14/09 UTC</name>
			<styleUrl>#msn_open-diamond</styleUrl>
			<Point>
				<extrude>1</extrude>
				<altitudeMode>absolute</altitudeMode>
				<gx:drawOrder>1</gx:drawOrder>
				<coordinates>7.63933,51.780491,1780 </coordinates>
			</Point>
		</Placemark><Placemark>
			<name>15.1kn - 189° - 1754m - 19:20:01 14/09 UTC</name>
			<styleUrl>#msn_open-diamond</styleUrl>
			<Point>
				<extrude>1</extrude>
				<altitudeMode>absolute</altitudeMode>
				<gx:drawOrder>1</gx:drawOrder>
				<coordinates>7.647962,51.802773,1754 </coordinates>
			</Point>
		</Placemark><Placemark>
			<name>16.2kn - 193° - 1725m - 19:15:01 14/09 UTC</name>
			<styleUrl>#msn_open-diamond</styleUrl>
			<Point>
				<extrude>1</extrude>
				<altitudeMode>absolute</altitudeMode>
				<gx:drawOrder>1</gx:drawOrder>
				<coordinates>7.655561,51.82415,1725 </coordinates>
			</Point>
		</Placemark><Placemark>
			<name>15.7kn - 189° - 1697m - 19:10:01 14/09 UTC</name>
			<styleUrl>#msn_open-diamond</styleUrl>
			<Point>
				<extrude>1</extrude>
				<altitudeMode>absolute</altitudeMode>
				<gx:drawOrder>1</gx:drawOrder>
				<coordinates>7.663602,51.846169,1697 </coordinates>
			</Point>
		</Placemark><Placemark>
			<name>16.2kn - 187° - 1693m - 19:05:01 14/09 UTC</name>
			<styleUrl>#msn_open-diamond</styleUrl>
			<Point>
				<extrude>1</extrude>
				<altitudeMode>absolute</altitudeMode>
				<gx:drawOrder>1</gx:drawOrder>
				<coordinates>7.669305,51.868515,1693 </coordinates>
			</Point>
		</Placemark><Placemark>
			<name>13.5kn - 164° - 1553m - 19:00:01 14/09 UTC</name>
			<styleUrl>#msn_open-diamond</styleUrl>
			<Point>
				<extrude>1</extrude>
				<altitudeMode>absolute</altitudeMode>
				<gx:drawOrder>1</gx:drawOrder>
				<coordinates>7.664677,51.887734,1553 </coordinates>
			</Point>
		</Placemark><Placemark>
			<name>11.9kn - 162° - 1315m - 18:55:01 14/09 UTC</name>
			<styleUrl>#msn_open-diamond</styleUrl>
			<Point>
				<extrude>1</extrude>
				<altitudeMode>absolute</altitudeMode>
				<gx:drawOrder>1</gx:drawOrder>
				<coordinates>7.658417,51.904762,1315 </coordinates>
			</Point>
		</Placemark><Placemark>
			<name>14.0kn - 159° - 1086m - 18:50:01 14/09 UTC</name>
			<styleUrl>#msn_open-diamond</styleUrl>
			<Point>
				<extrude>1</extrude>
				<altitudeMode>absolute</altitudeMode>
				<gx:drawOrder>1</gx:drawOrder>
				<coordinates>7.64875,51.921425,1086 </coordinates>
			</Point>
		</Placemark><Placemark>
			<name>11.9kn - 158° - 867m - 18:45:01 14/09 UTC</name>
			<styleUrl>#msn_open-diamond</styleUrl>
			<Point>
				<extrude>1</extrude>
				<altitudeMode>absolute</altitudeMode>
				<gx:drawOrder>1</gx:drawOrder>
				<coordinates>7.63781,51.939098,867 </coordinates>
			</Point>
		</Placemark><Placemark>
			<name>13.5kn - 147° - 581m - 18:40:01 14/09 UTC</name>
			<styleUrl>#msn_open-diamond</styleUrl>
			<Point>
				<extrude>1</extrude>
				<altitudeMode>absolute</altitudeMode>
				<gx:drawOrder>1</gx:drawOrder>
				<coordinates>7.625942,51.955067,581 </coordinates>
			</Point>
		</Placemark><Placemark>
			<name>5.4kn - 129° - 98m - 18:36:41 14/09 UTC</name>
			<styleUrl>#msn_open-diamond</styleUrl>
			<Point>
				<extrude>1</extrude>
				<altitudeMode>absolute</altitudeMode>
				<gx:drawOrder>1</gx:drawOrder>
				<coordinates>7.615943,51.963444,98 </coordinates>
			</Point>
		</Placemark><Placemark>
			<name>0.5kn - 91° - 49m - 18:35:01 14/09 UTC</name>
			<styleUrl>#msn_open-diamond</styleUrl>
			<Point>
				<extrude>1</extrude>
				<altitudeMode>absolute</altitudeMode>
				<gx:drawOrder>1</gx:drawOrder>
				<coordinates>7.615615,51.963551,49 </coordinates>
			</Point>
		</Placemark><Placemark>
			<name>0.0kn - 110° - 50m - 18:30:01 14/09 UTC</name>
			<styleUrl>#msn_open-diamond</styleUrl>
			<Point>
				<extrude>1</extrude>
				<altitudeMode>absolute</altitudeMode>
				<gx:drawOrder>1</gx:drawOrder>
				<coordinates>7.61476,51.963604,50 </coordinates>
			</Point>
		</Placemark><Placemark>
			<name>0.0kn - 110° - 50m - 18:25:01 14/09 UTC</name>
			<styleUrl>#msn_open-diamond</styleUrl>
			<Point>
				<extrude>1</extrude>
				<altitudeMode>absolute</altitudeMode>
				<gx:drawOrder>1</gx:drawOrder>
				<coordinates>7.61476,51.963604,50 </coordinates>
			</Point>
		</Placemark><Placemark>
			<name>0.0kn - 116° - 55m - 18:20:01 14/09 UTC</name>
			<styleUrl>#msn_open-diamond</styleUrl>
			<Point>
				<extrude>1</extrude>
				<altitudeMode>absolute</altitudeMode>
				<gx:drawOrder>1</gx:drawOrder>
				<coordinates>7.614707,51.963646,55 </coordinates>
			</Point>
		</Placemark><Placemark>
			<name>0.0kn - 116° - 55m - 18:15:01 14/09 UTC</name>
			<styleUrl>#msn_open-diamond</styleUrl>
			<Point>
				<extrude>1</extrude>
				<altitudeMode>absolute</altitudeMode>
				<gx:drawOrder>1</gx:drawOrder>
				<coordinates>7.614707,51.963646,55 </coordinates>
			</Point>
		</Placemark><Placemark>
			<name>0.0kn - 116° - 55m - 18:10:01 14/09 UTC</name>
			<styleUrl>#msn_open-diamond</styleUrl>
			<Point>
				<extrude>1</extrude>
				<altitudeMode>absolute</altitudeMode>
				<gx:drawOrder>1</gx:drawOrder>
				<coordinates>7.614707,51.963646,55 </coordinates>
			</Point>
		</Placemark><Placemark>
			<name>0.0kn - 116° - 55m - 18:05:01 14/09 UTC</name>
			<styleUrl>#msn_open-diamond</styleUrl>
			<Point>
				<extrude>1</extrude>
				<altitudeMode>absolute</altitudeMode>
				<gx:drawOrder>1</gx:drawOrder>
				<coordinates>7.614707,51.963646,55 </coordinates>
			</Point>
		</Placemark><Placemark>
			<name>0.0kn - 146° - 61m - 18:00:01 14/09 UTC</name>
			<styleUrl>#msn_open-diamond</styleUrl>
			<Point>
				<extrude>1</extrude>
				<altitudeMode>absolute</altitudeMode>
				<gx:drawOrder>1</gx:drawOrder>
				<coordinates>7.614635,51.963627,61 </coordinates>
			</Point>
		</Placemark><Placemark>
			<name>0.0kn - 146° - 61m - 17:55:01 14/09 UTC</name>
			<styleUrl>#msn_open-diamond</styleUrl>
			<Point>
				<extrude>1</extrude>
				<altitudeMode>absolute</altitudeMode>
				<gx:drawOrder>1</gx:drawOrder>
				<coordinates>7.614635,51.963627,61 </coordinates>
			</Point>
		</Placemark><Placemark>
			<name>0.0kn - 146° - 61m - 17:50:01 14/09 UTC</name>
			<styleUrl>#msn_open-diamond</styleUrl>
			<Point>
				<extrude>1</extrude>
				<altitudeMode>absolute</altitudeMode>
				<gx:drawOrder>1</gx:drawOrder>
				<coordinates>7.614635,51.963627,61 </coordinates>
			</Point>
		</Placemark><Placemark>
			<name>0.0kn - 146° - 61m - 17:45:01 14/09 UTC</name>
			<styleUrl>#msn_open-diamond</styleUrl>
			<Point>
				<extrude>1</extrude>
				<altitudeMode>absolute</altitudeMode>
				<gx:drawOrder>1</gx:drawOrder>
				<coordinates>7.614635,51.963627,61 </coordinates>
			</Point>
		</Placemark><Placemark>
			<name>0.0kn - 146° - 61m - 17:40:01 14/09 UTC</name>
			<styleUrl>#msn_open-diamond</styleUrl>
			<Point>
				<extrude>1</extrude>
				<altitudeMode>absolute</altitudeMode>
				<gx:drawOrder>1</gx:drawOrder>
				<coordinates>7.614635,51.963627,61 </coordinates>
			</Point>
		</Placemark><Placemark>
			<name>0.0kn - 146° - 61m - 17:35:01 14/09 UTC</name>
			<styleUrl>#msn_open-diamond</styleUrl>
			<Point>
				<extrude>1</extrude>
				<altitudeMode>absolute</altitudeMode>
				<gx:drawOrder>1</gx:drawOrder>
				<coordinates>7.614635,51.963627,61 </coordinates>
			</Point>
		</Placemark><Placemark>
			<name>0.0kn - 146° - 61m - 17:30:01 14/09 UTC</name>
			<styleUrl>#msn_open-diamond</styleUrl>
			<Point>
				<extrude>1</extrude>
				<altitudeMode>absolute</altitudeMode>
				<gx:drawOrder>1</gx:drawOrder>
				<coordinates>7.614635,51.963627,61 </coordinates>
			</Point>
		</Placemark><Placemark>
			<name>0.0kn - 146° - 61m - 17:25:01 14/09 UTC</name>
			<styleUrl>#msn_open-diamond</styleUrl>
			<Point>
				<extrude>1</extrude>
				<altitudeMode>absolute</altitudeMode>
				<gx:drawOrder>1</gx:drawOrder>
				<coordinates>7.614635,51.963627,61 </coordinates>
			</Point>
		</Placemark><Placemark>
			<name>0.0kn - 332° - 70m - 17:20:01 14/09 UTC</name>
			<styleUrl>#msn_open-diamond</styleUrl>
			<Point>
				<extrude>1</extrude>
				<altitudeMode>absolute</altitudeMode>
				<gx:drawOrder>1</gx:drawOrder>
				<coordinates>7.614727,51.963558,70 </coordinates>
			</Point>
		</Placemark><Placemark>
			<name>0.0kn - 332° - 70m - 17:15:01 14/09 UTC</name>
			<styleUrl>#msn_open-diamond</styleUrl>
			<Point>
				<extrude>1</extrude>
				<altitudeMode>absolute</altitudeMode>
				<gx:drawOrder>1</gx:drawOrder>
				<coordinates>7.614727,51.963558,70 </coordinates>
			</Point>
		</Placemark><Placemark>
			<name>0.0kn - 332° - 70m - 17:10:01 14/09 UTC</name>
			<styleUrl>#msn_open-diamond</styleUrl>
			<Point>
				<extrude>1</extrude>
				<altitudeMode>absolute</altitudeMode>
				<gx:drawOrder>1</gx:drawOrder>
				<coordinates>7.614727,51.963558,70 </coordinates>
			</Point>
		</Placemark><Placemark>
			<name>0.0kn - 333° - 70m - 17:05:00 14/09 UTC</name>
			<styleUrl>#msn_open-diamond</styleUrl>
			<Point>
				<extrude>1</extrude>
				<altitudeMode>absolute</altitudeMode>
				<gx:drawOrder>1</gx:drawOrder>
				<coordinates>7.614729,51.963554,70 </coordinates>
			</Point>
		</Placemark><Placemark>
			<name>0.0kn - 131° - 61m - 17:00:00 14/09 UTC</name>
			<styleUrl>#msn_open-diamond</styleUrl>
			<Point>
				<extrude>1</extrude>
				<altitudeMode>absolute</altitudeMode>
				<gx:drawOrder>1</gx:drawOrder>
				<coordinates>7.614823,51.963425,61 </coordinates>
			</Point>
		</Placemark><Placemark>
			<name>0.0kn - 131° - 61m - 16:55:00 14/09 UTC</name>
			<styleUrl>#msn_open-diamond</styleUrl>
			<Point>
				<extrude>1</extrude>
				<altitudeMode>absolute</altitudeMode>
				<gx:drawOrder>1</gx:drawOrder>
				<coordinates>7.614823,51.963425,61 </coordinates>
			</Point>
		</Placemark><Placemark>
			<name>0.0kn - 131° - 61m - 16:50:00 14/09 UTC</name>
			<styleUrl>#msn_open-diamond</styleUrl>
			<Point>
				<extrude>1</extrude>
				<altitudeMode>absolute</altitudeMode>
				<gx:drawOrder>1</gx:drawOrder>
				<coordinates>7.614823,51.963425,61 </coordinates>
			</Point>
		</Placemark><Placemark>
			<name>0.0kn - 131° - 61m - 16:45:00 14/09 UTC</name>
			<styleUrl>#msn_open-diamond</styleUrl>
			<Point>
				<extrude>1</extrude>
				<altitudeMode>absolute</altitudeMode>
				<gx:drawOrder>1</gx:drawOrder>
				<coordinates>7.614823,51.963425,61 </coordinates>
			</Point>
		</Placemark><Placemark>
			<name>0.0kn - 131° - 61m - 16:40:00 14/09 UTC</name>
			<styleUrl>#msn_open-diamond</styleUrl>
			<Point>
				<extrude>1</extrude>
				<altitudeMode>absolute</altitudeMode>
				<gx:drawOrder>1</gx:drawOrder>
				<coordinates>7.614823,51.963425,61 </coordinates>
			</Point>
		</Placemark><Placemark>
			<name>0.0kn - 60° - 61m - 16:30:00 14/09 UTC</name>
			<styleUrl>#msn_open-diamond</styleUrl>
			<Point>
				<extrude>1</extrude>
				<altitudeMode>absolute</altitudeMode>
				<gx:drawOrder>1</gx:drawOrder>
				<coordinates>7.614739,51.963444,61 </coordinates>
			</Point>
		</Placemark><Placemark>
			<name>0.0kn - 60° - 61m - 16:25:00 14/09 UTC</name>
			<styleUrl>#msn_open-diamond</styleUrl>
			<Point>
				<extrude>1</extrude>
				<altitudeMode>absolute</altitudeMode>
				<gx:drawOrder>1</gx:drawOrder>
				<coordinates>7.614739,51.963444,61 </coordinates>
			</Point>
		</Placemark><Placemark>
			<name>0.0kn - 60° - 61m - 16:20:00 14/09 UTC</name>
			<styleUrl>#msn_open-diamond</styleUrl>
			<Point>
				<extrude>1</extrude>
				<altitudeMode>absolute</altitudeMode>
				<gx:drawOrder>1</gx:drawOrder>
				<coordinates>7.614739,51.963444,61 </coordinates>
			</Point>
		</Placemark><Placemark>
			<name>0.0kn - 60° - 61m - 16:15:00 14/09 UTC</name>
			<styleUrl>#msn_open-diamond</styleUrl>
			<Point>
				<extrude>1</extrude>
				<altitudeMode>absolute</altitudeMode>
				<gx:drawOrder>1</gx:drawOrder>
				<coordinates>7.614739,51.963444,61 </coordinates>
			</Point>
		</Placemark><Placemark>
			<name>0.0kn - 60° - 61m - 16:10:00 14/09 UTC</name>
			<styleUrl>#msn_open-diamond</styleUrl>
			<Point>
				<extrude>1</extrude>
				<altitudeMode>absolute</altitudeMode>
				<gx:drawOrder>1</gx:drawOrder>
				<coordinates>7.614739,51.963444,61 </coordinates>
			</Point>
		</Placemark><Placemark>
			<name>0.0kn - 60° - 61m - 16:05:00 14/09 UTC</name>
			<styleUrl>#msn_open-diamond</styleUrl>
			<Point>
				<extrude>1</extrude>
				<altitudeMode>absolute</altitudeMode>
				<gx:drawOrder>1</gx:drawOrder>
				<coordinates>7.614739,51.963444,61 </coordinates>
			</Point>
		</Placemark><Placemark>
			<name>0.0kn - 60° - 61m - 16:00:00 14/09 UTC</name>
			<styleUrl>#msn_open-diamond</styleUrl>
			<Point>
				<extrude>1</extrude>
				<altitudeMode>absolute</altitudeMode>
				<gx:drawOrder>1</gx:drawOrder>
				<coordinates>7.614739,51.963444,61 </coordinates>
			</Point>
		</Placemark><Placemark>
			<name>0.0kn - 141° - 64m - 15:55:00 14/09 UTC</name>
			<styleUrl>#msn_open-diamond</styleUrl>
			<Point>
				<extrude>1</extrude>
				<altitudeMode>absolute</altitudeMode>
				<gx:drawOrder>1</gx:drawOrder>
				<coordinates>7.614667,51.96352,64 </coordinates>
			</Point>
		</Placemark><Placemark>
			<name>0.0kn - 141° - 64m - 15:50:00 14/09 UTC</name>
			<styleUrl>#msn_open-diamond</styleUrl>
			<Point>
				<extrude>1</extrude>
				<altitudeMode>absolute</altitudeMode>
				<gx:drawOrder>1</gx:drawOrder>
				<coordinates>7.614667,51.96352,64 </coordinates>
			</Point>
		</Placemark><Placemark>
			<name>0.0kn - 141° - 64m - 15:45:00 14/09 UTC</name>
			<styleUrl>#msn_open-diamond</styleUrl>
			<Point>
				<extrude>1</extrude>
				<altitudeMode>absolute</altitudeMode>
				<gx:drawOrder>1</gx:drawOrder>
				<coordinates>7.614667,51.96352,64 </coordinates>
			</Point>
		</Placemark><Placemark>
			<name>0.0kn - 141° - 64m - 15:40:00 14/09 UTC</name>
			<styleUrl>#msn_open-diamond</styleUrl>
			<Point>
				<extrude>1</extrude>
				<altitudeMode>absolute</altitudeMode>
				<gx:drawOrder>1</gx:drawOrder>
				<coordinates>7.614667,51.96352,64 </coordinates>
			</Point>
		</Placemark><Placemark>
			<name>0.0kn - 141° - 64m - 15:35:00 14/09 UTC</name>
			<styleUrl>#msn_open-diamond</styleUrl>
			<Point>
				<extrude>1</extrude>
				<altitudeMode>absolute</altitudeMode>
				<gx:drawOrder>1</gx:drawOrder>
				<coordinates>7.614667,51.96352,64 </coordinates>
			</Point>
		</Placemark><Placemark>
			<name>0.0kn - 141° - 64m - 15:30:00 14/09 UTC</name>
			<styleUrl>#msn_open-diamond</styleUrl>
			<Point>
				<extrude>1</extrude>
				<altitudeMode>absolute</altitudeMode>
				<gx:drawOrder>1</gx:drawOrder>
				<coordinates>7.614667,51.96352,64 </coordinates>
			</Point>
		</Placemark><Placemark>
			<name>0.0kn - 141° - 64m - 15:25:00 14/09 UTC</name>
			<styleUrl>#msn_open-diamond</styleUrl>
			<Point>
				<extrude>1</extrude>
				<altitudeMode>absolute</altitudeMode>
				<gx:drawOrder>1</gx:drawOrder>
				<coordinates>7.614667,51.96352,64 </coordinates>
			</Point>
		</Placemark><Placemark>
			<name>0.0kn - 141° - 64m - 15:20:00 14/09 UTC</name>
			<styleUrl>#msn_open-diamond</styleUrl>
			<Point>
				<extrude>1</extrude>
				<altitudeMode>absolute</altitudeMode>
				<gx:drawOrder>1</gx:drawOrder>
				<coordinates>7.614667,51.96352,64 </coordinates>
			</Point>
		</Placemark><Placemark>
			<name>0.0kn - 141° - 64m - 15:15:00 14/09 UTC</name>
			<styleUrl>#msn_open-diamond</styleUrl>
			<Point>
				<extrude>1</extrude>
				<altitudeMode>absolute</altitudeMode>
				<gx:drawOrder>1</gx:drawOrder>
				<coordinates>7.614667,51.96352,64 </coordinates>
			</Point>
		</Placemark><Placemark>
			<name>0.0kn - 141° - 64m - 15:10:00 14/09 UTC</name>
			<styleUrl>#msn_open-diamond</styleUrl>
			<Point>
				<extrude>1</extrude>
				<altitudeMode>absolute</altitudeMode>
				<gx:drawOrder>1</gx:drawOrder>
				<coordinates>7.614667,51.96352,64 </coordinates>
			</Point>
		</Placemark><Placemark>
			<name>0.0kn - 141° - 64m - 15:05:00 14/09 UTC</name>
			<styleUrl>#msn_open-diamond</styleUrl>
			<Point>
				<extrude>1</extrude>
				<altitudeMode>absolute</altitudeMode>
				<gx:drawOrder>1</gx:drawOrder>
				<coordinates>7.614667,51.96352,64 </coordinates>
			</Point>
		</Placemark><Placemark>
			<name>0.0kn - 141° - 64m - 15:00:00 14/09 UTC</name>
			<styleUrl>#msn_open-diamond</styleUrl>
			<Point>
				<extrude>1</extrude>
				<altitudeMode>absolute</altitudeMode>
				<gx:drawOrder>1</gx:drawOrder>
				<coordinates>7.614667,51.96352,64 </coordinates>
			</Point>
		</Placemark><Placemark>
			<name>0.0kn - 141° - 64m - 14:55:00 14/09 UTC</name>
			<styleUrl>#msn_open-diamond</styleUrl>
			<Point>
				<extrude>1</extrude>
				<altitudeMode>absolute</altitudeMode>
				<gx:drawOrder>1</gx:drawOrder>
				<coordinates>7.614667,51.96352,64 </coordinates>
			</Point>
		</Placemark><Placemark>
			<name>0.0kn - 141° - 64m - 14:50:00 14/09 UTC</name>
			<styleUrl>#msn_open-diamond</styleUrl>
			<Point>
				<extrude>1</extrude>
				<altitudeMode>absolute</altitudeMode>
				<gx:drawOrder>1</gx:drawOrder>
				<coordinates>7.614667,51.96352,64 </coordinates>
			</Point>
		</Placemark><Placemark>
			<name>0.0kn - 141° - 64m - 14:45:00 14/09 UTC</name>
			<styleUrl>#msn_open-diamond</styleUrl>
			<Point>
				<extrude>1</extrude>
				<altitudeMode>absolute</altitudeMode>
				<gx:drawOrder>1</gx:drawOrder>
				<coordinates>7.614667,51.96352,64 </coordinates>
			</Point>
		</Placemark><Placemark>
			<name>0.0kn - 141° - 64m - 14:40:00 14/09 UTC</name>
			<styleUrl>#msn_open-diamond</styleUrl>
			<Point>
				<extrude>1</extrude>
				<altitudeMode>absolute</altitudeMode>
				<gx:drawOrder>1</gx:drawOrder>
				<coordinates>7.614667,51.96352,64 </coordinates>
			</Point>
		</Placemark><Placemark>
			<name>0.0kn - 141° - 64m - 14:35:00 14/09 UTC</name>
			<styleUrl>#msn_open-diamond</styleUrl>
			<Point>
				<extrude>1</extrude>
				<altitudeMode>absolute</altitudeMode>
				<gx:drawOrder>1</gx:drawOrder>
				<coordinates>7.614667,51.96352,64 </coordinates>
			</Point>
		</Placemark><Placemark>
			<name>0.0kn - 141° - 64m - 14:30:00 14/09 UTC</name>
			<styleUrl>#msn_open-diamond</styleUrl>
			<Point>
				<extrude>1</extrude>
				<altitudeMode>absolute</altitudeMode>
				<gx:drawOrder>1</gx:drawOrder>
				<coordinates>7.614667,51.96352,64 </coordinates>
			</Point>
		</Placemark><Placemark>
			<name>0.0kn - 141° - 64m - 14:25:00 14/09 UTC</name>
			<styleUrl>#msn_open-diamond</styleUrl>
			<Point>
				<extrude>1</extrude>
				<altitudeMode>absolute</altitudeMode>
				<gx:drawOrder>1</gx:drawOrder>
				<coordinates>7.614667,51.96352,64 </coordinates>
			</Point>
		</Placemark><Placemark>
			<name>0.0kn - 141° - 64m - 14:23:42 14/09 UTC</name>
			<styleUrl>#msn_open-diamond</styleUrl>
			<Point>
				<extrude>1</extrude>
				<altitudeMode>absolute</altitudeMode>
				<gx:drawOrder>1</gx:drawOrder>
				<coordinates>7.614667,51.96352,64 </coordinates>
			</Point>
		</Placemark><Placemark>
			<name>0.0kn - 141° - 64m - 14:22:35 14/09 UTC</name>
			<styleUrl>#msn_open-diamond</styleUrl>
			<Point>
				<extrude>1</extrude>
				<altitudeMode>absolute</altitudeMode>
				<gx:drawOrder>1</gx:drawOrder>
				<coordinates>7.614667,51.96352,64 </coordinates>
			</Point>
		</Placemark><Placemark>
			<name>0.0kn - 141° - 64m - 14:20:00 14/09 UTC</name>
			<styleUrl>#msn_open-diamond</styleUrl>
			<Point>
				<extrude>1</extrude>
				<altitudeMode>absolute</altitudeMode>
				<gx:drawOrder>1</gx:drawOrder>
				<coordinates>7.614667,51.96352,64 </coordinates>
			</Point>
		</Placemark><Placemark>
			<name>0.0kn - 141° - 64m - 14:15:00 14/09 UTC</name>
			<styleUrl>#msn_open-diamond</styleUrl>
			<Point>
				<extrude>1</extrude>
				<altitudeMode>absolute</altitudeMode>
				<gx:drawOrder>1</gx:drawOrder>
				<coordinates>7.614667,51.96352,64 </coordinates>
			</Point>
		</Placemark><Placemark>
			<name>0.0kn - 141° - 64m - 14:10:00 14/09 UTC</name>
			<styleUrl>#msn_open-diamond</styleUrl>
			<Point>
				<extrude>1</extrude>
				<altitudeMode>absolute</altitudeMode>
				<gx:drawOrder>1</gx:drawOrder>
				<coordinates>7.614667,51.96352,64 </coordinates>
			</Point>
		</Placemark><Placemark>
			<name>0.5kn - 131° - 71m - 11:04:58 14/09 UTC</name>
			<styleUrl>#msn_open-diamond</styleUrl>
			<Point>
				<extrude>1</extrude>
				<altitudeMode>absolute</altitudeMode>
				<gx:drawOrder>1</gx:drawOrder>
				<coordinates>7.613888,51.963371,71 </coordinates>
			</Point>
		</Placemark><Placemark>
			<name>0.0kn - 217° - 86m - 17:25:06 13/09 UTC</name>
			<styleUrl>#msn_open-diamond</styleUrl>
			<Point>
				<extrude>1</extrude>
				<altitudeMode>absolute</altitudeMode>
				<gx:drawOrder>1</gx:drawOrder>
				<coordinates>7.613759,51.963463,86 </coordinates>
			</Point>
		</Placemark><Placemark>
			<name>0.5kn - 273° - 66m - 17:20:05 13/09 UTC</name>
			<styleUrl>#msn_open-diamond</styleUrl>
			<Point>
				<extrude>1</extrude>
				<altitudeMode>absolute</altitudeMode>
				<gx:drawOrder>1</gx:drawOrder>
				<coordinates>7.613625,51.963448,66 </coordinates>
			</Point>
		</Placemark><Placemark>
			<name>0.5kn - 283° - 79m - 17:15:05 13/09 UTC</name>
			<styleUrl>#msn_open-diamond</styleUrl>
			<Point>
				<extrude>1</extrude>
				<altitudeMode>absolute</altitudeMode>
				<gx:drawOrder>1</gx:drawOrder>
				<coordinates>7.613689,51.963478,79 </coordinates>
			</Point>
		</Placemark><Placemark>
			<name>0.0kn - 207° - 69m - 17:10:07 13/09 UTC</name>
			<styleUrl>#msn_open-diamond</styleUrl>
			<Point>
				<extrude>1</extrude>
				<altitudeMode>absolute</altitudeMode>
				<gx:drawOrder>1</gx:drawOrder>
				<coordinates>7.613793,51.96339,69 </coordinates>
			</Point>
		</Placemark><Placemark>
			<name>0.0kn - 276° - 69m - 17:05:06 13/09 UTC</name>
			<styleUrl>#msn_open-diamond</styleUrl>
			<Point>
				<extrude>1</extrude>
				<altitudeMode>absolute</altitudeMode>
				<gx:drawOrder>1</gx:drawOrder>
				<coordinates>7.613613,51.96344,69 </coordinates>
			</Point>
		</Placemark><Placemark>
			<name>0.0kn - 154° - 71m - 16:54:59 13/09 UTC</name>
			<styleUrl>#msn_open-diamond</styleUrl>
			<Point>
				<extrude>1</extrude>
				<altitudeMode>absolute</altitudeMode>
				<gx:drawOrder>1</gx:drawOrder>
				<coordinates>7.61405,51.963539,71 </coordinates>
			</Point>
		</Placemark><Placemark>
			<name>0.0kn - 293° - 70m - 16:50:08 13/09 UTC</name>
			<styleUrl>#msn_open-diamond</styleUrl>
			<Point>
				<extrude>1</extrude>
				<altitudeMode>absolute</altitudeMode>
				<gx:drawOrder>1</gx:drawOrder>
				<coordinates>7.614142,51.963348,70 </coordinates>
			</Point>
		</Placemark><Placemark>
			<name>0.0kn - 339° - 70m - 16:45:08 13/09 UTC</name>
			<styleUrl>#msn_open-diamond</styleUrl>
			<Point>
				<extrude>1</extrude>
				<altitudeMode>absolute</altitudeMode>
				<gx:drawOrder>1</gx:drawOrder>
				<coordinates>7.613962,51.963493,70 </coordinates>
			</Point>
		</Placemark><Placemark>
			<name>0.0kn - 66° - 69m - 16:40:08 13/09 UTC</name>
			<styleUrl>#msn_open-diamond</styleUrl>
			<Point>
				<extrude>1</extrude>
				<altitudeMode>absolute</altitudeMode>
				<gx:drawOrder>1</gx:drawOrder>
				<coordinates>7.613982,51.963593,69 </coordinates>
			</Point>
		</Placemark><Placemark>
			<name>0.0kn - 6° - 68m - 16:35:08 13/09 UTC</name>
			<styleUrl>#msn_open-diamond</styleUrl>
			<Point>
				<extrude>1</extrude>
				<altitudeMode>absolute</altitudeMode>
				<gx:drawOrder>1</gx:drawOrder>
				<coordinates>7.614012,51.963467,68 </coordinates>
			</Point>
		</Placemark><Placemark>
			<name>0.0kn - 134° - 68m - 16:30:07 13/09 UTC</name>
			<styleUrl>#msn_open-diamond</styleUrl>
			<Point>
				<extrude>1</extrude>
				<altitudeMode>absolute</altitudeMode>
				<gx:drawOrder>1</gx:drawOrder>
				<coordinates>7.613952,51.963577,68 </coordinates>
			</Point>
		</Placemark><Placemark>
			<name>0.0kn - 268° - 68m - 16:25:08 13/09 UTC</name>
			<styleUrl>#msn_open-diamond</styleUrl>
			<Point>
				<extrude>1</extrude>
				<altitudeMode>absolute</altitudeMode>
				<gx:drawOrder>1</gx:drawOrder>
				<coordinates>7.613995,51.963524,68 </coordinates>
			</Point>
		</Placemark><Placemark>
			<name>0.0kn - 4° - 68m - 16:20:06 13/09 UTC</name>
			<styleUrl>#msn_open-diamond</styleUrl>
			<Point>
				<extrude>1</extrude>
				<altitudeMode>absolute</altitudeMode>
				<gx:drawOrder>1</gx:drawOrder>
				<coordinates>7.613993,51.963585,68 </coordinates>
			</Point>
		</Placemark><Placemark>
			<name>0.0kn - 192° - 67m - 16:15:07 13/09 UTC</name>
			<styleUrl>#msn_open-diamond</styleUrl>
			<Point>
				<extrude>1</extrude>
				<altitudeMode>absolute</altitudeMode>
				<gx:drawOrder>1</gx:drawOrder>
				<coordinates>7.6141,51.963501,67 </coordinates>
			</Point>
		</Placemark><Placemark>
			<name>0.0kn - 218° - 69m - 16:10:09 13/09 UTC</name>
			<styleUrl>#msn_open-diamond</styleUrl>
			<Point>
				<extrude>1</extrude>
				<altitudeMode>absolute</altitudeMode>
				<gx:drawOrder>1</gx:drawOrder>
				<coordinates>7.61399,51.963551,69 </coordinates>
			</Point>
		</Placemark><Placemark>
			<name>0.0kn - 183° - 59m - 16:05:06 13/09 UTC</name>
			<styleUrl>#msn_open-diamond</styleUrl>
			<Point>
				<extrude>1</extrude>
				<altitudeMode>absolute</altitudeMode>
				<gx:drawOrder>1</gx:drawOrder>
				<coordinates>7.613914,51.963471,59 </coordinates>
			</Point>
		</Placemark><Placemark>
			<name>0.0kn - 295° - 70m - 16:00:05 13/09 UTC</name>
			<styleUrl>#msn_open-diamond</styleUrl>
			<Point>
				<extrude>1</extrude>
				<altitudeMode>absolute</altitudeMode>
				<gx:drawOrder>1</gx:drawOrder>
				<coordinates>7.614025,51.963558,70 </coordinates>
			</Point>
		</Placemark><Placemark>
			<name>0.0kn - 114° - 67m - 15:59:05 13/09 UTC</name>
			<styleUrl>#msn_open-diamond</styleUrl>
			<Point>
				<extrude>1</extrude>
				<altitudeMode>absolute</altitudeMode>
				<gx:drawOrder>1</gx:drawOrder>
				<coordinates>7.61401,51.963547,67 </coordinates>
			</Point>
		</Placemark><Placemark>
			<name>0.0kn - 323° - 64m - 15:58:06 13/09 UTC</name>
			<styleUrl>#msn_open-diamond</styleUrl>
			<Point>
				<extrude>1</extrude>
				<altitudeMode>absolute</altitudeMode>
				<gx:drawOrder>1</gx:drawOrder>
				<coordinates>7.613914,51.963493,64 </coordinates>
			</Point>
		</Placemark><Placemark>
			<name>0.0kn - 17° - 72m - 15:57:05 13/09 UTC</name>
			<styleUrl>#msn_open-diamond</styleUrl>
			<Point>
				<extrude>1</extrude>
				<altitudeMode>absolute</altitudeMode>
				<gx:drawOrder>1</gx:drawOrder>
				<coordinates>7.613905,51.963566,72 </coordinates>
			</Point>
		</Placemark><Placemark>
			<name>0.0kn - 206° - 73m - 15:56:06 13/09 UTC</name>
			<styleUrl>#msn_open-diamond</styleUrl>
			<Point>
				<extrude>1</extrude>
				<altitudeMode>absolute</altitudeMode>
				<gx:drawOrder>1</gx:drawOrder>
				<coordinates>7.614168,51.963558,73 </coordinates>
			</Point>
		</Placemark><Placemark>
			<name>0.0kn - 27° - 72m - 15:55:06 13/09 UTC</name>
			<styleUrl>#msn_open-diamond</styleUrl>
			<Point>
				<extrude>1</extrude>
				<altitudeMode>absolute</altitudeMode>
				<gx:drawOrder>1</gx:drawOrder>
				<coordinates>7.614017,51.963558,72 </coordinates>
			</Point>
		</Placemark><Placemark>
			<name>0.0kn - 318° - 72m - 15:53:06 13/09 UTC</name>
			<styleUrl>#msn_open-diamond</styleUrl>
			<Point>
				<extrude>1</extrude>
				<altitudeMode>absolute</altitudeMode>
				<gx:drawOrder>1</gx:drawOrder>
				<coordinates>7.613973,51.963574,72 </coordinates>
			</Point>
		</Placemark><Placemark>
			<name>0.0kn - 347° - 72m - 15:52:06 13/09 UTC</name>
			<styleUrl>#msn_open-diamond</styleUrl>
			<Point>
				<extrude>1</extrude>
				<altitudeMode>absolute</altitudeMode>
				<gx:drawOrder>1</gx:drawOrder>
				<coordinates>7.613955,51.963566,72 </coordinates>
			</Point>
		</Placemark><Placemark>
			<name>0.0kn - 327° - 75m - 15:51:06 13/09 UTC</name>
			<styleUrl>#msn_open-diamond</styleUrl>
			<Point>
				<extrude>1</extrude>
				<altitudeMode>absolute</altitudeMode>
				<gx:drawOrder>1</gx:drawOrder>
				<coordinates>7.613935,51.963574,75 </coordinates>
			</Point>
		</Placemark><Placemark>
			<name>0.0kn - 9° - 75m - 15:50:06 13/09 UTC</name>
			<styleUrl>#msn_open-diamond</styleUrl>
			<Point>
				<extrude>1</extrude>
				<altitudeMode>absolute</altitudeMode>
				<gx:drawOrder>1</gx:drawOrder>
				<coordinates>7.614073,51.963497,75 </coordinates>
			</Point>
		</Placemark><Placemark>
			<name>0.0kn - 184° - 75m - 15:49:06 13/09 UTC</name>
			<styleUrl>#msn_open-diamond</styleUrl>
			<Point>
				<extrude>1</extrude>
				<altitudeMode>absolute</altitudeMode>
				<gx:drawOrder>1</gx:drawOrder>
				<coordinates>7.613988,51.963566,75 </coordinates>
			</Point>
		</Placemark><Placemark>
			<name>0.0kn - 168° - 73m - 15:48:07 13/09 UTC</name>
			<styleUrl>#msn_open-diamond</styleUrl>
			<Point>
				<extrude>1</extrude>
				<altitudeMode>absolute</altitudeMode>
				<gx:drawOrder>1</gx:drawOrder>
				<coordinates>7.613978,51.963551,73 </coordinates>
			</Point>
		</Placemark><Placemark>
			<name>0.0kn - 266° - 71m - 15:47:05 13/09 UTC</name>
			<styleUrl>#msn_open-diamond</styleUrl>
			<Point>
				<extrude>1</extrude>
				<altitudeMode>absolute</altitudeMode>
				<gx:drawOrder>1</gx:drawOrder>
				<coordinates>7.613958,51.963532,71 </coordinates>
			</Point>
		</Placemark><Placemark>
			<name>0.0kn - 287° - 69m - 15:46:06 13/09 UTC</name>
			<styleUrl>#msn_open-diamond</styleUrl>
			<Point>
				<extrude>1</extrude>
				<altitudeMode>absolute</altitudeMode>
				<gx:drawOrder>1</gx:drawOrder>
				<coordinates>7.614082,51.963547,69 </coordinates>
			</Point>
		</Placemark><Placemark>
			<name>0.0kn - 32° - 66m - 15:45:06 13/09 UTC</name>
			<styleUrl>#msn_open-diamond</styleUrl>
			<Point>
				<extrude>1</extrude>
				<altitudeMode>absolute</altitudeMode>
				<gx:drawOrder>1</gx:drawOrder>
				<coordinates>7.613988,51.963547,66 </coordinates>
			</Point>
		</Placemark><Placemark>
			<name>0.0kn - 29° - 74m - 15:44:04 13/09 UTC</name>
			<styleUrl>#msn_open-diamond</styleUrl>
			<Point>
				<extrude>1</extrude>
				<altitudeMode>absolute</altitudeMode>
				<gx:drawOrder>1</gx:drawOrder>
				<coordinates>7.614013,51.963528,74 </coordinates>
			</Point>
		</Placemark><Placemark>
			<name>0.0kn - 300° - 78m - 15:43:05 13/09 UTC</name>
			<styleUrl>#msn_open-diamond</styleUrl>
			<Point>
				<extrude>1</extrude>
				<altitudeMode>absolute</altitudeMode>
				<gx:drawOrder>1</gx:drawOrder>
				<coordinates>7.614053,51.963554,78 </coordinates>
			</Point>
		</Placemark><Placemark>
			<name>0.0kn - 211° - 77m - 15:42:05 13/09 UTC</name>
			<styleUrl>#msn_open-diamond</styleUrl>
			<Point>
				<extrude>1</extrude>
				<altitudeMode>absolute</altitudeMode>
				<gx:drawOrder>1</gx:drawOrder>
				<coordinates>7.613965,51.96352,77 </coordinates>
			</Point>
		</Placemark><Placemark>
			<name>0.0kn - 279° - 75m - 15:41:05 13/09 UTC</name>
			<styleUrl>#msn_open-diamond</styleUrl>
			<Point>
				<extrude>1</extrude>
				<altitudeMode>absolute</altitudeMode>
				<gx:drawOrder>1</gx:drawOrder>
				<coordinates>7.614027,51.963543,75 </coordinates>
			</Point>
		</Placemark><Placemark>
			<name>0.5kn - 279° - 80m - 15:40:05 13/09 UTC</name>
			<styleUrl>#msn_open-diamond</styleUrl>
			<Point>
				<extrude>1</extrude>
				<altitudeMode>absolute</altitudeMode>
				<gx:drawOrder>1</gx:drawOrder>
				<coordinates>7.614067,51.963535,80 </coordinates>
			</Point>
		</Placemark><Placemark>
			<name>0.0kn - 122° - 73m - 15:39:05 13/09 UTC</name>
			<styleUrl>#msn_open-diamond</styleUrl>
			<Point>
				<extrude>1</extrude>
				<altitudeMode>absolute</altitudeMode>
				<gx:drawOrder>1</gx:drawOrder>
				<coordinates>7.614069,51.963566,73 </coordinates>
			</Point>
		</Placemark><Placemark>
			<name>0.0kn - 73° - 78m - 15:38:05 13/09 UTC</name>
			<styleUrl>#msn_open-diamond</styleUrl>
			<Point>
				<extrude>1</extrude>
				<altitudeMode>absolute</altitudeMode>
				<gx:drawOrder>1</gx:drawOrder>
				<coordinates>7.613988,51.96357,78 </coordinates>
			</Point>
		</Placemark><Placemark>
			<name>0.0kn - 249° - 77m - 15:37:05 13/09 UTC</name>
			<styleUrl>#msn_open-diamond</styleUrl>
			<Point>
				<extrude>1</extrude>
				<altitudeMode>absolute</altitudeMode>
				<gx:drawOrder>1</gx:drawOrder>
				<coordinates>7.614162,51.963547,77 </coordinates>
			</Point>
		</Placemark><Placemark>
			<name>0.0kn - 267° - 79m - 15:36:05 13/09 UTC</name>
			<styleUrl>#msn_open-diamond</styleUrl>
			<Point>
				<extrude>1</extrude>
				<altitudeMode>absolute</altitudeMode>
				<gx:drawOrder>1</gx:drawOrder>
				<coordinates>7.61415,51.963612,79 </coordinates>
			</Point>
		</Placemark><Placemark>
			<name>0.0kn - 239° - 73m - 15:35:05 13/09 UTC</name>
			<styleUrl>#msn_open-diamond</styleUrl>
			<Point>
				<extrude>1</extrude>
				<altitudeMode>absolute</altitudeMode>
				<gx:drawOrder>1</gx:drawOrder>
				<coordinates>7.61403,51.963574,73 </coordinates>
			</Point>
		</Placemark><Placemark>
			<name>0.0kn - 240° - 73m - 15:34:05 13/09 UTC</name>
			<styleUrl>#msn_open-diamond</styleUrl>
			<Point>
				<extrude>1</extrude>
				<altitudeMode>absolute</altitudeMode>
				<gx:drawOrder>1</gx:drawOrder>
				<coordinates>7.614077,51.963486,73 </coordinates>
			</Point>
		</Placemark><Placemark>
			<name>0.0kn - 211° - 68m - 15:33:05 13/09 UTC</name>
			<styleUrl>#msn_open-diamond</styleUrl>
			<Point>
				<extrude>1</extrude>
				<altitudeMode>absolute</altitudeMode>
				<gx:drawOrder>1</gx:drawOrder>
				<coordinates>7.61403,51.963524,68 </coordinates>
			</Point>
		</Placemark><Placemark>
			<name>0.0kn - 76° - 73m - 15:32:05 13/09 UTC</name>
			<styleUrl>#msn_open-diamond</styleUrl>
			<Point>
				<extrude>1</extrude>
				<altitudeMode>absolute</altitudeMode>
				<gx:drawOrder>1</gx:drawOrder>
				<coordinates>7.614018,51.963547,73 </coordinates>
			</Point>
		</Placemark><Placemark>
			<name>0.0kn - 288° - 71m - 15:31:05 13/09 UTC</name>
			<styleUrl>#msn_open-diamond</styleUrl>
			<Point>
				<extrude>1</extrude>
				<altitudeMode>absolute</altitudeMode>
				<gx:drawOrder>1</gx:drawOrder>
				<coordinates>7.614047,51.96352,71 </coordinates>
			</Point>
		</Placemark><Placemark>
			<name>0.0kn - 42° - 62m - 15:29:59 13/09 UTC</name>
			<styleUrl>#msn_open-diamond</styleUrl>
			<Point>
				<extrude>1</extrude>
				<altitudeMode>absolute</altitudeMode>
				<gx:drawOrder>1</gx:drawOrder>
				<coordinates>7.614027,51.963562,62 </coordinates>
			</Point>
		</Placemark><Placemark>
			<name>0.0kn - 42° - 62m - 15:28:59 13/09 UTC</name>
			<styleUrl>#msn_open-diamond</styleUrl>
			<Point>
				<extrude>1</extrude>
				<altitudeMode>absolute</altitudeMode>
				<gx:drawOrder>1</gx:drawOrder>
				<coordinates>7.614027,51.963562,62 </coordinates>
			</Point>
		</Placemark><Placemark>
			<name>0.0kn - 337° - 61m - 15:28:36 13/09 UTC</name>
			<styleUrl>#msn_open-diamond</styleUrl>
			<Point>
				<extrude>1</extrude>
				<altitudeMode>absolute</altitudeMode>
				<gx:drawOrder>1</gx:drawOrder>
				<coordinates>7.613987,51.963482,61 </coordinates>
			</Point>
		</Placemark>
<Placemark>
			<name>GROUND</name>
			<styleUrl>#msn_ylw-pushpin0</styleUrl>
			<LineString>
				<tessellate>1</tessellate>
				<coordinates>2.416395,48.775383,29 -8.676652,37.147358,59 -8.676652,37.147358,59 -8.67658,37.147411,59 -8.676615,37.147411,57 -8.676655,37.147381,51 -8.676677,37.147419,57 -8.676688,37.147335,53 -8.676697,37.147404,57 -8.676637,37.14745,60 -8.676685,37.147499,69 -8.676685,37.147499,69 -8.676737,37.147438,69 -8.676548,37.14756,72 -8.676683,37.147472,78 -8.676683,37.147472,78 -8.676663,37.14748,79 -8.676712,37.147469,83 -8.676728,37.147442,80 -8.676724,37.147453,77 -8.676708,37.14743,72 -8.676697,37.14743,68 -8.676688,37.147427,69 -8.676697,37.147434,68 -8.676659,37.147453,66 -8.676668,37.147461,66 -8.676685,37.147453,70 -8.676677,37.147476,67 -8.676679,37.147453,66 -8.67668,37.147457,61 -8.676657,37.147461,60 -8.67668,37.147442,68 -8.67668,37.147442,68 -8.676663,37.147469,69 -8.676688,37.147434,67 -8.676659,37.147453,68 -8.67668,37.147434,67 -8.676708,37.147469,63 -8.676659,37.147484,57 -8.676659,37.147484,57 -8.6767,37.147442,56 -8.676657,37.147453,57 -8.676655,37.147476,58 -8.676655,37.147476,58 -8.675397,37.146549,119 -8.672882,37.145542,171 -8.670947,37.14439,250 -8.669039,37.1437,377 -8.667372,37.143559,460 -8.666893,37.143833,544 -8.667045,37.144432,639 -8.667762,37.145588,743 -8.668047,37.147556,850 -8.66813,37.150028,956 -8.668087,37.15295,1051 -8.667662,37.155499,1147 -8.666968,37.158253,1247 -8.6659,37.160866,1356 -8.665216,37.16378,1466 -8.664719,37.166184,1513 -8.664225,37.168491,1522 -8.663775,37.170673,1535 -8.663455,37.172737,1551 -8.66333,37.174767,1573 -8.663395,37.176807,1601 -8.663493,37.178936,1627 -8.663439,37.181137,1660 -8.66335,37.183456,1689 -8.66329,37.185837,1714 -8.66328,37.188206,1736 -8.663225,37.190533,1754 -8.663178,37.192814,1775 -8.66313,37.195072,1796 -8.663083,37.197296,1817 -8.663062,37.199459,1832 -8.663098,37.201599,1841 -8.663177,37.203732,1844 -8.66328,37.205872,1840 -8.663365,37.208061,1832 -8.66344,37.2103,1821 -8.663484,37.212593,1811 -8.663491,37.214932,1801 -8.6635,37.217281,1793 -8.663504,37.219639,1789 -8.663504,37.221981,1789 -8.663538,37.224289,1794 -8.663593,37.226543,1803 -8.663722,37.228775,1816 -8.663888,37.230976,1828 -8.664106,37.233158,1840 -8.664403,37.235313,1854 -8.664772,37.237438,1868 -8.665234,37.239571,1885 -8.665825,37.241734,1901 -8.666552,37.243931,1908 -8.667354,37.246182,1904 -8.668108,37.248505,1890 -8.668845,37.250847,1872 -8.669519,37.253265,1855 -8.670085,37.255692,1839 -8.670595,37.258171,1827 -8.67104,37.260635,1818 -8.671552,37.263039,1812 -8.672096,37.265511,1801 -8.672584,37.267963,1795 -8.67298,37.270519,1788 -8.67334,37.273026,1783 -8.673741,37.275551,1778 -8.674147,37.278133,1772 -8.674505,37.280777,1754 -8.674778,37.28352,1737 -8.675036,37.286194,1724 -8.675253,37.289017,1689 -8.67553,37.291943,1659 -8.67577,37.294922,1633 -8.675917,37.297882,1609 -8.675986,37.300808,1588 -8.676073,37.303738,1571 -8.676145,37.306664,1554 -8.676247,37.309502,1531 -8.676367,37.312294,1527 -8.676474,37.315102,1562 -8.676517,37.318001,1621 -8.676539,37.321007,1667 -8.676605,37.324059,1693 -8.676692,37.327118,1703 -8.676755,37.330132,1705 -8.676848,37.333065,1705 -8.67691,37.335922,1703 -8.676987,37.338741,1702 -8.677075,37.341511,1692 -8.677234,37.344215,1676 -8.67743,37.346829,1652 -8.677702,37.349388,1622 -8.677955,37.351929,1604 -8.6782,37.354477,1604 -8.67851,37.357086,1631 -8.678652,37.359707,1702 -8.679009,37.362637,1815 -8.679459,37.365212,1964 -8.6805,37.367226,2116 -8.68168,37.368847,2268 -8.683052,37.370647,2410 -8.684314,37.372383,2555 -8.685665,37.373982,2685 -8.686757,37.375526,2815 -8.68738,37.377686,2951 -8.687718,37.378475,3089 -8.690962,37.37775,3386 -8.692449,37.379444,3544 -8.694602,37.380768,3659 -8.696861,37.381672,3771 -8.698852,37.383801,3859 -8.70033,37.385922,3927 -8.701757,37.388069,3925 -8.703109,37.390228,3916 -8.704538,37.39241,3924 -8.706072,37.394623,3938 -8.707711,37.396912,3945 -8.709402,37.399246,3942 -8.711066,37.401585,3940 -8.71265,37.403931,3943 -8.714185,37.406223,3933 -8.715663,37.408413,3913 -8.716958,37.410614,3882 -8.718271,37.412891,3874 -8.719875,37.41526,3906 -8.721891,37.417877,3970 -8.723745,37.420418,4049 -8.72516,37.42273,4130 -8.726225,37.424717,4203 -8.727081,37.426666,4275 -8.727986,37.428593,4337 -8.728602,37.430161,4406 -8.728336,37.431675,4478 -8.727832,37.433434,4548 -8.72684,37.435265,4630 -8.725377,37.437153,4722 -8.723492,37.439453,4785 -8.721613,37.441807,4791 -8.719782,37.444145,4785 -8.718012,37.446419,4773 -8.716162,37.448704,4766 -8.714335,37.450974,4755 -8.712428,37.453053,4736 -8.710515,37.455055,4715 -8.708767,37.457008,4694 -8.70713,37.459003,4664 -8.70557,37.461018,4628 -8.704139,37.46307,4602 -8.702895,37.46526,4585 -8.702022,37.467564,4569 -8.701288,37.469688,4553 -8.700493,37.47171,4529 -8.699665,37.473694,4516 -8.698876,37.475559,4499 -8.698142,37.477249,4474 -8.69772,37.47876,4438 -8.697607,37.480305,4418 -8.697668,37.481918,4415 -8.698555,37.489994,4350 -8.698546,37.491741,4314 -8.698535,37.49366,4273 -8.698553,37.495823,4241 -8.698628,37.4982,4223 -8.6987,37.500732,4228 -8.69878,37.503365,4233 -8.698875,37.506088,4225 -8.69895,37.508904,4206 -8.699003,37.511787,4186 -8.699032,37.514668,4177 -8.699,37.517536,4182 -8.698912,37.520393,4189 -8.698747,37.523216,4183 -8.698519,37.526032,4174 -8.698367,37.528946,4174 -8.698335,37.531979,4176 -8.698357,37.535072,4182 -8.698374,37.538139,4180 -8.698287,37.541157,4167 -8.698115,37.544128,4179 -8.697897,37.546982,4232 -8.697313,37.549278,4283 -8.696625,37.551273,4315 -8.695945,37.553082,4360 -8.695202,37.554592,4415 -8.694072,37.555897,4478 -8.692582,37.557312,4551 -8.68294,37.56633,4936 -8.678659,37.569996,5062 -8.673483,37.573933,5182 -8.668682,37.5774,5283 -8.663595,37.580807,5314 -8.658432,37.584213,5307 -8.653323,37.587647,5293 -8.648193,37.591164,5279 -8.643002,37.594639,5267 -8.637888,37.598068,5258 -8.63284,37.601555,5241 -8.612608,37.616585,5128 -8.607638,37.620297,5096 -8.602805,37.624088,5057 -8.598178,37.627918,5028 -8.593892,37.63171,5008 -8.590075,37.635372,4987 -8.58664,37.638714,4958 -8.583154,37.641571,4923 -8.579748,37.644341,4893 -8.576593,37.646988,4859 -8.573882,37.649559,4829 -8.571551,37.652103,4812 -8.569428,37.654388,4792 -8.563276,37.659992,4690 -8.56155,37.661549,4647 -8.560088,37.662911,4622 -8.556637,37.665909,4541 -8.551402,37.675938,4392 -8.550716,37.708019,4272 -8.554493,37.722408,4272 -8.554465,37.739189,4324 -8.553476,37.756439,4488 -8.549704,37.77095,4427 -8.548092,37.786907,4467 -8.540194,37.79974,4652 -8.528245,37.81493,4822 -8.512022,37.831017,4893 -8.496424,37.847263,4901 -8.44006,37.90271,5081 -8.42034,37.923397,5039 -8.401238,37.946072,5023 -8.382524,37.969437,4980 -8.364257,37.992809,4981 -8.34722,38.015656,4934 -8.330281,38.038071,4959 -8.313202,38.06081,4997 -8.2957,38.08392,4949 -8.277442,38.106186,4959 -8.25902,38.128418,4951 -8.241252,38.149075,4929 -8.223385,38.1693,4932 -8.206694,38.187786,4879 -8.190064,38.206242,4914 -8.173119,38.225445,4863 -8.156339,38.245258,4855 -8.139657,38.264767,4830 -8.123299,38.284744,4727 -8.107123,38.303471,4673 -8.091173,38.318535,4656 -8.075771,38.334637,4702 -8.060403,38.351055,4660 -8.045887,38.366379,4560 -8.030613,38.38192,4619 -8.015188,38.398781,4595 -8.000127,38.416424,4648 -7.984947,38.434998,4665 -7.968967,38.455013,4667 -7.953767,38.476082,4683 -7.93968,38.497837,4705 -7.92538,38.520775,4733 -7.910838,38.543373,4700 -7.89664,38.565388,4686 -7.881969,38.585949,4670 -7.865905,38.605862,4648 -7.849655,38.625259,4601 -7.832843,38.643681,4557 -7.816407,38.659561,4454 -7.798789,38.674751,4288 -7.781362,38.688408,4136 -7.768985,38.698849,4046 -7.760752,38.706463,3916 -7.755794,38.711506,3836 -7.741415,38.726543,4130 -7.727383,38.738796,4180 -7.711667,38.750992,4324 -7.692982,38.763424,4497 -7.671373,38.778282,4653 -7.651858,38.794132,4781 -7.634332,38.809189,4910 -7.613773,38.826374,4968 -7.592864,38.845295,5083 -7.569332,38.865925,5139 -7.545559,38.886665,5154 -7.520985,38.907017,5143 -7.495359,38.926605,5104 -7.469934,38.945797,5065 -7.442968,38.964691,4976 -7.416122,38.98423,4934 -7.391315,39.003723,4989 -7.367703,39.023056,5080 -7.34511,39.041359,5218 -7.323107,39.059303,5139 -7.301138,39.078404,5013 -7.279215,39.098358,5085 -7.257672,39.118847,5145 -7.236784,39.140091,5151 -7.214882,39.160408,5196 -7.19132,39.180618,5193 -7.16595,39.202686,5217 -7.141377,39.227707,5167 -7.116457,39.254688,5269 -7.090867,39.281212,5254 -7.065814,39.307171,5255 -7.041091,39.332912,5249 -7.015725,39.359551,5162 -6.98908,39.384766,5251 -6.96072,39.41042,5099 -6.931958,39.434769,5107 -6.904634,39.459446,5159 -6.87818,39.484432,5139 -6.850864,39.508293,5278 -6.823583,39.533093,5220 -6.796999,39.559063,5306 -6.770482,39.584663,5195 -6.741028,39.610088,5260 -6.711719,39.636089,5290 -6.682913,39.662842,5152 -6.654298,39.690964,5174 -6.625329,39.721191,5202 -6.595622,39.751358,5260 -6.566154,39.781689,5222 -6.538327,39.812489,5222 -6.511783,39.84296,5204 -6.48408,39.873364,5233 -6.455998,39.904072,5123 -6.428488,39.934662,5170 -6.4024,39.964142,5130 -6.376887,39.993458,5090 -6.350578,40.022831,5052 -6.32153,40.051605,4868 -6.295507,40.073502,5016 -6.266467,40.097267,5104 -6.236219,40.126793,4981 -6.207658,40.151142,5006 -6.179605,40.173321,4895 -6.148225,40.199883,5057 -6.120648,40.22398,4886 -6.09577,40.249081,4889 -6.074735,40.268528,4940 -6.049318,40.290344,4736 -6.024657,40.316719,4698 -6.002785,40.342579,4818 -5.975787,40.369297,4672 -5.950875,40.392288,4607 -5.93081,40.410294,4550 -5.915902,40.42432,4281 -5.907784,40.440193,4235 -5.90167,40.455299,4090 -5.894503,40.469395,4010 -5.883616,40.486542,4104 -5.872807,40.505028,3960 -5.862082,40.52248,4212 -5.848568,40.54195,4135 -5.835908,40.562203,4092 -5.820795,40.585205,4224 -5.806088,40.606361,4196 -5.78837,40.626144,4256 -5.770888,40.646393,4449 -5.7546,40.665417,4269 -5.736808,40.682926,4425 -5.716973,40.702278,4463 -5.697947,40.720997,4318 -5.682402,40.737568,4369 -5.66659,40.755005,4441 -5.65076,40.771549,4246 -5.636445,40.788525,4261 -5.596119,40.837936,4271 -5.595038,40.839081,4276 -5.582072,40.852726,4251 -5.565,40.868744,4328 -5.550042,40.883846,4151 -5.53851,40.896462,4125 -5.52487,40.910561,4100 -5.511852,40.924332,4139 -5.495739,40.941185,4373 -5.476457,40.959667,4401 -5.45667,40.977409,4295 -5.440397,40.994064,4100 -5.423962,41.008869,3905 -5.405803,41.024761,3915 -5.38737,41.041031,3750 -5.368058,41.056335,3744 -5.349703,41.070236,3760 -5.3283,41.089363,3853 -5.307583,41.106762,4058 -5.285033,41.126045,4237 -5.263247,41.146526,4223 -5.222282,41.189522,4268 -5.20345,41.214073,4218 -5.182745,41.240612,4269 -5.160452,41.266857,4300 -5.160452,41.266857,4300 -5.138697,41.292278,4269 -5.093967,41.347778,4172 -5.074103,41.377918,4339 -5.053758,41.408447,4236 -5.031102,41.439571,4275 -5.008655,41.472343,4249 -4.988958,41.506786,4180 -4.972808,41.537731,4255 -4.956137,41.569035,4131 -4.940457,41.596649,4121 -4.926675,41.621868,3917 -4.911457,41.645596,3961 -4.895342,41.668854,3939 -4.882618,41.690426,4055 -4.864225,41.720997,4236 -4.844942,41.752373,4059 -4.82813,41.78233,4187 -4.809203,41.816231,4039 -4.793723,41.843582,4126 -4.778037,41.865212,4172 -4.76274,41.891533,4009 -4.754257,41.906509,3841 -4.742235,41.920029,3746 -4.729641,41.93388,3519 -4.71589,41.950127,3329 -4.702975,41.968514,3599 -4.688902,41.984737,4051 -4.674852,41.999821,3620 -4.659,42.016121,3643 -4.641897,42.035988,3863 -4.627968,42.05547,3519 -4.611072,42.071587,3421 -4.586745,42.086895,3171 -4.522225,42.124767,2668 -4.46445,42.159046,2510 -4.437853,42.178532,3001 -4.414118,42.200455,2947 -4.390177,42.224217,2938 -4.364478,42.247719,2922 -4.336097,42.272015,2953 -4.310433,42.295662,2749 -4.285739,42.323708,2906 -4.251472,42.352406,2812 -4.213274,42.376495,2869 -4.178213,42.401741,2871 -4.137078,42.427609,2882 -4.098363,42.453285,2777 -4.058784,42.478916,2857 -4.019445,42.504784,2732 -3.978613,42.529781,2503 -3.937677,42.555565,2694 -3.894798,42.579563,2633 -3.851345,42.602608,2549 -3.765823,42.647808,2442 -3.722872,42.669579,2438 -3.680845,42.691341,2085 -3.636,42.709904,2324 -3.588628,42.72649,2139 -3.542585,42.742352,2353 -3.500505,42.759148,2170 -3.459345,42.781891,2399 -3.418887,42.806976,2349 -3.377607,42.829102,2436 -3.336027,42.853394,2348 -3.29543,42.877548,2320 -3.252107,42.900379,2276 -3.211515,42.925282,2261 -3.173133,42.947289,2207 -3.138417,42.973572,2151 -3.102155,42.998066,2063 -3.065083,43.025608,2106 -3.026947,43.054024,2132 -2.988495,43.083065,2121 -2.950663,43.112137,2158 -2.913055,43.140923,2115 -2.876743,43.16853,2135 -2.842352,43.196243,2013 -2.809538,43.223503,2070 -2.777522,43.251144,2083 -2.745478,43.279404,1928 -2.713147,43.307186,1935 -2.680858,43.334663,1865 -2.6485,43.361401,1844 -2.616147,43.386959,1787 -2.583842,43.412361,1830 -2.551698,43.436943,1830 -2.51949,43.461033,1737 -2.488308,43.484898,1781 -2.456735,43.509235,1772 -2.424657,43.532993,1770 -2.392398,43.555855,1762 -2.359512,43.577438,1682 -2.326748,43.597691,1661 -2.26283,43.636128,1590 -2.228343,43.652473,1514 -2.191038,43.66745,1411 -2.153742,43.679493,1350 -2.117983,43.690182,1320 -2.083015,43.700352,1302 -2.047922,43.710842,1266 -2.012277,43.721924,1262 -1.976448,43.732689,1250 -1.941572,43.742981,1223 -1.908558,43.752522,1186 -1.875947,43.762962,1144 -1.843658,43.775513,1101 -1.81298,43.789082,1079 -1.783515,43.802952,1047 -1.75456,43.816322,993 -1.725508,43.831932,956 -1.697743,43.849396,941 -1.672968,43.86887,918 -1.6509,43.889114,930 -1.632325,43.908665,892 -1.615278,43.925995,826 -1.599238,43.941582,723 -1.583838,43.955998,682 -1.571252,43.970493,582 -1.560752,43.98518,559 -1.550118,44.000389,528 -1.53926,44.016007,519 -1.52899,44.031872,498 -1.519415,44.047688,441 -1.510498,44.062893,437 -1.50138,44.077679,453 -1.49238,44.091545,410 -1.483367,44.104519,445 -1.474213,44.117466,434 -1.465202,44.130444,429 -1.455597,44.142601,403 -1.445693,44.15395,427 -1.42471,44.176342,458 -1.41421,44.187923,432 -1.404302,44.198959,445 -1.392827,44.210316,501 -1.3812,44.222008,456 -1.369573,44.233727,498 -1.357562,44.245747,545 -1.344197,44.257557,589 -1.329967,44.270313,651 -1.314562,44.284023,708 -1.29962,44.297875,653 -1.283958,44.311451,632 -1.267425,44.325165,617 -1.249543,44.339409,612 -1.230623,44.353294,624 -1.211148,44.367611,630 -1.192085,44.382519,649 -1.172595,44.396523,616 -1.153513,44.409729,593 -1.133953,44.422958,603 -1.113822,44.436642,616 -1.092905,44.449913,587 -1.071762,44.463837,619 -1.050815,44.47633,412 -1.029475,44.48819,484 -1.00675,44.499931,419 -0.980707,44.510426,403 -0.955112,44.521248,441 -0.931338,44.532776,502 -0.906697,44.543797,432 -0.879435,44.554054,432 -0.8526,44.564602,445 -0.826288,44.575558,470 -0.798463,44.586426,472 -0.770392,44.597443,483 -0.742558,44.608727,500 -0.715887,44.621273,553 -0.689113,44.634579,535 -0.661555,44.648075,579 -0.633178,44.66272,603 -0.60462,44.677155,607 -0.575712,44.692074,617 -0.546468,44.706646,596 -0.517088,44.720879,637 -0.48542,44.733807,494 -0.451763,44.747524,535 -0.41876,44.762638,553 -0.384605,44.778683,557 -0.351247,44.796257,595 -0.317628,44.814003,591 -0.283848,44.831688,626 -0.250252,44.848362,619 -0.217238,44.864945,633 -0.18445,44.881035,618 -0.147482,44.896912,557 -0.109163,44.913189,532 -0.06907,44.928318,417 -0.028102,44.944382,465 0.013463,44.961453,381 0.049358,44.978233,368 0.087962,44.995132,408 0.131233,45.013546,435 0.177375,45.033344,389 0.216442,45.054039,385 0.25498,45.076481,322 0.29039,45.100014,340 0.32817,45.120792,380 0.369382,45.141281,432 0.414145,45.164269,460 0.459868,45.188583,579 0.502352,45.211418,478 0.543597,45.234345,554 0.58746,45.258843,564 0.62879,45.281941,528 0.670842,45.305508,549 0.70623,45.327107,560 0.746,45.351074,659 0.789343,45.37653,750 0.828962,45.402241,831 0.861562,45.425568,896 0.891445,45.447804,922 0.921155,45.471272,913 0.949737,45.494148,921 0.979137,45.517284,984 1.008915,45.541954,914 1.040943,45.566822,872 1.071685,45.593193,1037 1.096702,45.619442,985 1.119255,45.647148,1132 1.139098,45.672684,1225 1.158098,45.697762,1298 1.173447,45.722172,1364 1.189485,45.746361,1452 1.208682,45.773132,1447 1.22756,45.798798,1455 1.24617,45.821468,1449 1.266123,45.843628,1440 1.28463,45.866783,1444 1.302352,45.890564,1386 1.320905,45.913864,1386 1.338045,45.936276,1465 1.355797,45.958725,1285 1.37857,45.980644,1330 1.401338,46.003933,1278 1.426677,46.028107,1252 1.453192,46.052998,1370 1.477537,46.075157,1357 1.502662,46.096321,1361 1.528827,46.116703,1325 1.554698,46.136372,1312 1.58106,46.155842,1279 1.60812,46.175018,1337 1.634643,46.193245,1271 1.660877,46.211651,1278 1.686523,46.231113,1290 1.713023,46.250168,1280 1.740728,46.268028,1315 1.766428,46.284988,1296 1.790028,46.300598,1293 1.814993,46.314896,1272 1.840303,46.329445,1289 1.866702,46.343655,1308 1.892688,46.357037,1286 1.919753,46.370869,1238 1.948938,46.383095,1238 1.977888,46.396511,1232 2.00418,46.411808,1216 2.02997,46.428116,1248 2.053352,46.445332,1229 2.073638,46.462235,1213 2.093867,46.477585,1235 2.114232,46.492085,1207 2.128387,46.512611,1111 2.14235,46.532879,1159 2.156643,46.552235,1186 2.17319,46.569466,1205 2.188067,46.587536,1217 2.202625,46.605644,1252 2.218032,46.62381,1205 2.232038,46.64288,1230 2.246565,46.660626,1218 2.261327,46.677712,1290 2.276758,46.693668,1221 2.29226,46.708206,1255 2.328905,46.737675,1294 2.344187,46.753479,1232 2.358073,46.769867,1240 2.3758,46.791115,976 2.377653,46.793366,943 2.384502,46.800983,886 2.401147,46.816898,923 2.418468,46.833397,1142 2.43696,46.850399,1274 2.454725,46.866898,1258 2.471013,46.881653,1293 2.487493,46.895802,1320 2.50563,46.910088,1322 2.526773,46.923668,1291 2.551147,46.937653,1312 2.576143,46.951263,1299 2.601252,46.964996,1316 2.627825,46.97945,1287 2.655115,46.993832,1300 2.683882,47.009033,1314 2.713968,47.023884,1314 2.744983,47.03569,1255 2.776688,47.047524,1303 2.807465,47.060364,1262 2.839547,47.074219,1329 2.871592,47.087471,1367 2.902628,47.100712,1334 2.934527,47.114136,1414 2.967603,47.129051,1405 3.000302,47.143414,1348 3.033607,47.157108,1307 3.069732,47.172165,1385 3.106985,47.187023,1390 3.143228,47.201988,1373 3.177827,47.216213,1310 3.212973,47.231873,1328 3.24873,47.247833,1347 3.284822,47.264542,1359 3.320643,47.281056,1300 3.357905,47.298134,1267 3.394302,47.315281,1287 3.429167,47.331848,1400 3.465307,47.35117,1440 3.501203,47.369022,1397 3.538692,47.386932,1435 3.575907,47.405308,1449 3.610453,47.423416,1489 3.64409,47.442162,1461 3.677377,47.462132,1450 3.711207,47.480393,1542 3.746063,47.49741,1635 3.780435,47.514225,1650 3.812785,47.531971,1634 3.845598,47.548328,1647 3.881298,47.564796,1685 3.914905,47.581505,1638 3.948572,47.598015,1635 3.983297,47.614529,1607 4.017644,47.631813,1686 4.052023,47.648773,1652 4.085104,47.666412,1734 4.117692,47.684628,1681 4.150048,47.703503,1770 4.183398,47.721581,1763 4.215219,47.740543,1745 4.246825,47.760044,1761 4.278195,47.778938,1745 4.311625,47.797966,1750 4.344813,47.817177,1840 4.377574,47.835888,1754 4.410667,47.855839,1774 4.444587,47.873867,1770 4.479762,47.893024,1755 4.51569,47.913265,1749 4.550862,47.933636,1761 4.58561,47.95396,1774 4.619982,47.975723,1743 4.655065,47.99617,1796 4.688388,48.016048,1804 4.722375,48.036877,1761 4.755803,48.058849,1747 4.787075,48.081066,1792 4.819674,48.103886,1824 4.850823,48.12579,1815 4.882623,48.148258,1778 4.913587,48.170364,1846 4.942872,48.191807,1827 4.972912,48.213051,1811 5.003402,48.234402,1756 5.034515,48.255905,1814 5.064895,48.277847,1780 5.095165,48.299198,1786 5.126618,48.320496,1795 5.157347,48.342159,1825 5.186655,48.364636,1848 5.214859,48.38575,1809 5.242507,48.40823,1841 5.270973,48.430309,1830 5.299829,48.453232,1837 5.328032,48.474327,1818 5.35497,48.496075,1836 5.383652,48.517956,1823 5.409557,48.539677,1820 5.433852,48.561989,1810 5.45705,48.584374,1819 5.482542,48.605419,1809 5.50903,48.625923,1802 5.534202,48.64772,1776 5.558243,48.670834,1807 5.581268,48.69318,1795 5.604283,48.715771,1782 5.627964,48.738953,1778 5.652194,48.761185,1788 5.676935,48.782929,1770 5.702207,48.805172,1824 5.727215,48.827137,1799 5.75223,48.849205,1795 5.77704,48.871441,1793 5.801523,48.895676,1765 5.82562,48.920364,1764 5.848098,48.945355,1771 5.8694,48.971016,1737 5.892327,48.996925,1702 5.916928,49.021622,1678 5.940037,49.044178,1666 5.96236,49.065823,1634 5.985445,49.086884,1573 6.007782,49.108479,1561 6.028952,49.12965,1582 6.050218,49.150879,1623 6.071658,49.172085,1647 6.09348,49.193634,1650 6.117057,49.214363,1676 6.14111,49.233704,1605 6.163744,49.253239,1581 6.186827,49.272785,1627 6.20948,49.292721,1676 6.231753,49.313599,1709 6.25329,49.337582,1777 6.272268,49.362133,1849 6.289963,49.387268,1817 6.309578,49.411373,1798 6.329175,49.434979,1738 6.347704,49.457867,1751 6.364507,49.4813,1738 6.381313,49.504372,1743 6.39745,49.527882,1756 6.413943,49.550804,1741 6.429577,49.57428,1735 6.445357,49.597485,1755 6.461342,49.620617,1770 6.477097,49.644001,1779 6.492717,49.66692,1805 6.507848,49.689888,1810 6.521405,49.712647,1811 6.53367,49.735382,1788 6.543748,49.759045,1801 6.55386,49.783016,1832 6.564428,49.806412,1831 6.573148,49.830822,1828 6.581565,49.854721,1829 6.59042,49.877457,1834 6.598895,49.900059,1815 6.606212,49.923275,1789 6.612423,49.946823,1784 6.619192,49.968407,1820 6.627073,49.989674,1805 6.633365,50.010777,1849 6.639003,50.032185,1841 6.642903,50.053219,1908 6.647395,50.073288,1799 6.65312,50.093609,1814 6.659362,50.114349,1824 6.665495,50.13446,1833 6.674113,50.153797,1855 6.685825,50.170452,1841 6.698655,50.186806,1826 6.71284,50.203682,1840 6.726962,50.220715,1824 6.739637,50.238293,1835 6.7524,50.256241,1817 6.764972,50.274021,1837 6.77763,50.291782,1826 6.78953,50.308411,1841 6.800735,50.325634,1856 6.811392,50.34156,1855 6.82011,50.359543,1832 6.827595,50.379108,1835 6.835883,50.39703,1829 6.845449,50.415958,1797 6.855327,50.434864,1806 6.866192,50.454346,1784 6.888512,50.490971,1781 6.905668,50.5313,1643 6.940512,50.589745,1638 6.959523,50.625828,1597 6.97113,50.642685,1631 6.982167,50.659813,1638 6.992165,50.677425,1672 7.002825,50.695591,1686 7.015187,50.71484,1697 7.02872,50.733791,1704 7.042537,50.752655,1710 7.055528,50.77195,1741 7.06851,50.790569,1774 7.081282,50.808975,1780 7.09295,50.826824,1807 7.105408,50.843514,1828 7.119019,50.859474,1828 7.133108,50.876793,1825 7.146353,50.893898,1841 7.160793,50.910584,1854 7.175252,50.927952,1898 7.189925,50.945667,1876 7.203285,50.963631,1864 7.216475,50.98214,1845 7.229227,51.00016,1858 7.242106,51.016987,1869 7.25653,51.033596,1870 7.26964,51.051243,1854 7.282474,51.070137,1850 7.295637,51.088993,1877 7.30874,51.107533,1894 7.32191,51.126034,1879 7.335022,51.144405,1844 7.347042,51.162766,1842 7.357852,51.181084,1836 7.36673,51.201122,1818 7.375138,51.222225,1801 7.38643,51.243988,1810 7.397255,51.266258,1779 7.406123,51.287697,1713 7.41555,51.308167,1727 7.42598,51.3293,1730 7.435134,51.351646,1751 7.445473,51.373055,1761 7.4528,51.395138,1757 7.459902,51.417671,1876 7.464123,51.440987,1761 7.468585,51.462883,1795 7.474538,51.485195,1808 7.483382,51.50798,1834 7.491917,51.529633,1829 7.502353,51.549885,1817 7.514387,51.570278,1816 7.527022,51.590828,1782 7.54095,51.610851,1807 7.553824,51.63126,1813 7.566205,51.651516,1811 7.579333,51.672443,1798 7.593048,51.69231,1791 7.605092,51.713768,1802 7.616512,51.736,1787 7.628178,51.757958,1782 7.63933,51.780491,1780 7.647962,51.802773,1754 7.655561,51.82415,1725 7.663602,51.846169,1697 7.669305,51.868515,1693 7.664677,51.887734,1553 7.658417,51.904762,1315 7.64875,51.921425,1086 7.63781,51.939098,867 7.625942,51.955067,581 7.615943,51.963444,98 7.615615,51.963551,49 7.61476,51.963604,50 7.61476,51.963604,50 7.614707,51.963646,55 7.614707,51.963646,55 7.614707,51.963646,55 7.614707,51.963646,55 7.614635,51.963627,61 7.614635,51.963627,61 7.614635,51.963627,61 7.614635,51.963627,61 7.614635,51.963627,61 7.614635,51.963627,61 7.614635,51.963627,61 7.614635,51.963627,61 7.614727,51.963558,70 7.614727,51.963558,70 7.614727,51.963558,70 7.614729,51.963554,70 7.614823,51.963425,61 7.614823,51.963425,61 7.614823,51.963425,61 7.614823,51.963425,61 7.614823,51.963425,61 7.614739,51.963444,61 7.614739,51.963444,61 7.614739,51.963444,61 7.614739,51.963444,61 7.614739,51.963444,61 7.614739,51.963444,61 7.614739,51.963444,61 7.614667,51.96352,64 7.614667,51.96352,64 7.614667,51.96352,64 7.614667,51.96352,64 7.614667,51.96352,64 7.614667,51.96352,64 7.614667,51.96352,64 7.614667,51.96352,64 7.614667,51.96352,64 7.614667,51.96352,64 7.614667,51.96352,64 7.614667,51.96352,64 7.614667,51.96352,64 7.614667,51.96352,64 7.614667,51.96352,64 7.614667,51.96352,64 7.614667,51.96352,64 7.614667,51.96352,64 7.614667,51.96352,64 7.614667,51.96352,64 7.614667,51.96352,64 7.614667,51.96352,64 7.614667,51.96352,64 7.614667,51.96352,64 7.613888,51.963371,71 7.613759,51.963463,86 7.613625,51.963448,66 7.613689,51.963478,79 7.613793,51.96339,69 7.613613,51.96344,69 7.61405,51.963539,71 7.614142,51.963348,70 7.613962,51.963493,70 7.613982,51.963593,69 7.614012,51.963467,68 7.613952,51.963577,68 7.613995,51.963524,68 7.613993,51.963585,68 7.6141,51.963501,67 7.61399,51.963551,69 7.613914,51.963471,59 7.614025,51.963558,70 7.61401,51.963547,67 7.613914,51.963493,64 7.613905,51.963566,72 7.614168,51.963558,73 7.614017,51.963558,72 7.613973,51.963574,72 7.613955,51.963566,72 7.613935,51.963574,75 7.614073,51.963497,75 7.613988,51.963566,75 7.613978,51.963551,73 7.613958,51.963532,71 7.614082,51.963547,69 7.613988,51.963547,66 7.614013,51.963528,74 7.614053,51.963554,78 7.613965,51.96352,77 7.614027,51.963543,75 7.614067,51.963535,80 7.614069,51.963566,73 7.613988,51.96357,78 7.614162,51.963547,77 7.61415,51.963612,79 7.61403,51.963574,73 7.614077,51.963486,73 7.61403,51.963524,68 7.614018,51.963547,73 7.614047,51.96352,71 7.614027,51.963562,62 7.614027,51.963562,62 7.613987,51.963482,61 </coordinates>
			</LineString>
		</Placemark>
<Placemark>
			<name>ALTITUDE</name>
			<styleUrl>#msn_ylw-pushpin</styleUrl>
			<LineString>
				<extrude>1</extrude>
				<tessellate>1</tessellate>
				<altitudeMode>absolute</altitudeMode>
				<coordinates>2.416395,48.775383,29 -8.676652,37.147358,59 -8.676652,37.147358,59 -8.67658,37.147411,59 -8.676615,37.147411,57 -8.676655,37.147381,51 -8.676677,37.147419,57 -8.676688,37.147335,53 -8.676697,37.147404,57 -8.676637,37.14745,60 -8.676685,37.147499,69 -8.676685,37.147499,69 -8.676737,37.147438,69 -8.676548,37.14756,72 -8.676683,37.147472,78 -8.676683,37.147472,78 -8.676663,37.14748,79 -8.676712,37.147469,83 -8.676728,37.147442,80 -8.676724,37.147453,77 -8.676708,37.14743,72 -8.676697,37.14743,68 -8.676688,37.147427,69 -8.676697,37.147434,68 -8.676659,37.147453,66 -8.676668,37.147461,66 -8.676685,37.147453,70 -8.676677,37.147476,67 -8.676679,37.147453,66 -8.67668,37.147457,61 -8.676657,37.147461,60 -8.67668,37.147442,68 -8.67668,37.147442,68 -8.676663,37.147469,69 -8.676688,37.147434,67 -8.676659,37.147453,68 -8.67668,37.147434,67 -8.676708,37.147469,63 -8.676659,37.147484,57 -8.676659,37.147484,57 -8.6767,37.147442,56 -8.676657,37.147453,57 -8.676655,37.147476,58 -8.676655,37.147476,58 -8.675397,37.146549,119 -8.672882,37.145542,171 -8.670947,37.14439,250 -8.669039,37.1437,377 -8.667372,37.143559,460 -8.666893,37.143833,544 -8.667045,37.144432,639 -8.667762,37.145588,743 -8.668047,37.147556,850 -8.66813,37.150028,956 -8.668087,37.15295,1051 -8.667662,37.155499,1147 -8.666968,37.158253,1247 -8.6659,37.160866,1356 -8.665216,37.16378,1466 -8.664719,37.166184,1513 -8.664225,37.168491,1522 -8.663775,37.170673,1535 -8.663455,37.172737,1551 -8.66333,37.174767,1573 -8.663395,37.176807,1601 -8.663493,37.178936,1627 -8.663439,37.181137,1660 -8.66335,37.183456,1689 -8.66329,37.185837,1714 -8.66328,37.188206,1736 -8.663225,37.190533,1754 -8.663178,37.192814,1775 -8.66313,37.195072,1796 -8.663083,37.197296,1817 -8.663062,37.199459,1832 -8.663098,37.201599,1841 -8.663177,37.203732,1844 -8.66328,37.205872,1840 -8.663365,37.208061,1832 -8.66344,37.2103,1821 -8.663484,37.212593,1811 -8.663491,37.214932,1801 -8.6635,37.217281,1793 -8.663504,37.219639,1789 -8.663504,37.221981,1789 -8.663538,37.224289,1794 -8.663593,37.226543,1803 -8.663722,37.228775,1816 -8.663888,37.230976,1828 -8.664106,37.233158,1840 -8.664403,37.235313,1854 -8.664772,37.237438,1868 -8.665234,37.239571,1885 -8.665825,37.241734,1901 -8.666552,37.243931,1908 -8.667354,37.246182,1904 -8.668108,37.248505,1890 -8.668845,37.250847,1872 -8.669519,37.253265,1855 -8.670085,37.255692,1839 -8.670595,37.258171,1827 -8.67104,37.260635,1818 -8.671552,37.263039,1812 -8.672096,37.265511,1801 -8.672584,37.267963,1795 -8.67298,37.270519,1788 -8.67334,37.273026,1783 -8.673741,37.275551,1778 -8.674147,37.278133,1772 -8.674505,37.280777,1754 -8.674778,37.28352,1737 -8.675036,37.286194,1724 -8.675253,37.289017,1689 -8.67553,37.291943,1659 -8.67577,37.294922,1633 -8.675917,37.297882,1609 -8.675986,37.300808,1588 -8.676073,37.303738,1571 -8.676145,37.306664,1554 -8.676247,37.309502,1531 -8.676367,37.312294,1527 -8.676474,37.315102,1562 -8.676517,37.318001,1621 -8.676539,37.321007,1667 -8.676605,37.324059,1693 -8.676692,37.327118,1703 -8.676755,37.330132,1705 -8.676848,37.333065,1705 -8.67691,37.335922,1703 -8.676987,37.338741,1702 -8.677075,37.341511,1692 -8.677234,37.344215,1676 -8.67743,37.346829,1652 -8.677702,37.349388,1622 -8.677955,37.351929,1604 -8.6782,37.354477,1604 -8.67851,37.357086,1631 -8.678652,37.359707,1702 -8.679009,37.362637,1815 -8.679459,37.365212,1964 -8.6805,37.367226,2116 -8.68168,37.368847,2268 -8.683052,37.370647,2410 -8.684314,37.372383,2555 -8.685665,37.373982,2685 -8.686757,37.375526,2815 -8.68738,37.377686,2951 -8.687718,37.378475,3089 -8.690962,37.37775,3386 -8.692449,37.379444,3544 -8.694602,37.380768,3659 -8.696861,37.381672,3771 -8.698852,37.383801,3859 -8.70033,37.385922,3927 -8.701757,37.388069,3925 -8.703109,37.390228,3916 -8.704538,37.39241,3924 -8.706072,37.394623,3938 -8.707711,37.396912,3945 -8.709402,37.399246,3942 -8.711066,37.401585,3940 -8.71265,37.403931,3943 -8.714185,37.406223,3933 -8.715663,37.408413,3913 -8.716958,37.410614,3882 -8.718271,37.412891,3874 -8.719875,37.41526,3906 -8.721891,37.417877,3970 -8.723745,37.420418,4049 -8.72516,37.42273,4130 -8.726225,37.424717,4203 -8.727081,37.426666,4275 -8.727986,37.428593,4337 -8.728602,37.430161,4406 -8.728336,37.431675,4478 -8.727832,37.433434,4548 -8.72684,37.435265,4630 -8.725377,37.437153,4722 -8.723492,37.439453,4785 -8.721613,37.441807,4791 -8.719782,37.444145,4785 -8.718012,37.446419,4773 -8.716162,37.448704,4766 -8.714335,37.450974,4755 -8.712428,37.453053,4736 -8.710515,37.455055,4715 -8.708767,37.457008,4694 -8.70713,37.459003,4664 -8.70557,37.461018,4628 -8.704139,37.46307,4602 -8.702895,37.46526,4585 -8.702022,37.467564,4569 -8.701288,37.469688,4553 -8.700493,37.47171,4529 -8.699665,37.473694,4516 -8.698876,37.475559,4499 -8.698142,37.477249,4474 -8.69772,37.47876,4438 -8.697607,37.480305,4418 -8.697668,37.481918,4415 -8.698555,37.489994,4350 -8.698546,37.491741,4314 -8.698535,37.49366,4273 -8.698553,37.495823,4241 -8.698628,37.4982,4223 -8.6987,37.500732,4228 -8.69878,37.503365,4233 -8.698875,37.506088,4225 -8.69895,37.508904,4206 -8.699003,37.511787,4186 -8.699032,37.514668,4177 -8.699,37.517536,4182 -8.698912,37.520393,4189 -8.698747,37.523216,4183 -8.698519,37.526032,4174 -8.698367,37.528946,4174 -8.698335,37.531979,4176 -8.698357,37.535072,4182 -8.698374,37.538139,4180 -8.698287,37.541157,4167 -8.698115,37.544128,4179 -8.697897,37.546982,4232 -8.697313,37.549278,4283 -8.696625,37.551273,4315 -8.695945,37.553082,4360 -8.695202,37.554592,4415 -8.694072,37.555897,4478 -8.692582,37.557312,4551 -8.68294,37.56633,4936 -8.678659,37.569996,5062 -8.673483,37.573933,5182 -8.668682,37.5774,5283 -8.663595,37.580807,5314 -8.658432,37.584213,5307 -8.653323,37.587647,5293 -8.648193,37.591164,5279 -8.643002,37.594639,5267 -8.637888,37.598068,5258 -8.63284,37.601555,5241 -8.612608,37.616585,5128 -8.607638,37.620297,5096 -8.602805,37.624088,5057 -8.598178,37.627918,5028 -8.593892,37.63171,5008 -8.590075,37.635372,4987 -8.58664,37.638714,4958 -8.583154,37.641571,4923 -8.579748,37.644341,4893 -8.576593,37.646988,4859 -8.573882,37.649559,4829 -8.571551,37.652103,4812 -8.569428,37.654388,4792 -8.563276,37.659992,4690 -8.56155,37.661549,4647 -8.560088,37.662911,4622 -8.556637,37.665909,4541 -8.551402,37.675938,4392 -8.550716,37.708019,4272 -8.554493,37.722408,4272 -8.554465,37.739189,4324 -8.553476,37.756439,4488 -8.549704,37.77095,4427 -8.548092,37.786907,4467 -8.540194,37.79974,4652 -8.528245,37.81493,4822 -8.512022,37.831017,4893 -8.496424,37.847263,4901 -8.44006,37.90271,5081 -8.42034,37.923397,5039 -8.401238,37.946072,5023 -8.382524,37.969437,4980 -8.364257,37.992809,4981 -8.34722,38.015656,4934 -8.330281,38.038071,4959 -8.313202,38.06081,4997 -8.2957,38.08392,4949 -8.277442,38.106186,4959 -8.25902,38.128418,4951 -8.241252,38.149075,4929 -8.223385,38.1693,4932 -8.206694,38.187786,4879 -8.190064,38.206242,4914 -8.173119,38.225445,4863 -8.156339,38.245258,4855 -8.139657,38.264767,4830 -8.123299,38.284744,4727 -8.107123,38.303471,4673 -8.091173,38.318535,4656 -8.075771,38.334637,4702 -8.060403,38.351055,4660 -8.045887,38.366379,4560 -8.030613,38.38192,4619 -8.015188,38.398781,4595 -8.000127,38.416424,4648 -7.984947,38.434998,4665 -7.968967,38.455013,4667 -7.953767,38.476082,4683 -7.93968,38.497837,4705 -7.92538,38.520775,4733 -7.910838,38.543373,4700 -7.89664,38.565388,4686 -7.881969,38.585949,4670 -7.865905,38.605862,4648 -7.849655,38.625259,4601 -7.832843,38.643681,4557 -7.816407,38.659561,4454 -7.798789,38.674751,4288 -7.781362,38.688408,4136 -7.768985,38.698849,4046 -7.760752,38.706463,3916 -7.755794,38.711506,3836 -7.741415,38.726543,4130 -7.727383,38.738796,4180 -7.711667,38.750992,4324 -7.692982,38.763424,4497 -7.671373,38.778282,4653 -7.651858,38.794132,4781 -7.634332,38.809189,4910 -7.613773,38.826374,4968 -7.592864,38.845295,5083 -7.569332,38.865925,5139 -7.545559,38.886665,5154 -7.520985,38.907017,5143 -7.495359,38.926605,5104 -7.469934,38.945797,5065 -7.442968,38.964691,4976 -7.416122,38.98423,4934 -7.391315,39.003723,4989 -7.367703,39.023056,5080 -7.34511,39.041359,5218 -7.323107,39.059303,5139 -7.301138,39.078404,5013 -7.279215,39.098358,5085 -7.257672,39.118847,5145 -7.236784,39.140091,5151 -7.214882,39.160408,5196 -7.19132,39.180618,5193 -7.16595,39.202686,5217 -7.141377,39.227707,5167 -7.116457,39.254688,5269 -7.090867,39.281212,5254 -7.065814,39.307171,5255 -7.041091,39.332912,5249 -7.015725,39.359551,5162 -6.98908,39.384766,5251 -6.96072,39.41042,5099 -6.931958,39.434769,5107 -6.904634,39.459446,5159 -6.87818,39.484432,5139 -6.850864,39.508293,5278 -6.823583,39.533093,5220 -6.796999,39.559063,5306 -6.770482,39.584663,5195 -6.741028,39.610088,5260 -6.711719,39.636089,5290 -6.682913,39.662842,5152 -6.654298,39.690964,5174 -6.625329,39.721191,5202 -6.595622,39.751358,5260 -6.566154,39.781689,5222 -6.538327,39.812489,5222 -6.511783,39.84296,5204 -6.48408,39.873364,5233 -6.455998,39.904072,5123 -6.428488,39.934662,5170 -6.4024,39.964142,5130 -6.376887,39.993458,5090 -6.350578,40.022831,5052 -6.32153,40.051605,4868 -6.295507,40.073502,5016 -6.266467,40.097267,5104 -6.236219,40.126793,4981 -6.207658,40.151142,5006 -6.179605,40.173321,4895 -6.148225,40.199883,5057 -6.120648,40.22398,4886 -6.09577,40.249081,4889 -6.074735,40.268528,4940 -6.049318,40.290344,4736 -6.024657,40.316719,4698 -6.002785,40.342579,4818 -5.975787,40.369297,4672 -5.950875,40.392288,4607 -5.93081,40.410294,4550 -5.915902,40.42432,4281 -5.907784,40.440193,4235 -5.90167,40.455299,4090 -5.894503,40.469395,4010 -5.883616,40.486542,4104 -5.872807,40.505028,3960 -5.862082,40.52248,4212 -5.848568,40.54195,4135 -5.835908,40.562203,4092 -5.820795,40.585205,4224 -5.806088,40.606361,4196 -5.78837,40.626144,4256 -5.770888,40.646393,4449 -5.7546,40.665417,4269 -5.736808,40.682926,4425 -5.716973,40.702278,4463 -5.697947,40.720997,4318 -5.682402,40.737568,4369 -5.66659,40.755005,4441 -5.65076,40.771549,4246 -5.636445,40.788525,4261 -5.596119,40.837936,4271 -5.595038,40.839081,4276 -5.582072,40.852726,4251 -5.565,40.868744,4328 -5.550042,40.883846,4151 -5.53851,40.896462,4125 -5.52487,40.910561,4100 -5.511852,40.924332,4139 -5.495739,40.941185,4373 -5.476457,40.959667,4401 -5.45667,40.977409,4295 -5.440397,40.994064,4100 -5.423962,41.008869,3905 -5.405803,41.024761,3915 -5.38737,41.041031,3750 -5.368058,41.056335,3744 -5.349703,41.070236,3760 -5.3283,41.089363,3853 -5.307583,41.106762,4058 -5.285033,41.126045,4237 -5.263247,41.146526,4223 -5.222282,41.189522,4268 -5.20345,41.214073,4218 -5.182745,41.240612,4269 -5.160452,41.266857,4300 -5.160452,41.266857,4300 -5.138697,41.292278,4269 -5.093967,41.347778,4172 -5.074103,41.377918,4339 -5.053758,41.408447,4236 -5.031102,41.439571,4275 -5.008655,41.472343,4249 -4.988958,41.506786,4180 -4.972808,41.537731,4255 -4.956137,41.569035,4131 -4.940457,41.596649,4121 -4.926675,41.621868,3917 -4.911457,41.645596,3961 -4.895342,41.668854,3939 -4.882618,41.690426,4055 -4.864225,41.720997,4236 -4.844942,41.752373,4059 -4.82813,41.78233,4187 -4.809203,41.816231,4039 -4.793723,41.843582,4126 -4.778037,41.865212,4172 -4.76274,41.891533,4009 -4.754257,41.906509,3841 -4.742235,41.920029,3746 -4.729641,41.93388,3519 -4.71589,41.950127,3329 -4.702975,41.968514,3599 -4.688902,41.984737,4051 -4.674852,41.999821,3620 -4.659,42.016121,3643 -4.641897,42.035988,3863 -4.627968,42.05547,3519 -4.611072,42.071587,3421 -4.586745,42.086895,3171 -4.522225,42.124767,2668 -4.46445,42.159046,2510 -4.437853,42.178532,3001 -4.414118,42.200455,2947 -4.390177,42.224217,2938 -4.364478,42.247719,2922 -4.336097,42.272015,2953 -4.310433,42.295662,2749 -4.285739,42.323708,2906 -4.251472,42.352406,2812 -4.213274,42.376495,2869 -4.178213,42.401741,2871 -4.137078,42.427609,2882 -4.098363,42.453285,2777 -4.058784,42.478916,2857 -4.019445,42.504784,2732 -3.978613,42.529781,2503 -3.937677,42.555565,2694 -3.894798,42.579563,2633 -3.851345,42.602608,2549 -3.765823,42.647808,2442 -3.722872,42.669579,2438 -3.680845,42.691341,2085 -3.636,42.709904,2324 -3.588628,42.72649,2139 -3.542585,42.742352,2353 -3.500505,42.759148,2170 -3.459345,42.781891,2399 -3.418887,42.806976,2349 -3.377607,42.829102,2436 -3.336027,42.853394,2348 -3.29543,42.877548,2320 -3.252107,42.900379,2276 -3.211515,42.925282,2261 -3.173133,42.947289,2207 -3.138417,42.973572,2151 -3.102155,42.998066,2063 -3.065083,43.025608,2106 -3.026947,43.054024,2132 -2.988495,43.083065,2121 -2.950663,43.112137,2158 -2.913055,43.140923,2115 -2.876743,43.16853,2135 -2.842352,43.196243,2013 -2.809538,43.223503,2070 -2.777522,43.251144,2083 -2.745478,43.279404,1928 -2.713147,43.307186,1935 -2.680858,43.334663,1865 -2.6485,43.361401,1844 -2.616147,43.386959,1787 -2.583842,43.412361,1830 -2.551698,43.436943,1830 -2.51949,43.461033,1737 -2.488308,43.484898,1781 -2.456735,43.509235,1772 -2.424657,43.532993,1770 -2.392398,43.555855,1762 -2.359512,43.577438,1682 -2.326748,43.597691,1661 -2.26283,43.636128,1590 -2.228343,43.652473,1514 -2.191038,43.66745,1411 -2.153742,43.679493,1350 -2.117983,43.690182,1320 -2.083015,43.700352,1302 -2.047922,43.710842,1266 -2.012277,43.721924,1262 -1.976448,43.732689,1250 -1.941572,43.742981,1223 -1.908558,43.752522,1186 -1.875947,43.762962,1144 -1.843658,43.775513,1101 -1.81298,43.789082,1079 -1.783515,43.802952,1047 -1.75456,43.816322,993 -1.725508,43.831932,956 -1.697743,43.849396,941 -1.672968,43.86887,918 -1.6509,43.889114,930 -1.632325,43.908665,892 -1.615278,43.925995,826 -1.599238,43.941582,723 -1.583838,43.955998,682 -1.571252,43.970493,582 -1.560752,43.98518,559 -1.550118,44.000389,528 -1.53926,44.016007,519 -1.52899,44.031872,498 -1.519415,44.047688,441 -1.510498,44.062893,437 -1.50138,44.077679,453 -1.49238,44.091545,410 -1.483367,44.104519,445 -1.474213,44.117466,434 -1.465202,44.130444,429 -1.455597,44.142601,403 -1.445693,44.15395,427 -1.42471,44.176342,458 -1.41421,44.187923,432 -1.404302,44.198959,445 -1.392827,44.210316,501 -1.3812,44.222008,456 -1.369573,44.233727,498 -1.357562,44.245747,545 -1.344197,44.257557,589 -1.329967,44.270313,651 -1.314562,44.284023,708 -1.29962,44.297875,653 -1.283958,44.311451,632 -1.267425,44.325165,617 -1.249543,44.339409,612 -1.230623,44.353294,624 -1.211148,44.367611,630 -1.192085,44.382519,649 -1.172595,44.396523,616 -1.153513,44.409729,593 -1.133953,44.422958,603 -1.113822,44.436642,616 -1.092905,44.449913,587 -1.071762,44.463837,619 -1.050815,44.47633,412 -1.029475,44.48819,484 -1.00675,44.499931,419 -0.980707,44.510426,403 -0.955112,44.521248,441 -0.931338,44.532776,502 -0.906697,44.543797,432 -0.879435,44.554054,432 -0.8526,44.564602,445 -0.826288,44.575558,470 -0.798463,44.586426,472 -0.770392,44.597443,483 -0.742558,44.608727,500 -0.715887,44.621273,553 -0.689113,44.634579,535 -0.661555,44.648075,579 -0.633178,44.66272,603 -0.60462,44.677155,607 -0.575712,44.692074,617 -0.546468,44.706646,596 -0.517088,44.720879,637 -0.48542,44.733807,494 -0.451763,44.747524,535 -0.41876,44.762638,553 -0.384605,44.778683,557 -0.351247,44.796257,595 -0.317628,44.814003,591 -0.283848,44.831688,626 -0.250252,44.848362,619 -0.217238,44.864945,633 -0.18445,44.881035,618 -0.147482,44.896912,557 -0.109163,44.913189,532 -0.06907,44.928318,417 -0.028102,44.944382,465 0.013463,44.961453,381 0.049358,44.978233,368 0.087962,44.995132,408 0.131233,45.013546,435 0.177375,45.033344,389 0.216442,45.054039,385 0.25498,45.076481,322 0.29039,45.100014,340 0.32817,45.120792,380 0.369382,45.141281,432 0.414145,45.164269,460 0.459868,45.188583,579 0.502352,45.211418,478 0.543597,45.234345,554 0.58746,45.258843,564 0.62879,45.281941,528 0.670842,45.305508,549 0.70623,45.327107,560 0.746,45.351074,659 0.789343,45.37653,750 0.828962,45.402241,831 0.861562,45.425568,896 0.891445,45.447804,922 0.921155,45.471272,913 0.949737,45.494148,921 0.979137,45.517284,984 1.008915,45.541954,914 1.040943,45.566822,872 1.071685,45.593193,1037 1.096702,45.619442,985 1.119255,45.647148,1132 1.139098,45.672684,1225 1.158098,45.697762,1298 1.173447,45.722172,1364 1.189485,45.746361,1452 1.208682,45.773132,1447 1.22756,45.798798,1455 1.24617,45.821468,1449 1.266123,45.843628,1440 1.28463,45.866783,1444 1.302352,45.890564,1386 1.320905,45.913864,1386 1.338045,45.936276,1465 1.355797,45.958725,1285 1.37857,45.980644,1330 1.401338,46.003933,1278 1.426677,46.028107,1252 1.453192,46.052998,1370 1.477537,46.075157,1357 1.502662,46.096321,1361 1.528827,46.116703,1325 1.554698,46.136372,1312 1.58106,46.155842,1279 1.60812,46.175018,1337 1.634643,46.193245,1271 1.660877,46.211651,1278 1.686523,46.231113,1290 1.713023,46.250168,1280 1.740728,46.268028,1315 1.766428,46.284988,1296 1.790028,46.300598,1293 1.814993,46.314896,1272 1.840303,46.329445,1289 1.866702,46.343655,1308 1.892688,46.357037,1286 1.919753,46.370869,1238 1.948938,46.383095,1238 1.977888,46.396511,1232 2.00418,46.411808,1216 2.02997,46.428116,1248 2.053352,46.445332,1229 2.073638,46.462235,1213 2.093867,46.477585,1235 2.114232,46.492085,1207 2.128387,46.512611,1111 2.14235,46.532879,1159 2.156643,46.552235,1186 2.17319,46.569466,1205 2.188067,46.587536,1217 2.202625,46.605644,1252 2.218032,46.62381,1205 2.232038,46.64288,1230 2.246565,46.660626,1218 2.261327,46.677712,1290 2.276758,46.693668,1221 2.29226,46.708206,1255 2.328905,46.737675,1294 2.344187,46.753479,1232 2.358073,46.769867,1240 2.3758,46.791115,976 2.377653,46.793366,943 2.384502,46.800983,886 2.401147,46.816898,923 2.418468,46.833397,1142 2.43696,46.850399,1274 2.454725,46.866898,1258 2.471013,46.881653,1293 2.487493,46.895802,1320 2.50563,46.910088,1322 2.526773,46.923668,1291 2.551147,46.937653,1312 2.576143,46.951263,1299 2.601252,46.964996,1316 2.627825,46.97945,1287 2.655115,46.993832,1300 2.683882,47.009033,1314 2.713968,47.023884,1314 2.744983,47.03569,1255 2.776688,47.047524,1303 2.807465,47.060364,1262 2.839547,47.074219,1329 2.871592,47.087471,1367 2.902628,47.100712,1334 2.934527,47.114136,1414 2.967603,47.129051,1405 3.000302,47.143414,1348 3.033607,47.157108,1307 3.069732,47.172165,1385 3.106985,47.187023,1390 3.143228,47.201988,1373 3.177827,47.216213,1310 3.212973,47.231873,1328 3.24873,47.247833,1347 3.284822,47.264542,1359 3.320643,47.281056,1300 3.357905,47.298134,1267 3.394302,47.315281,1287 3.429167,47.331848,1400 3.465307,47.35117,1440 3.501203,47.369022,1397 3.538692,47.386932,1435 3.575907,47.405308,1449 3.610453,47.423416,1489 3.64409,47.442162,1461 3.677377,47.462132,1450 3.711207,47.480393,1542 3.746063,47.49741,1635 3.780435,47.514225,1650 3.812785,47.531971,1634 3.845598,47.548328,1647 3.881298,47.564796,1685 3.914905,47.581505,1638 3.948572,47.598015,1635 3.983297,47.614529,1607 4.017644,47.631813,1686 4.052023,47.648773,1652 4.085104,47.666412,1734 4.117692,47.684628,1681 4.150048,47.703503,1770 4.183398,47.721581,1763 4.215219,47.740543,1745 4.246825,47.760044,1761 4.278195,47.778938,1745 4.311625,47.797966,1750 4.344813,47.817177,1840 4.377574,47.835888,1754 4.410667,47.855839,1774 4.444587,47.873867,1770 4.479762,47.893024,1755 4.51569,47.913265,1749 4.550862,47.933636,1761 4.58561,47.95396,1774 4.619982,47.975723,1743 4.655065,47.99617,1796 4.688388,48.016048,1804 4.722375,48.036877,1761 4.755803,48.058849,1747 4.787075,48.081066,1792 4.819674,48.103886,1824 4.850823,48.12579,1815 4.882623,48.148258,1778 4.913587,48.170364,1846 4.942872,48.191807,1827 4.972912,48.213051,1811 5.003402,48.234402,1756 5.034515,48.255905,1814 5.064895,48.277847,1780 5.095165,48.299198,1786 5.126618,48.320496,1795 5.157347,48.342159,1825 5.186655,48.364636,1848 5.214859,48.38575,1809 5.242507,48.40823,1841 5.270973,48.430309,1830 5.299829,48.453232,1837 5.328032,48.474327,1818 5.35497,48.496075,1836 5.383652,48.517956,1823 5.409557,48.539677,1820 5.433852,48.561989,1810 5.45705,48.584374,1819 5.482542,48.605419,1809 5.50903,48.625923,1802 5.534202,48.64772,1776 5.558243,48.670834,1807 5.581268,48.69318,1795 5.604283,48.715771,1782 5.627964,48.738953,1778 5.652194,48.761185,1788 5.676935,48.782929,1770 5.702207,48.805172,1824 5.727215,48.827137,1799 5.75223,48.849205,1795 5.77704,48.871441,1793 5.801523,48.895676,1765 5.82562,48.920364,1764 5.848098,48.945355,1771 5.8694,48.971016,1737 5.892327,48.996925,1702 5.916928,49.021622,1678 5.940037,49.044178,1666 5.96236,49.065823,1634 5.985445,49.086884,1573 6.007782,49.108479,1561 6.028952,49.12965,1582 6.050218,49.150879,1623 6.071658,49.172085,1647 6.09348,49.193634,1650 6.117057,49.214363,1676 6.14111,49.233704,1605 6.163744,49.253239,1581 6.186827,49.272785,1627 6.20948,49.292721,1676 6.231753,49.313599,1709 6.25329,49.337582,1777 6.272268,49.362133,1849 6.289963,49.387268,1817 6.309578,49.411373,1798 6.329175,49.434979,1738 6.347704,49.457867,1751 6.364507,49.4813,1738 6.381313,49.504372,1743 6.39745,49.527882,1756 6.413943,49.550804,1741 6.429577,49.57428,1735 6.445357,49.597485,1755 6.461342,49.620617,1770 6.477097,49.644001,1779 6.492717,49.66692,1805 6.507848,49.689888,1810 6.521405,49.712647,1811 6.53367,49.735382,1788 6.543748,49.759045,1801 6.55386,49.783016,1832 6.564428,49.806412,1831 6.573148,49.830822,1828 6.581565,49.854721,1829 6.59042,49.877457,1834 6.598895,49.900059,1815 6.606212,49.923275,1789 6.612423,49.946823,1784 6.619192,49.968407,1820 6.627073,49.989674,1805 6.633365,50.010777,1849 6.639003,50.032185,1841 6.642903,50.053219,1908 6.647395,50.073288,1799 6.65312,50.093609,1814 6.659362,50.114349,1824 6.665495,50.13446,1833 6.674113,50.153797,1855 6.685825,50.170452,1841 6.698655,50.186806,1826 6.71284,50.203682,1840 6.726962,50.220715,1824 6.739637,50.238293,1835 6.7524,50.256241,1817 6.764972,50.274021,1837 6.77763,50.291782,1826 6.78953,50.308411,1841 6.800735,50.325634,1856 6.811392,50.34156,1855 6.82011,50.359543,1832 6.827595,50.379108,1835 6.835883,50.39703,1829 6.845449,50.415958,1797 6.855327,50.434864,1806 6.866192,50.454346,1784 6.888512,50.490971,1781 6.905668,50.5313,1643 6.940512,50.589745,1638 6.959523,50.625828,1597 6.97113,50.642685,1631 6.982167,50.659813,1638 6.992165,50.677425,1672 7.002825,50.695591,1686 7.015187,50.71484,1697 7.02872,50.733791,1704 7.042537,50.752655,1710 7.055528,50.77195,1741 7.06851,50.790569,1774 7.081282,50.808975,1780 7.09295,50.826824,1807 7.105408,50.843514,1828 7.119019,50.859474,1828 7.133108,50.876793,1825 7.146353,50.893898,1841 7.160793,50.910584,1854 7.175252,50.927952,1898 7.189925,50.945667,1876 7.203285,50.963631,1864 7.216475,50.98214,1845 7.229227,51.00016,1858 7.242106,51.016987,1869 7.25653,51.033596,1870 7.26964,51.051243,1854 7.282474,51.070137,1850 7.295637,51.088993,1877 7.30874,51.107533,1894 7.32191,51.126034,1879 7.335022,51.144405,1844 7.347042,51.162766,1842 7.357852,51.181084,1836 7.36673,51.201122,1818 7.375138,51.222225,1801 7.38643,51.243988,1810 7.397255,51.266258,1779 7.406123,51.287697,1713 7.41555,51.308167,1727 7.42598,51.3293,1730 7.435134,51.351646,1751 7.445473,51.373055,1761 7.4528,51.395138,1757 7.459902,51.417671,1876 7.464123,51.440987,1761 7.468585,51.462883,1795 7.474538,51.485195,1808 7.483382,51.50798,1834 7.491917,51.529633,1829 7.502353,51.549885,1817 7.514387,51.570278,1816 7.527022,51.590828,1782 7.54095,51.610851,1807 7.553824,51.63126,1813 7.566205,51.651516,1811 7.579333,51.672443,1798 7.593048,51.69231,1791 7.605092,51.713768,1802 7.616512,51.736,1787 7.628178,51.757958,1782 7.63933,51.780491,1780 7.647962,51.802773,1754 7.655561,51.82415,1725 7.663602,51.846169,1697 7.669305,51.868515,1693 7.664677,51.887734,1553 7.658417,51.904762,1315 7.64875,51.921425,1086 7.63781,51.939098,867 7.625942,51.955067,581 7.615943,51.963444,98 7.615615,51.963551,49 7.61476,51.963604,50 7.61476,51.963604,50 7.614707,51.963646,55 7.614707,51.963646,55 7.614707,51.963646,55 7.614707,51.963646,55 7.614635,51.963627,61 7.614635,51.963627,61 7.614635,51.963627,61 7.614635,51.963627,61 7.614635,51.963627,61 7.614635,51.963627,61 7.614635,51.963627,61 7.614635,51.963627,61 7.614727,51.963558,70 7.614727,51.963558,70 7.614727,51.963558,70 7.614729,51.963554,70 7.614823,51.963425,61 7.614823,51.963425,61 7.614823,51.963425,61 7.614823,51.963425,61 7.614823,51.963425,61 7.614739,51.963444,61 7.614739,51.963444,61 7.614739,51.963444,61 7.614739,51.963444,61 7.614739,51.963444,61 7.614739,51.963444,61 7.614739,51.963444,61 7.614667,51.96352,64 7.614667,51.96352,64 7.614667,51.96352,64 7.614667,51.96352,64 7.614667,51.96352,64 7.614667,51.96352,64 7.614667,51.96352,64 7.614667,51.96352,64 7.614667,51.96352,64 7.614667,51.96352,64 7.614667,51.96352,64 7.614667,51.96352,64 7.614667,51.96352,64 7.614667,51.96352,64 7.614667,51.96352,64 7.614667,51.96352,64 7.614667,51.96352,64 7.614667,51.96352,64 7.614667,51.96352,64 7.614667,51.96352,64 7.614667,51.96352,64 7.614667,51.96352,64 7.614667,51.96352,64 7.614667,51.96352,64 7.613888,51.963371,71 7.613759,51.963463,86 7.613625,51.963448,66 7.613689,51.963478,79 7.613793,51.96339,69 7.613613,51.96344,69 7.61405,51.963539,71 7.614142,51.963348,70 7.613962,51.963493,70 7.613982,51.963593,69 7.614012,51.963467,68 7.613952,51.963577,68 7.613995,51.963524,68 7.613993,51.963585,68 7.6141,51.963501,67 7.61399,51.963551,69 7.613914,51.963471,59 7.614025,51.963558,70 7.61401,51.963547,67 7.613914,51.963493,64 7.613905,51.963566,72 7.614168,51.963558,73 7.614017,51.963558,72 7.613973,51.963574,72 7.613955,51.963566,72 7.613935,51.963574,75 7.614073,51.963497,75 7.613988,51.963566,75 7.613978,51.963551,73 7.613958,51.963532,71 7.614082,51.963547,69 7.613988,51.963547,66 7.614013,51.963528,74 7.614053,51.963554,78 7.613965,51.96352,77 7.614027,51.963543,75 7.614067,51.963535,80 7.614069,51.963566,73 7.613988,51.96357,78 7.614162,51.963547,77 7.61415,51.963612,79 7.61403,51.963574,73 7.614077,51.963486,73 7.61403,51.963524,68 7.614018,51.963547,73 7.614047,51.96352,71 7.614027,51.963562,62 7.614027,51.963562,62 7.613987,51.963482,61 </coordinates>
			</LineString>
		</Placemark>
		</Folder>
		<ScreenOverlay>
			<name>MARLINK</name>
			<visibility>1</visibility>
			<Icon>
				<href>https://follow.iritrack.com/gordon/marlink2.png</href>
			</Icon>
			<overlayXY x="0" y="1" xunits="fraction" yunits="fraction"/>
			<screenXY x="0" y="1" xunits="fraction" yunits="fraction"/>
			<rotationXY x="0" y="0" xunits="fraction" yunits="fraction"/>
			<size x="0" y="0" xunits="fraction" yunits="fraction"/>
		</ScreenOverlay>	
	</Folder>
</Document>
</kml>
